application_id,candidate_id,job_id,source_id,recruiter_id,application_date,application_status
1,29,2,1,19,2025-04-16,Rejected
2,102,19,11,1,2025-07-22,Screening
3,123,14,11,18,2025-10-30,Rejected
4,54,8,5,17,2025-06-09,Interview
5,1307,19,1,1,2025-08-29,Applied
6,1638,1,5,17,2025-06-16,Rejected
7,1141,16,3,14,2025-11-28,Hired
8,616,25,2,14,2025-01-03,Rejected
9,557,24,13,12,2025-04-26,Rejected
10,114,15,5,4,2025-09-01,Interview
11,855,20,6,16,2025-08-31,Applied
12,1567,24,2,11,2025-11-08,Applied
13,676,30,2,11,2025-10-17,Hired
14,977,5,11,6,2025-11-02,Offer
15,701,3,6,4,2025-09-16,Applied
16,1317,17,1,8,2025-06-15,Applied
17,1219,29,13,8,2025-09-26,Rejected
18,292,10,1,17,2025-04-08,Offer
19,1911,5,5,12,2025-04-13,Screening
20,261,11,2,7,2025-01-21,Interview
21,1966,6,1,4,2025-08-23,Rejected
22,1231,4,1,2,2025-08-14,Applied
23,564,7,9,13,2025-12-22,Rejected
24,49,19,5,19,2025-06-03,Applied
25,1030,7,12,11,2025-10-07,Interview
26,379,14,2,13,2025-06-04,Screening
27,1418,17,4,10,2025-09-10,Hired
28,1910,23,2,3,2025-05-03,Screening
29,224,17,2,13,2025-01-06,Rejected
30,1047,13,2,12,2025-02-05,Applied
31,1008,27,5,19,2025-11-09,Interview
32,657,1,10,17,2025-12-14,Rejected
33,110,2,1,14,2025-02-06,Applied
34,724,18,10,19,2025-01-06,Applied
35,1836,4,5,10,2025-04-07,Offer
36,553,13,1,20,2025-12-13,Screening
37,1423,1,5,20,2025-10-07,Offer
38,1196,4,1,16,2025-01-06,Interview
39,1006,2,2,8,2025-01-17,Interview
40,698,4,4,7,2025-06-17,Interview
41,726,16,2,5,2025-12-16,Rejected
42,306,4,11,9,2025-04-14,Applied
43,1588,25,4,2,2025-06-19,Offer
44,1606,9,7,11,2025-05-12,Interview
45,1732,17,6,1,2025-09-26,Applied
46,959,21,12,18,2025-01-14,Offer
47,954,23,7,13,2025-06-04,Offer
48,1175,20,15,15,2025-05-11,Rejected
49,1452,28,1,10,2025-05-09,Rejected
50,621,21,11,3,2025-04-13,Applied
51,1491,2,1,8,2025-08-06,Screening
52,630,3,15,10,2025-03-03,Offer
53,877,23,2,8,2025-03-28,Rejected
54,1631,26,4,16,2025-08-29,Interview
55,1792,29,13,1,2025-03-14,Interview
56,556,15,3,13,2025-03-29,Applied
57,1972,7,8,16,2025-09-04,Rejected
58,67,4,13,9,2025-10-24,Applied
59,1180,12,6,18,2025-11-18,Offer
60,835,1,7,15,2025-02-09,Applied
61,206,17,13,16,2025-05-04,Applied
62,786,4,1,17,2025-07-08,Interview
63,155,4,2,12,2025-09-04,Rejected
64,1715,22,11,1,2025-09-08,Rejected
65,1533,23,11,1,2025-12-31,Screening
66,1596,25,9,12,2025-05-27,Applied
67,1098,9,5,13,2025-05-06,Offer
68,1073,26,2,4,2025-08-19,Rejected
69,783,28,8,14,2025-07-07,Rejected
70,1491,28,1,6,2025-03-09,Rejected
71,585,21,3,17,2025-07-15,Screening
72,708,10,4,4,2025-08-17,Interview
73,1935,27,6,17,2025-09-21,Interview
74,179,19,8,14,2025-09-11,Rejected
75,1072,19,4,2,2025-12-20,Applied
76,1096,15,11,8,2025-08-05,Screening
77,113,22,8,16,2025-11-20,Rejected
78,757,17,14,3,2025-07-01,Interview
79,897,7,10,9,2025-03-23,Offer
80,1927,3,1,9,2025-10-14,Rejected
81,821,5,15,18,2025-07-31,Interview
82,159,16,2,11,2025-05-23,Offer
83,786,23,6,7,2025-01-20,Rejected
84,1804,7,9,15,2025-03-30,Applied
85,1840,16,4,20,2025-03-13,Offer
86,1054,9,5,2,2025-06-12,Rejected
87,1121,1,3,12,2025-12-22,Applied
88,251,3,6,1,2025-03-29,Interview
89,1543,25,3,4,2025-12-28,Screening
90,1116,8,3,11,2025-05-05,Interview
91,113,18,3,5,2025-06-30,Rejected
92,259,24,13,12,2025-11-13,Screening
93,107,24,6,2,2025-05-02,Interview
94,575,18,2,1,2025-02-07,Offer
95,1414,24,1,8,2025-11-24,Hired
96,991,19,2,6,2025-12-18,Rejected
97,1382,7,15,6,2025-04-07,Rejected
98,1807,29,4,3,2025-12-23,Applied
99,1223,25,2,4,2025-07-01,Interview
100,427,20,1,9,2025-05-25,Screening
101,1502,27,5,20,2025-02-05,Screening
102,859,6,1,5,2025-04-07,Rejected
103,1873,25,2,19,2025-03-08,Applied
104,1527,27,2,8,2025-02-20,Rejected
105,1682,11,2,17,2025-04-11,Rejected
106,918,5,10,14,2025-04-13,Interview
107,1597,12,3,3,2025-10-06,Applied
108,1144,1,5,3,2025-09-25,Rejected
109,1597,19,1,1,2025-04-18,Rejected
110,1333,11,5,10,2025-09-24,Applied
111,1562,15,10,9,2025-03-24,Interview
112,627,25,5,11,2025-07-24,Offer
113,475,16,4,16,2025-02-02,Hired
114,552,3,1,2,2025-07-04,Rejected
115,344,11,10,19,2025-11-29,Rejected
116,628,11,5,17,2025-03-08,Interview
117,136,10,5,15,2025-10-08,Rejected
118,277,2,14,13,2025-08-05,Rejected
119,1835,20,5,11,2025-06-20,Screening
120,1557,5,9,2,2025-05-11,Rejected
121,1923,23,5,16,2025-01-28,Rejected
122,31,23,2,14,2025-08-26,Rejected
123,247,25,5,5,2025-03-25,Interview
124,411,29,8,9,2025-06-21,Interview
125,27,8,3,15,2025-11-12,Screening
126,73,13,2,5,2025-05-28,Rejected
127,1977,15,7,10,2025-06-10,Rejected
128,1121,2,5,20,2025-01-22,Rejected
129,673,12,2,18,2025-02-27,Offer
130,1370,24,7,3,2025-03-04,Hired
131,476,8,1,15,2025-08-17,Screening
132,1324,21,15,11,2025-09-30,Rejected
133,1323,29,15,20,2025-12-14,Rejected
134,287,19,2,20,2025-02-11,Screening
135,1909,25,1,5,2025-05-30,Screening
136,1473,28,3,9,2025-06-02,Applied
137,212,23,3,7,2025-11-20,Rejected
138,1100,1,5,9,2025-07-03,Rejected
139,401,8,9,4,2025-01-23,Hired
140,655,10,4,3,2025-02-17,Rejected
141,1058,13,10,12,2025-01-31,Screening
142,498,5,5,7,2025-01-05,Hired
143,848,22,7,11,2025-07-15,Screening
144,1540,9,1,7,2025-04-27,Applied
145,1352,10,1,2,2025-03-27,Screening
146,98,14,2,6,2025-08-28,Screening
147,366,24,8,14,2025-07-09,Offer
148,1753,30,1,19,2025-03-23,Screening
149,463,11,5,13,2025-01-30,Screening
150,28,14,2,19,2025-04-12,Interview
151,713,30,5,17,2025-06-20,Interview
152,1410,3,8,17,2025-07-13,Interview
153,273,29,8,16,2025-06-28,Interview
154,826,21,2,9,2025-06-12,Screening
155,1151,16,3,20,2025-08-20,Rejected
156,202,20,14,11,2025-05-04,Interview
157,1545,30,2,20,2025-09-13,Screening
158,1311,17,3,9,2025-03-09,Interview
159,450,5,3,6,2025-11-21,Applied
160,1112,26,5,14,2025-09-29,Interview
161,1342,7,5,12,2025-07-10,Interview
162,19,17,2,20,2025-04-19,Applied
163,1617,20,8,8,2025-04-29,Screening
164,1131,22,8,13,2025-06-16,Applied
165,1482,11,9,4,2025-10-21,Rejected
166,311,12,14,15,2025-05-11,Rejected
167,412,25,4,12,2025-11-15,Applied
168,742,27,5,19,2025-10-21,Screening
169,624,24,3,14,2025-02-04,Rejected
170,732,2,14,20,2025-09-11,Applied
171,635,27,2,1,2025-03-12,Screening
172,498,19,10,18,2025-04-18,Screening
173,244,26,3,17,2025-08-05,Applied
174,690,29,5,15,2025-06-27,Rejected
175,577,5,5,15,2025-11-10,Screening
176,1404,11,10,17,2025-03-28,Interview
177,515,23,5,7,2025-03-16,Interview
178,207,19,4,11,2025-03-17,Applied
179,948,28,3,3,2025-04-04,Offer
180,394,7,2,10,2025-04-05,Applied
181,1045,21,6,7,2025-07-05,Rejected
182,1829,26,1,5,2025-11-12,Screening
183,1551,22,2,3,2025-04-24,Screening
184,1367,6,5,2,2025-09-23,Interview
185,718,11,2,4,2025-12-13,Screening
186,1999,27,6,15,2025-07-07,Rejected
187,202,14,7,9,2025-03-18,Offer
188,120,28,1,15,2025-02-05,Screening
189,1673,4,5,17,2025-11-30,Rejected
190,1836,28,1,15,2025-10-23,Rejected
191,1831,8,2,15,2025-12-12,Applied
192,389,9,5,19,2025-11-17,Screening
193,1561,2,8,9,2025-09-03,Applied
194,1848,25,11,2,2025-02-09,Rejected
195,234,11,8,7,2025-11-27,Interview
196,1657,28,1,7,2025-01-21,Interview
197,602,20,2,12,2025-11-18,Rejected
198,1344,22,2,16,2025-06-15,Applied
199,712,30,1,3,2025-08-13,Interview
200,982,7,2,15,2025-12-17,Applied
201,1204,4,14,6,2025-08-22,Rejected
202,857,24,4,13,2025-02-23,Rejected
203,1392,29,9,9,2025-03-27,Rejected
204,76,14,8,4,2025-08-17,Rejected
205,649,26,5,18,2025-11-10,Screening
206,650,24,5,10,2025-03-31,Screening
207,496,1,2,6,2025-09-26,Interview
208,1546,24,5,13,2025-12-10,Interview
209,1225,26,3,14,2025-11-04,Interview
210,830,30,4,20,2025-07-25,Applied
211,1370,12,3,5,2025-09-24,Screening
212,483,19,10,14,2025-04-03,Rejected
213,1243,5,1,6,2025-03-24,Interview
214,1084,30,11,2,2025-11-25,Applied
215,991,26,2,8,2025-09-23,Hired
216,1683,8,10,1,2025-04-29,Screening
217,619,11,1,4,2025-10-30,Rejected
218,550,22,5,4,2025-02-03,Offer
219,646,4,10,3,2025-11-09,Applied
220,1935,15,3,18,2025-10-13,Screening
221,1245,20,6,8,2025-05-24,Rejected
222,1839,12,3,19,2025-02-05,Applied
223,1965,20,2,10,2025-05-09,Interview
224,502,22,2,9,2025-06-03,Applied
225,1157,23,2,2,2025-01-04,Screening
226,846,29,15,6,2025-03-26,Rejected
227,53,21,7,4,2025-02-02,Rejected
228,450,10,4,19,2025-10-28,Rejected
229,62,30,5,2,2025-01-29,Screening
230,1047,24,2,19,2025-07-06,Interview
231,44,16,2,17,2025-09-21,Interview
232,820,23,5,7,2025-05-28,Offer
233,1582,8,2,11,2025-08-23,Rejected
234,659,20,13,10,2025-10-03,Rejected
235,728,8,1,20,2025-08-12,Rejected
236,852,29,6,7,2025-05-17,Applied
237,47,6,2,9,2025-09-15,Interview
238,1883,3,15,13,2025-07-22,Offer
239,820,29,4,7,2025-03-18,Rejected
240,1048,8,1,16,2025-07-01,Offer
241,1681,29,1,5,2025-05-05,Screening
242,89,23,5,7,2025-08-30,Offer
243,1198,10,5,16,2025-05-22,Screening
244,1600,5,3,6,2025-04-13,Interview
245,1143,11,5,6,2025-11-11,Applied
246,735,4,8,20,2025-06-23,Screening
247,1692,17,2,8,2025-06-28,Screening
248,178,26,3,19,2025-03-09,Interview
249,1019,3,9,5,2025-09-19,Rejected
250,1856,18,6,13,2025-03-13,Rejected
251,1948,8,15,14,2025-10-20,Screening
252,1366,30,1,15,2025-05-31,Rejected
253,1592,24,5,14,2025-05-19,Rejected
254,1083,12,13,2,2025-01-29,Rejected
255,901,21,1,19,2025-06-28,Screening
256,438,16,2,12,2025-06-09,Rejected
257,1452,14,5,1,2025-06-18,Interview
258,426,21,2,2,2025-07-28,Rejected
259,968,16,3,5,2025-11-17,Hired
260,1405,27,9,13,2025-03-10,Applied
261,486,4,1,17,2025-05-03,Offer
262,1756,1,14,12,2025-12-06,Rejected
263,1209,1,10,14,2025-05-01,Interview
264,1583,29,2,4,2025-03-03,Screening
265,460,22,4,3,2025-08-30,Hired
266,1913,15,2,8,2025-10-08,Interview
267,921,20,1,11,2025-08-19,Interview
268,1126,20,1,10,2025-12-17,Interview
269,1580,3,1,15,2025-11-01,Screening
270,1039,14,14,1,2025-12-04,Rejected
271,748,9,5,19,2025-11-18,Applied
272,1897,19,1,16,2025-05-29,Hired
273,51,8,10,3,2025-03-09,Hired
274,309,2,1,3,2025-12-29,Rejected
275,1058,4,11,16,2025-01-28,Interview
276,1660,1,2,10,2025-12-11,Applied
277,1005,11,4,5,2025-08-15,Applied
278,1613,5,10,20,2025-09-26,Screening
279,1928,2,5,4,2025-04-01,Offer
280,635,27,2,20,2025-10-09,Screening
281,205,13,10,13,2025-03-09,Interview
282,740,17,2,15,2025-05-14,Offer
283,1094,17,4,19,2025-05-06,Rejected
284,1254,18,3,4,2025-07-02,Rejected
285,1504,21,8,3,2025-08-24,Screening
286,533,28,11,2,2025-01-26,Rejected
287,108,9,2,12,2025-11-28,Rejected
288,876,6,14,2,2025-02-04,Applied
289,1265,28,3,1,2025-10-26,Rejected
290,251,20,12,10,2025-04-05,Rejected
291,135,3,5,2,2025-01-23,Rejected
292,1114,8,4,11,2025-06-29,Applied
293,1615,3,8,17,2025-08-02,Rejected
294,1464,1,2,8,2025-06-09,Screening
295,689,20,4,7,2025-04-01,Rejected
296,1322,27,1,19,2025-09-15,Interview
297,407,13,3,18,2025-05-05,Rejected
298,1332,21,9,5,2025-09-01,Offer
299,102,5,6,16,2025-01-16,Screening
300,1385,16,4,6,2025-03-20,Screening
301,1871,21,1,10,2025-06-06,Applied
302,1648,24,2,4,2025-04-01,Rejected
303,693,16,4,20,2025-07-17,Rejected
304,1640,24,3,10,2025-03-18,Rejected
305,1552,12,1,12,2025-04-25,Rejected
306,1632,13,4,10,2025-04-24,Applied
307,1317,4,9,18,2025-11-17,Offer
308,1170,9,7,12,2025-12-09,Screening
309,404,16,13,3,2025-09-18,Rejected
310,814,1,13,8,2025-08-02,Applied
311,1026,5,8,5,2025-04-26,Applied
312,1143,21,1,4,2025-12-07,Applied
313,855,5,1,16,2025-01-04,Interview
314,1630,24,3,4,2025-02-15,Offer
315,1215,25,2,10,2025-01-19,Screening
316,1027,19,5,10,2025-04-02,Offer
317,942,9,5,12,2025-08-04,Interview
318,1021,29,10,12,2025-12-09,Screening
319,1511,27,1,6,2025-02-25,Applied
320,1647,8,7,5,2025-12-07,Screening
321,177,19,1,10,2025-09-14,Interview
322,1281,18,8,18,2025-03-25,Offer
323,873,15,4,15,2025-01-18,Interview
324,1558,4,8,4,2025-01-30,Interview
325,477,15,1,6,2025-12-04,Screening
326,398,13,8,6,2025-02-08,Offer
327,1520,28,1,8,2025-10-21,Screening
328,220,18,5,8,2025-09-22,Rejected
329,173,20,10,11,2025-02-16,Applied
330,736,5,10,7,2025-06-01,Interview
331,1414,18,1,15,2025-03-20,Interview
332,502,28,15,11,2025-03-30,Rejected
333,1601,8,2,16,2025-09-16,Interview
334,1813,1,6,19,2025-03-16,Applied
335,761,19,1,17,2025-11-07,Screening
336,1284,23,3,8,2025-12-22,Interview
337,131,26,4,18,2025-10-13,Applied
338,1137,17,1,12,2025-05-03,Rejected
339,798,29,4,19,2025-01-07,Interview
340,799,27,7,4,2025-04-08,Offer
341,930,2,3,11,2025-06-10,Screening
342,723,19,1,2,2025-07-19,Applied
343,1044,30,7,3,2025-12-27,Applied
344,215,16,10,9,2025-06-19,Interview
345,1334,30,8,4,2025-04-25,Rejected
346,1275,18,5,15,2025-01-04,Rejected
347,488,2,1,7,2025-01-26,Offer
348,1406,28,13,15,2025-09-20,Screening
349,1433,27,10,20,2025-01-06,Interview
350,1295,6,5,10,2025-12-07,Rejected
351,1958,7,2,10,2025-06-23,Offer
352,1431,6,8,11,2025-11-06,Interview
353,1716,27,3,15,2025-04-28,Offer
354,1218,6,15,15,2025-04-25,Offer
355,1465,9,11,12,2025-04-30,Screening
356,313,8,5,8,2025-08-02,Applied
357,79,30,2,17,2025-08-12,Interview
358,180,24,14,12,2025-07-20,Rejected
359,1004,22,2,18,2025-12-15,Offer
360,675,21,1,4,2025-06-03,Applied
361,1738,9,5,12,2025-09-12,Screening
362,14,12,2,13,2025-01-22,Screening
363,859,18,6,20,2025-12-19,Screening
364,246,23,10,15,2025-10-11,Screening
365,1038,6,7,6,2025-12-16,Screening
366,99,23,2,7,2025-01-28,Rejected
367,33,28,3,10,2025-10-06,Interview
368,1460,4,2,7,2025-10-11,Offer
369,257,25,3,7,2025-12-01,Applied
370,34,7,8,1,2025-05-01,Rejected
371,19,18,4,15,2025-07-25,Rejected
372,1688,29,14,8,2025-05-03,Rejected
373,1284,20,2,15,2025-06-13,Applied
374,1700,5,4,17,2025-01-11,Applied
375,589,18,4,20,2025-07-17,Interview
376,1850,10,5,12,2025-08-12,Offer
377,1440,8,7,5,2025-06-20,Offer
378,137,1,4,16,2025-09-03,Offer
379,359,15,5,19,2025-02-06,Applied
380,1744,3,9,12,2025-02-21,Rejected
381,754,15,2,18,2025-02-27,Screening
382,1603,14,1,9,2025-08-07,Screening
383,1140,1,4,20,2025-10-02,Rejected
384,404,21,10,8,2025-09-23,Rejected
385,1226,8,10,20,2025-02-17,Interview
386,1400,7,1,3,2025-04-05,Rejected
387,250,9,3,5,2025-03-18,Screening
388,446,18,3,2,2025-04-12,Applied
389,954,12,5,4,2025-04-04,Hired
390,278,8,5,18,2025-10-24,Rejected
391,112,8,1,3,2025-04-19,Screening
392,1987,30,1,6,2025-08-09,Interview
393,1867,6,2,3,2025-03-30,Applied
394,1497,3,13,5,2025-08-30,Applied
395,746,2,13,19,2025-06-22,Screening
396,688,14,2,13,2025-09-30,Rejected
397,392,8,4,16,2025-07-25,Interview
398,969,6,1,15,2025-07-04,Applied
399,143,4,5,13,2025-05-08,Screening
400,1056,5,8,11,2025-12-19,Applied
401,181,21,1,17,2025-09-06,Screening
402,579,13,6,9,2025-12-08,Rejected
403,1540,9,4,2,2025-02-09,Applied
404,798,13,6,14,2025-09-13,Offer
405,269,29,4,12,2025-04-28,Rejected
406,1260,9,3,8,2025-01-26,Offer
407,1301,24,1,10,2025-06-26,Interview
408,553,24,4,7,2025-12-28,Rejected
409,633,16,8,8,2025-10-22,Screening
410,275,12,15,9,2025-11-03,Screening
411,743,2,9,8,2025-03-20,Rejected
412,1840,30,10,13,2025-05-29,Screening
413,86,19,2,9,2025-04-28,Applied
414,1087,30,4,5,2025-07-13,Rejected
415,404,16,2,7,2025-10-28,Hired
416,192,24,14,8,2025-01-03,Offer
417,1317,13,4,18,2025-10-16,Rejected
418,1055,5,8,13,2025-09-16,Interview
419,1354,23,5,16,2025-09-04,Applied
420,1682,30,12,8,2025-09-30,Interview
421,107,24,11,20,2025-07-12,Applied
422,1895,6,14,6,2025-11-14,Hired
423,622,21,3,4,2025-06-30,Rejected
424,276,24,14,9,2025-04-17,Applied
425,1746,17,1,18,2025-09-28,Rejected
426,651,17,5,5,2025-12-10,Rejected
427,1622,17,6,12,2025-05-12,Applied
428,556,3,8,20,2025-05-15,Rejected
429,1106,26,4,12,2025-08-29,Screening
430,1088,13,5,19,2025-04-18,Screening
431,1914,12,2,5,2025-03-21,Interview
432,1954,6,2,3,2025-06-10,Offer
433,1879,22,5,5,2025-08-16,Rejected
434,1857,21,3,12,2025-11-29,Rejected
435,567,29,2,5,2025-02-22,Interview
436,586,13,4,17,2025-12-10,Screening
437,885,14,1,18,2025-02-28,Rejected
438,129,7,6,14,2025-08-27,Rejected
439,256,5,1,4,2025-05-22,Applied
440,934,14,9,20,2025-07-09,Screening
441,231,18,2,10,2025-10-26,Screening
442,1521,4,4,13,2025-12-30,Interview
443,1161,1,1,6,2025-04-25,Applied
444,863,7,1,14,2025-02-11,Interview
445,1479,20,6,11,2025-04-21,Interview
446,1937,13,2,9,2025-04-20,Screening
447,355,4,1,15,2025-07-07,Rejected
448,1648,13,11,19,2025-02-12,Rejected
449,1509,4,6,4,2025-04-19,Rejected
450,1844,3,4,17,2025-01-08,Interview
451,146,8,1,4,2025-08-28,Interview
452,1983,20,4,5,2025-10-09,Rejected
453,1057,8,1,1,2025-04-01,Rejected
454,260,25,9,18,2025-05-16,Interview
455,87,17,6,15,2025-04-22,Interview
456,843,15,1,9,2025-09-13,Applied
457,1972,4,6,5,2025-11-04,Applied
458,265,6,1,16,2025-07-17,Applied
459,1856,24,12,4,2025-03-15,Offer
460,1566,30,11,9,2025-05-08,Hired
461,392,22,1,19,2025-10-18,Rejected
462,232,28,1,7,2025-07-13,Rejected
463,901,6,2,12,2025-07-30,Hired
464,588,10,3,13,2025-11-22,Applied
465,447,4,8,20,2025-12-10,Interview
466,1153,9,2,6,2025-01-11,Applied
467,1295,16,7,5,2025-05-11,Screening
468,1113,7,2,1,2025-02-23,Screening
469,466,14,3,7,2025-03-15,Interview
470,934,27,10,4,2025-05-01,Rejected
471,1194,6,8,12,2025-09-25,Rejected
472,128,1,1,6,2025-07-30,Rejected
473,1198,18,3,8,2025-10-25,Interview
474,1973,12,1,10,2025-02-27,Applied
475,1050,22,8,6,2025-01-09,Hired
476,573,27,2,18,2025-06-07,Rejected
477,511,15,1,19,2025-06-20,Applied
478,488,1,4,6,2025-03-28,Rejected
479,891,15,2,16,2025-09-13,Applied
480,579,15,11,8,2025-11-12,Offer
481,950,27,1,17,2025-12-08,Screening
482,406,16,2,14,2025-06-16,Rejected
483,1050,21,11,7,2025-01-30,Applied
484,1107,1,1,10,2025-06-11,Applied
485,364,29,14,10,2025-03-14,Screening
486,1391,3,12,20,2025-08-31,Screening
487,1084,12,1,4,2025-09-24,Offer
488,551,28,2,4,2025-02-17,Rejected
489,1659,28,4,16,2025-09-08,Interview
490,292,7,4,5,2025-10-19,Offer
491,789,5,7,3,2025-05-02,Screening
492,1961,28,1,13,2025-11-20,Applied
493,1910,26,10,14,2025-05-09,Rejected
494,816,1,1,20,2025-03-28,Screening
495,1818,1,8,17,2025-04-30,Rejected
496,191,15,2,17,2025-11-16,Rejected
497,461,8,8,9,2025-02-07,Applied
498,1828,11,3,19,2025-06-21,Rejected
499,664,14,5,15,2025-07-27,Applied
500,1920,29,8,11,2025-11-28,Offer
501,233,25,2,17,2025-08-14,Applied
502,474,23,12,5,2025-08-11,Interview
503,1429,13,2,2,2025-07-23,Screening
504,658,19,12,1,2025-02-01,Rejected
505,271,12,1,19,2025-06-09,Applied
506,1871,22,11,10,2025-07-29,Rejected
507,1158,19,1,5,2025-02-09,Screening
508,171,26,4,13,2025-01-11,Screening
509,1439,4,1,12,2025-04-02,Screening
510,28,28,9,19,2025-06-04,Applied
511,136,4,2,14,2025-08-11,Applied
512,925,3,2,12,2025-05-06,Rejected
513,405,26,8,4,2025-10-21,Screening
514,977,6,5,20,2025-10-31,Applied
515,888,5,8,13,2025-11-10,Screening
516,1529,11,1,19,2025-02-08,Hired
517,1265,25,9,8,2025-09-15,Rejected
518,856,9,4,9,2025-04-07,Interview
519,1978,3,1,14,2025-12-15,Rejected
520,444,29,2,13,2025-03-15,Applied
521,434,9,5,13,2025-04-06,Screening
522,1252,29,1,3,2025-04-29,Interview
523,509,12,2,20,2025-10-30,Screening
524,1823,3,5,1,2025-11-24,Interview
525,1327,20,4,3,2025-09-24,Rejected
526,34,17,5,13,2025-02-16,Offer
527,1026,21,13,13,2025-03-08,Interview
528,362,12,12,16,2025-10-07,Rejected
529,1219,25,6,12,2025-09-04,Interview
530,606,18,14,18,2025-08-04,Applied
531,1864,4,12,5,2025-09-20,Applied
532,1332,10,6,7,2025-03-31,Hired
533,1671,18,1,20,2025-10-13,Screening
534,716,30,3,13,2025-04-21,Screening
535,250,8,11,12,2025-08-15,Offer
536,147,9,2,20,2025-06-30,Applied
537,1370,19,5,11,2025-03-19,Rejected
538,348,13,2,5,2025-04-28,Offer
539,1278,25,3,4,2025-12-01,Interview
540,399,6,10,13,2025-10-13,Applied
541,1358,22,14,13,2025-06-28,Applied
542,1200,7,5,11,2025-09-06,Rejected
543,125,28,4,20,2025-12-09,Rejected
544,763,21,2,8,2025-09-28,Offer
545,398,6,2,17,2025-09-04,Applied
546,131,11,8,6,2025-03-06,Interview
547,1586,17,2,5,2025-03-22,Applied
548,605,19,6,7,2025-09-09,Offer
549,892,28,1,8,2025-03-31,Applied
550,822,25,4,18,2025-08-15,Interview
551,902,12,4,20,2025-03-04,Interview
552,945,21,3,9,2025-04-21,Rejected
553,1431,21,5,1,2025-10-24,Offer
554,732,24,4,10,2025-04-05,Offer
555,1870,27,15,9,2025-10-15,Screening
556,334,27,5,17,2025-07-14,Interview
557,1044,13,1,9,2025-01-26,Applied
558,205,18,14,19,2025-12-09,Offer
559,1627,29,3,16,2025-09-18,Applied
560,956,7,6,14,2025-12-09,Applied
561,355,25,6,7,2025-07-29,Interview
562,1197,23,4,9,2025-11-02,Offer
563,1213,28,10,16,2025-09-12,Rejected
564,824,5,4,9,2025-03-20,Interview
565,1026,29,2,5,2025-06-27,Screening
566,1897,16,4,19,2025-12-29,Offer
567,941,22,6,12,2025-07-29,Rejected
568,168,4,9,10,2025-09-26,Interview
569,368,30,4,12,2025-05-05,Applied
570,536,28,3,4,2025-08-13,Rejected
571,1949,23,14,5,2025-12-14,Screening
572,963,1,2,20,2025-03-12,Offer
573,1901,4,8,9,2025-09-13,Rejected
574,580,3,2,14,2025-05-20,Screening
575,1394,29,9,15,2025-01-22,Applied
576,1730,4,7,15,2025-03-29,Offer
577,1620,1,4,16,2025-10-10,Screening
578,950,12,4,20,2025-03-23,Hired
579,1461,13,2,6,2025-09-15,Rejected
580,207,2,4,9,2025-04-06,Screening
581,1073,28,9,4,2025-05-30,Screening
582,544,27,1,1,2025-03-24,Screening
583,1853,29,3,10,2025-05-29,Offer
584,1706,9,2,10,2025-11-24,Screening
585,129,7,5,15,2025-11-24,Rejected
586,1471,13,2,19,2025-02-25,Interview
587,614,22,11,9,2025-02-25,Rejected
588,35,2,7,11,2025-06-25,Screening
589,819,1,8,10,2025-02-20,Interview
590,199,18,1,18,2025-06-04,Applied
591,1837,7,1,4,2025-02-13,Applied
592,77,18,8,8,2025-09-14,Applied
593,369,19,13,12,2025-03-04,Applied
594,833,8,14,17,2025-07-12,Offer
595,526,23,4,7,2025-04-25,Rejected
596,349,12,10,19,2025-06-12,Screening
597,506,11,2,6,2025-06-17,Screening
598,643,27,2,14,2025-05-07,Screening
599,238,30,5,13,2025-10-28,Applied
600,1304,27,6,16,2025-12-10,Interview
601,1601,9,3,16,2025-12-23,Interview
602,1456,28,8,2,2025-08-04,Hired
603,138,4,3,1,2025-04-08,Applied
604,1293,7,2,14,2025-06-08,Interview
605,1764,17,8,3,2025-10-15,Screening
606,1225,11,7,14,2025-12-26,Rejected
607,1166,27,1,13,2025-09-11,Screening
608,612,2,4,3,2025-05-12,Rejected
609,1674,23,15,18,2025-08-15,Screening
610,680,18,5,7,2025-12-28,Applied
611,1943,22,4,10,2025-09-07,Hired
612,1635,29,5,17,2025-12-06,Rejected
613,1847,26,7,10,2025-09-19,Interview
614,1855,12,2,15,2025-03-15,Offer
615,839,9,6,2,2025-08-23,Applied
616,938,11,3,20,2025-04-19,Rejected
617,355,5,4,8,2025-06-10,Offer
618,578,26,2,6,2025-08-25,Hired
619,847,7,2,8,2025-12-14,Rejected
620,1353,29,8,11,2025-12-03,Screening
621,559,1,10,2,2025-02-11,Interview
622,849,24,5,6,2025-01-28,Interview
623,1918,25,2,4,2025-04-17,Screening
624,1255,29,1,18,2025-05-29,Screening
625,1332,5,11,20,2025-12-19,Offer
626,1682,6,3,7,2025-08-09,Hired
627,1743,13,4,12,2025-10-23,Rejected
628,1170,11,14,15,2025-01-31,Screening
629,1176,8,2,2,2025-05-14,Applied
630,1815,20,2,13,2025-03-27,Interview
631,140,2,4,1,2025-04-28,Rejected
632,663,15,4,1,2025-07-05,Rejected
633,21,10,1,2,2025-04-23,Rejected
634,1278,8,7,20,2025-09-01,Screening
635,64,2,2,4,2025-08-21,Rejected
636,1242,21,2,20,2025-04-03,Rejected
637,1096,15,1,9,2025-08-08,Rejected
638,990,29,4,8,2025-07-12,Rejected
639,162,6,3,15,2025-07-23,Rejected
640,130,5,5,20,2025-01-25,Screening
641,581,22,2,13,2025-01-11,Applied
642,1951,22,2,5,2025-07-27,Applied
643,225,3,1,4,2025-10-24,Interview
644,1782,11,10,7,2025-12-27,Rejected
645,580,11,7,8,2025-05-26,Screening
646,1478,16,14,7,2025-07-12,Rejected
647,983,3,10,6,2025-03-23,Rejected
648,1005,9,1,7,2025-08-13,Applied
649,1939,3,2,11,2025-11-16,Offer
650,1408,19,3,6,2025-07-06,Interview
651,107,11,11,8,2025-11-27,Applied
652,621,14,7,8,2025-09-10,Rejected
653,840,2,5,18,2025-01-19,Rejected
654,1127,7,2,9,2025-06-01,Rejected
655,1165,10,1,7,2025-03-31,Offer
656,577,10,11,9,2025-02-03,Offer
657,1158,20,6,19,2025-02-26,Rejected
658,199,1,2,7,2025-12-22,Interview
659,1904,6,10,14,2025-07-17,Offer
660,510,21,3,17,2025-07-12,Interview
661,667,14,2,2,2025-07-13,Applied
662,79,27,2,17,2025-12-02,Applied
663,1972,2,15,15,2025-08-14,Applied
664,894,6,7,1,2025-08-24,Rejected
665,1506,1,3,7,2025-02-22,Rejected
666,512,3,12,19,2025-08-02,Interview
667,250,4,5,13,2025-08-04,Offer
668,889,13,1,12,2025-06-21,Applied
669,1024,3,13,16,2025-08-16,Offer
670,599,15,9,11,2025-07-26,Offer
671,1840,13,9,12,2025-10-24,Interview
672,753,22,2,15,2025-01-02,Rejected
673,600,11,2,14,2025-12-07,Rejected
674,975,4,4,15,2025-09-09,Interview
675,483,30,5,2,2025-09-18,Rejected
676,836,17,2,7,2025-01-29,Applied
677,172,5,4,11,2025-05-24,Interview
678,869,21,5,12,2025-11-22,Rejected
679,17,25,4,4,2025-02-21,Screening
680,1759,24,11,7,2025-03-02,Rejected
681,1318,8,4,20,2025-07-08,Offer
682,394,21,3,3,2025-03-11,Interview
683,1846,24,14,13,2025-08-22,Rejected
684,1522,30,11,6,2025-11-20,Hired
685,1243,10,1,6,2025-01-08,Applied
686,234,7,6,8,2025-01-29,Rejected
687,1414,17,13,20,2025-11-26,Interview
688,248,28,4,2,2025-03-06,Rejected
689,1926,7,10,7,2025-04-26,Screening
690,52,27,8,5,2025-12-02,Screening
691,15,24,7,16,2025-09-16,Hired
692,1348,19,2,15,2025-09-10,Screening
693,441,9,4,18,2025-08-06,Rejected
694,1136,24,10,15,2025-01-10,Rejected
695,696,2,7,11,2025-11-13,Screening
696,1896,22,5,13,2025-07-02,Hired
697,7,20,8,11,2025-11-11,Rejected
698,1587,19,5,10,2025-04-19,Applied
699,826,27,13,10,2025-02-20,Screening
700,1777,6,1,14,2025-03-01,Offer
701,1269,10,8,4,2025-05-06,Screening
702,1472,13,2,16,2025-01-16,Hired
703,1389,25,5,17,2025-07-12,Applied
704,1391,2,6,11,2025-09-18,Rejected
705,1946,10,5,20,2025-09-04,Screening
706,1722,10,2,1,2025-06-12,Rejected
707,1311,26,6,3,2025-08-14,Rejected
708,1986,5,14,10,2025-12-30,Applied
709,1628,22,2,14,2025-04-04,Screening
710,1130,4,1,13,2025-08-23,Offer
711,1037,23,11,18,2025-05-07,Screening
712,1170,2,12,13,2025-06-08,Applied
713,478,7,10,18,2025-06-15,Rejected
714,631,18,2,2,2025-05-26,Rejected
715,715,17,6,17,2025-02-21,Offer
716,1677,11,4,1,2025-10-25,Rejected
717,115,21,5,17,2025-12-25,Offer
718,509,18,2,13,2025-05-13,Screening
719,1176,8,2,3,2025-12-16,Offer
720,57,28,2,14,2025-10-25,Interview
721,382,28,2,20,2025-02-24,Interview
722,1181,12,4,12,2025-02-22,Rejected
723,952,24,4,20,2025-08-28,Rejected
724,1846,1,9,3,2025-12-14,Rejected
725,1157,20,8,7,2025-04-07,Applied
726,1187,30,7,13,2025-06-19,Hired
727,275,25,8,20,2025-08-10,Rejected
728,1719,21,7,14,2025-09-16,Applied
729,1101,12,13,17,2025-06-04,Hired
730,1861,27,4,17,2025-07-30,Rejected
731,44,26,1,10,2025-02-25,Screening
732,718,29,8,19,2025-07-21,Rejected
733,1574,6,5,4,2025-12-20,Offer
734,318,3,1,2,2025-12-24,Rejected
735,534,5,11,5,2025-05-26,Interview
736,1609,14,2,14,2025-05-08,Offer
737,1777,12,3,16,2025-07-05,Rejected
738,1960,13,3,19,2025-07-07,Offer
739,1178,13,1,3,2025-12-15,Offer
740,237,29,2,14,2025-12-12,Applied
741,893,17,11,20,2025-07-15,Rejected
742,517,24,14,11,2025-11-27,Interview
743,1245,27,2,14,2025-05-02,Interview
744,1334,15,5,19,2025-01-04,Rejected
745,1622,6,8,20,2025-06-15,Rejected
746,1201,12,4,7,2025-07-23,Rejected
747,1795,2,2,9,2025-06-13,Screening
748,1244,4,4,7,2025-05-31,Screening
749,38,20,1,14,2025-07-07,Offer
750,654,25,1,5,2025-07-05,Screening
751,1455,25,5,11,2025-03-10,Screening
752,1934,21,6,7,2025-11-03,Applied
753,747,12,9,3,2025-11-21,Rejected
754,1227,3,2,5,2025-03-10,Applied
755,841,17,15,3,2025-09-05,Offer
756,1830,6,15,6,2025-03-30,Rejected
757,448,24,12,8,2025-04-09,Screening
758,1519,17,1,16,2025-02-08,Screening
759,684,27,5,20,2025-08-12,Hired
760,125,17,1,13,2025-01-12,Rejected
761,1862,11,13,19,2025-09-05,Screening
762,1089,23,3,19,2025-02-17,Rejected
763,793,7,8,16,2025-07-28,Offer
764,784,2,4,16,2025-01-19,Applied
765,1268,19,5,13,2025-09-12,Applied
766,1551,2,2,4,2025-08-27,Screening
767,226,22,5,15,2025-12-01,Offer
768,465,29,5,13,2025-06-29,Applied
769,643,13,1,18,2025-01-13,Offer
770,1731,24,1,2,2025-06-29,Rejected
771,293,24,10,16,2025-12-22,Screening
772,721,16,15,20,2025-09-26,Rejected
773,1975,17,9,4,2025-03-06,Interview
774,1405,11,5,17,2025-08-10,Applied
775,1649,9,8,9,2025-11-04,Screening
776,756,27,1,6,2025-10-10,Interview
777,166,24,4,4,2025-12-21,Interview
778,1727,9,14,15,2025-12-20,Rejected
779,769,29,8,19,2025-09-13,Applied
780,1863,14,4,16,2025-06-27,Screening
781,1242,13,1,20,2025-11-10,Rejected
782,1007,25,1,15,2025-01-16,Rejected
783,871,11,1,1,2025-01-10,Rejected
784,1299,12,2,5,2025-08-05,Interview
785,1076,22,2,12,2025-02-22,Rejected
786,1398,3,1,18,2025-05-18,Applied
787,1694,1,4,10,2025-06-04,Screening
788,1387,27,11,13,2025-11-09,Rejected
789,567,8,4,8,2025-12-05,Interview
790,1038,26,2,8,2025-10-21,Screening
791,1805,19,1,4,2025-05-20,Screening
792,1364,13,3,6,2025-11-01,Rejected
793,602,7,12,5,2025-01-25,Offer
794,1563,13,2,10,2025-07-27,Interview
795,1113,26,7,5,2025-11-26,Rejected
796,905,6,14,14,2025-01-01,Applied
797,41,3,1,8,2025-12-09,Rejected
798,1328,6,8,17,2025-07-05,Applied
799,1292,28,5,1,2025-06-15,Rejected
800,1162,3,13,6,2025-06-26,Offer
801,1030,13,3,16,2025-10-12,Screening
802,242,13,5,6,2025-06-03,Applied
803,162,30,8,8,2025-12-26,Applied
804,1019,25,10,2,2025-06-17,Interview
805,692,13,5,18,2025-09-08,Applied
806,809,1,6,16,2025-08-09,Screening
807,979,29,13,18,2025-01-27,Screening
808,518,8,2,19,2025-02-04,Offer
809,898,5,1,6,2025-06-01,Applied
810,783,20,8,16,2025-01-09,Interview
811,1425,17,8,7,2025-09-18,Applied
812,784,9,2,13,2025-07-07,Rejected
813,1180,13,2,1,2025-01-12,Applied
814,85,25,1,20,2025-07-26,Screening
815,1736,13,6,19,2025-10-20,Interview
816,1034,5,3,12,2025-03-06,Interview
817,138,14,4,20,2025-05-09,Rejected
818,754,11,2,11,2025-04-03,Interview
819,906,25,8,6,2025-12-03,Interview
820,713,26,2,5,2025-04-03,Screening
821,156,14,5,18,2025-03-12,Screening
822,408,25,2,11,2025-10-11,Rejected
823,787,7,4,7,2025-09-01,Offer
824,1249,24,11,15,2025-04-14,Applied
825,580,17,13,5,2025-07-24,Applied
826,1208,4,2,17,2025-08-01,Rejected
827,1219,10,4,7,2025-07-30,Hired
828,554,10,14,20,2025-10-21,Rejected
829,396,15,1,20,2025-07-22,Rejected
830,1938,20,4,15,2025-05-30,Offer
831,1687,12,13,12,2025-02-18,Interview
832,1620,9,4,9,2025-11-10,Rejected
833,1158,3,8,4,2025-06-20,Applied
834,1333,15,4,6,2025-11-30,Offer
835,1890,12,10,2,2025-10-27,Offer
836,810,26,6,1,2025-12-30,Rejected
837,962,15,1,20,2025-03-23,Applied
838,542,26,2,18,2025-06-19,Screening
839,1033,1,3,15,2025-02-03,Screening
840,987,15,7,12,2025-04-16,Interview
841,170,11,8,6,2025-06-17,Screening
842,290,5,3,7,2025-01-08,Screening
843,1192,7,5,18,2025-08-26,Interview
844,1368,12,14,6,2025-04-28,Offer
845,1521,20,5,20,2025-06-12,Screening
846,1169,25,6,19,2025-02-23,Applied
847,1437,6,4,15,2025-08-03,Interview
848,740,22,2,19,2025-05-16,Applied
849,1842,3,1,12,2025-02-12,Offer
850,588,10,14,2,2025-07-26,Screening
851,735,26,3,2,2025-02-09,Interview
852,1713,21,3,4,2025-07-21,Rejected
853,457,26,2,18,2025-07-19,Screening
854,701,22,2,7,2025-04-27,Interview
855,979,30,7,2,2025-05-31,Rejected
856,1326,4,1,12,2025-01-29,Hired
857,46,13,2,6,2025-10-20,Interview
858,1918,19,3,10,2025-12-18,Rejected
859,1041,5,1,9,2025-01-29,Interview
860,1602,23,9,9,2025-11-04,Screening
861,1384,27,7,6,2025-09-06,Rejected
862,1285,22,5,11,2025-03-21,Applied
863,1147,18,4,14,2025-07-26,Applied
864,231,1,2,10,2025-06-29,Offer
865,950,21,15,1,2025-12-20,Screening
866,637,21,1,12,2025-08-26,Rejected
867,112,28,2,18,2025-06-02,Interview
868,1808,16,5,6,2025-05-06,Screening
869,593,16,8,10,2025-08-08,Screening
870,1270,16,2,19,2025-10-20,Interview
871,859,28,9,18,2025-04-03,Screening
872,391,22,15,13,2025-07-04,Screening
873,392,19,3,1,2025-10-20,Screening
874,328,16,2,17,2025-10-01,Applied
875,1239,1,3,15,2025-12-28,Offer
876,1888,20,10,9,2025-11-29,Rejected
877,747,20,6,4,2025-02-25,Rejected
878,367,10,5,3,2025-05-08,Rejected
879,82,2,2,5,2025-07-21,Applied
880,806,14,3,4,2025-06-15,Rejected
881,822,8,8,5,2025-12-13,Screening
882,1100,6,5,16,2025-06-09,Screening
883,1551,28,1,4,2025-08-23,Screening
884,1756,3,2,11,2025-08-26,Interview
885,1527,16,10,16,2025-02-12,Hired
886,1766,17,8,16,2025-01-05,Screening
887,1970,12,9,19,2025-03-24,Screening
888,952,27,2,13,2025-12-13,Hired
889,1503,19,15,12,2025-08-10,Interview
890,372,24,8,18,2025-10-24,Rejected
891,1289,20,5,14,2025-01-08,Rejected
892,264,3,4,2,2025-04-25,Rejected
893,110,13,11,7,2025-01-19,Rejected
894,1939,16,3,12,2025-06-06,Hired
895,307,11,11,2,2025-12-31,Offer
896,1224,20,5,2,2025-09-22,Rejected
897,226,27,2,8,2025-09-04,Screening
898,185,16,10,13,2025-10-23,Rejected
899,964,20,14,14,2025-04-14,Applied
900,31,2,1,14,2025-11-17,Offer
901,614,4,11,1,2025-10-28,Rejected
902,1795,27,5,13,2025-01-21,Interview
903,99,28,1,11,2025-02-13,Screening
904,1363,25,14,11,2025-04-11,Hired
905,811,4,10,9,2025-12-24,Screening
906,1821,28,2,10,2025-07-08,Offer
907,1290,17,14,5,2025-08-12,Screening
908,652,1,5,2,2025-08-18,Rejected
909,814,1,4,14,2025-10-23,Hired
910,1822,30,3,18,2025-05-16,Screening
911,1374,5,3,9,2025-12-16,Screening
912,1020,22,2,8,2025-01-02,Rejected
913,978,12,1,12,2025-12-21,Offer
914,1752,6,3,18,2025-11-02,Applied
915,1568,6,14,18,2025-07-17,Rejected
916,1481,25,7,14,2025-01-30,Rejected
917,1839,17,4,12,2025-03-03,Offer
918,88,26,4,6,2025-02-24,Screening
919,1087,22,3,12,2025-04-13,Interview
920,922,13,4,13,2025-11-17,Interview
921,1411,8,5,20,2025-02-15,Screening
922,1815,24,6,13,2025-12-01,Applied
923,1483,12,7,10,2025-09-17,Applied
924,586,15,2,13,2025-09-15,Applied
925,818,19,6,11,2025-11-22,Screening
926,932,29,1,6,2025-11-22,Applied
927,1660,21,12,5,2025-12-03,Offer
928,1293,26,3,10,2025-02-04,Screening
929,1918,20,9,1,2025-07-02,Rejected
930,797,28,13,15,2025-08-08,Screening
931,1958,17,8,18,2025-10-01,Offer
932,1019,9,2,13,2025-03-24,Rejected
933,1013,21,6,19,2025-03-10,Screening
934,973,18,15,16,2025-01-20,Applied
935,633,28,11,5,2025-11-27,Interview
936,346,2,11,1,2025-08-23,Screening
937,724,11,4,16,2025-10-09,Interview
938,901,23,3,14,2025-02-25,Screening
939,1684,20,1,11,2025-01-30,Applied
940,1102,17,13,20,2025-01-22,Applied
941,1389,21,2,2,2025-02-18,Interview
942,1038,18,4,3,2025-05-02,Interview
943,136,15,2,3,2025-03-18,Rejected
944,1328,7,10,5,2025-04-24,Offer
945,397,16,2,7,2025-10-06,Interview
946,792,25,3,16,2025-10-15,Interview
947,79,29,12,20,2025-05-24,Screening
948,1779,1,2,15,2025-08-16,Interview
949,705,28,1,20,2025-02-22,Rejected
950,982,18,2,15,2025-01-12,Rejected
951,1442,27,5,11,2025-02-07,Rejected
952,1266,22,4,11,2025-05-08,Interview
953,1075,8,8,20,2025-04-15,Rejected
954,744,7,2,10,2025-01-14,Interview
955,1795,25,4,7,2025-12-29,Interview
956,384,30,1,18,2025-07-03,Screening
957,375,2,13,10,2025-03-23,Screening
958,1754,12,6,17,2025-12-30,Interview
959,206,16,1,20,2025-01-17,Interview
960,1850,9,11,13,2025-03-25,Applied
961,489,20,10,18,2025-04-22,Interview
962,1405,11,8,12,2025-06-17,Rejected
963,1992,15,2,6,2025-12-01,Offer
964,881,3,2,20,2025-12-21,Interview
965,1335,23,2,7,2025-09-28,Hired
966,1399,21,2,11,2025-12-18,Rejected
967,632,13,1,2,2025-10-19,Applied
968,592,21,1,3,2025-01-09,Applied
969,1066,28,1,16,2025-09-28,Applied
970,533,13,1,17,2025-06-18,Rejected
971,522,2,7,10,2025-11-17,Applied
972,825,6,3,10,2025-10-03,Offer
973,1177,6,15,14,2025-06-01,Screening
974,1336,12,10,17,2025-09-30,Rejected
975,1318,4,5,18,2025-05-01,Applied
976,598,5,1,12,2025-01-07,Applied
977,113,23,1,2,2025-06-23,Screening
978,1725,30,4,14,2025-07-29,Screening
979,1136,8,4,15,2025-09-09,Rejected
980,1199,6,13,19,2025-06-12,Rejected
981,1846,21,2,10,2025-01-08,Interview
982,1326,28,6,19,2025-05-10,Screening
983,1988,3,6,8,2025-06-18,Screening
984,1540,23,5,4,2025-10-30,Rejected
985,734,8,5,18,2025-05-16,Hired
986,1986,19,4,18,2025-11-16,Rejected
987,1245,21,6,13,2025-10-29,Rejected
988,1195,11,13,18,2025-05-28,Applied
989,318,18,14,3,2025-07-06,Applied
990,996,10,4,17,2025-03-17,Interview
991,213,26,15,10,2025-01-10,Screening
992,253,28,14,4,2025-08-11,Rejected
993,124,20,1,7,2025-11-30,Rejected
994,1664,12,14,19,2025-12-14,Applied
995,1237,20,2,11,2025-02-22,Screening
996,624,28,6,5,2025-02-11,Screening
997,1109,29,1,19,2025-03-28,Interview
998,1540,8,1,17,2025-02-07,Rejected
999,1089,19,2,2,2025-03-28,Interview
1000,1342,21,5,9,2025-07-14,Interview
1001,1370,16,1,1,2025-07-15,Screening
1002,1656,27,6,9,2025-10-22,Applied
1003,1267,21,4,10,2025-12-06,Applied
1004,898,18,8,18,2025-08-04,Interview
1005,1161,9,4,9,2025-02-27,Offer
1006,247,4,2,5,2025-02-17,Rejected
1007,441,9,5,7,2025-07-17,Rejected
1008,45,25,4,20,2025-08-26,Screening
1009,658,2,10,15,2025-08-10,Applied
1010,880,9,2,7,2025-12-28,Rejected
1011,1712,9,1,4,2025-12-01,Interview
1012,1017,18,1,5,2025-06-27,Applied
1013,554,11,2,13,2025-08-07,Offer
1014,809,13,3,1,2025-06-18,Rejected
1015,971,6,3,9,2025-10-26,Applied
1016,1113,9,12,11,2025-10-05,Rejected
1017,730,16,12,13,2025-11-13,Offer
1018,1021,4,12,1,2025-03-13,Screening
1019,954,2,4,8,2025-07-07,Screening
1020,1252,7,7,17,2025-05-10,Screening
1021,1834,15,2,6,2025-12-05,Applied
1022,1315,25,8,15,2025-02-04,Rejected
1023,1446,6,10,9,2025-08-06,Interview
1024,1091,11,1,2,2025-08-17,Rejected
1025,1275,27,2,17,2025-10-06,Rejected
1026,1065,30,6,12,2025-08-06,Rejected
1027,99,20,6,13,2025-11-21,Applied
1028,1330,17,1,4,2025-05-12,Rejected
1029,872,4,11,20,2025-05-28,Rejected
1030,1878,19,2,8,2025-05-03,Hired
1031,1480,7,14,1,2025-08-26,Rejected
1032,1615,11,1,2,2025-12-09,Interview
1033,301,13,7,2,2025-04-22,Rejected
1034,1223,27,4,6,2025-03-09,Screening
1035,1683,26,3,19,2025-09-29,Screening
1036,488,21,2,17,2025-10-11,Rejected
1037,1130,28,5,19,2025-08-29,Interview
1038,1425,3,2,5,2025-02-10,Interview
1039,1729,14,10,1,2025-09-15,Applied
1040,1005,2,2,5,2025-11-07,Rejected
1041,477,29,3,2,2025-09-14,Applied
1042,1146,18,7,2,2025-08-09,Offer
1043,1101,5,3,16,2025-04-09,Hired
1044,1336,13,8,4,2025-01-22,Rejected
1045,1136,13,2,4,2025-08-05,Screening
1046,861,24,9,7,2025-07-31,Screening
1047,809,24,9,8,2025-06-02,Rejected
1048,1706,14,2,11,2025-10-14,Offer
1049,518,12,2,5,2025-07-02,Screening
1050,1221,21,4,6,2025-02-11,Rejected
1051,1122,13,2,3,2025-11-27,Hired
1052,459,18,1,15,2025-05-24,Rejected
1053,1865,13,13,19,2025-07-31,Offer
1054,230,4,5,4,2025-11-05,Offer
1055,1192,23,7,18,2025-10-18,Rejected
1056,1833,30,5,15,2025-11-21,Interview
1057,1801,22,5,18,2025-05-22,Hired
1058,8,10,6,6,2025-12-31,Applied
1059,1196,23,11,19,2025-06-25,Rejected
1060,1978,5,2,19,2025-12-04,Screening
1061,1384,18,14,16,2025-12-11,Rejected
1062,195,8,12,12,2025-11-21,Screening
1063,1293,14,1,14,2025-05-27,Offer
1064,1043,28,7,4,2025-07-05,Applied
1065,354,2,4,13,2025-02-26,Rejected
1066,1888,28,3,2,2025-07-19,Interview
1067,1073,8,5,9,2025-06-07,Offer
1068,464,16,7,20,2025-04-04,Offer
1069,356,7,14,8,2025-12-17,Interview
1070,850,3,15,4,2025-04-22,Rejected
1071,974,29,1,8,2025-03-24,Screening
1072,1182,4,1,17,2025-03-03,Rejected
1073,66,29,14,9,2025-04-01,Screening
1074,1997,7,5,13,2025-07-25,Rejected
1075,859,4,3,4,2025-06-14,Interview
1076,571,9,5,7,2025-06-10,Applied
1077,1845,23,10,13,2025-04-02,Screening
1078,308,17,4,1,2025-07-08,Rejected
1079,1361,17,4,5,2025-12-07,Rejected
1080,1695,20,4,10,2025-08-06,Interview
1081,783,14,4,17,2025-06-15,Rejected
1082,121,14,3,20,2025-10-28,Rejected
1083,766,29,11,19,2025-07-09,Applied
1084,1428,25,1,7,2025-04-16,Interview
1085,773,13,5,9,2025-08-09,Applied
1086,1671,4,13,17,2025-12-18,Interview
1087,1810,13,8,19,2025-03-12,Applied
1088,1592,21,4,16,2025-06-15,Screening
1089,1867,17,1,18,2025-09-14,Screening
1090,96,15,5,8,2025-09-02,Offer
1091,1138,30,6,19,2025-03-13,Interview
1092,987,18,13,19,2025-10-26,Hired
1093,1893,11,7,12,2025-07-12,Offer
1094,1453,4,10,17,2025-04-06,Offer
1095,540,28,10,19,2025-04-02,Rejected
1096,1842,20,4,12,2025-01-18,Screening
1097,2,11,13,13,2025-11-30,Rejected
1098,1236,10,5,13,2025-03-06,Interview
1099,580,22,2,5,2025-09-26,Screening
1100,1664,13,4,2,2025-11-09,Screening
1101,333,22,4,19,2025-07-08,Rejected
1102,1048,8,6,7,2025-05-25,Hired
1103,1789,28,3,20,2025-01-23,Applied
1104,1392,13,1,17,2025-03-22,Interview
1105,742,9,1,13,2025-07-04,Screening
1106,506,30,8,15,2025-06-03,Applied
1107,1000,1,7,12,2025-08-10,Rejected
1108,1200,1,7,8,2025-11-27,Applied
1109,1453,15,2,12,2025-06-03,Hired
1110,1911,22,12,9,2025-04-13,Interview
1111,733,4,3,1,2025-04-19,Applied
1112,1466,27,15,16,2025-03-12,Rejected
1113,1572,20,1,12,2025-08-27,Interview
1114,514,1,4,6,2025-04-09,Offer
1115,895,25,3,3,2025-10-22,Offer
1116,361,12,2,3,2025-08-04,Rejected
1117,274,11,7,10,2025-02-12,Rejected
1118,177,19,7,14,2025-09-12,Rejected
1119,1288,15,6,13,2025-12-05,Offer
1120,1210,21,5,5,2025-12-27,Interview
1121,527,10,1,14,2025-10-21,Rejected
1122,913,1,2,16,2025-09-24,Interview
1123,279,24,15,16,2025-08-18,Interview
1124,706,3,4,3,2025-03-02,Rejected
1125,1222,14,1,11,2025-03-15,Applied
1126,1373,15,10,1,2025-02-08,Hired
1127,1947,1,5,3,2025-02-13,Applied
1128,1445,10,3,5,2025-10-19,Offer
1129,1329,22,2,8,2025-12-02,Applied
1130,64,1,1,19,2025-03-03,Rejected
1131,290,15,15,13,2025-12-08,Applied
1132,18,3,8,4,2025-04-13,Interview
1133,64,21,10,7,2025-03-11,Screening
1134,1898,20,3,1,2025-03-14,Rejected
1135,330,23,3,3,2025-08-03,Applied
1136,1894,22,11,14,2025-06-28,Rejected
1137,763,12,7,2,2025-10-06,Hired
1138,1964,19,5,14,2025-04-11,Screening
1139,1041,16,13,3,2025-09-24,Applied
1140,443,27,10,12,2025-01-01,Rejected
1141,141,8,1,10,2025-05-24,Applied
1142,1332,24,1,19,2025-12-24,Rejected
1143,444,14,4,12,2025-07-09,Applied
1144,496,18,10,10,2025-09-04,Hired
1145,426,23,2,2,2025-11-13,Offer
1146,1499,30,2,15,2025-10-06,Rejected
1147,1856,1,4,2,2025-04-19,Screening
1148,1269,2,6,17,2025-09-29,Screening
1149,450,24,2,14,2025-07-12,Rejected
1150,1826,12,9,13,2025-12-20,Rejected
1151,351,17,3,3,2025-04-12,Rejected
1152,599,2,4,1,2025-09-17,Interview
1153,711,28,14,16,2025-08-31,Applied
1154,870,17,6,7,2025-06-07,Rejected
1155,1984,21,14,16,2025-09-12,Screening
1156,1185,7,3,12,2025-10-24,Screening
1157,1164,6,10,11,2025-01-05,Offer
1158,1517,6,2,15,2025-08-27,Screening
1159,1612,22,3,16,2025-01-09,Hired
1160,1555,8,5,6,2025-04-30,Interview
1161,393,5,5,20,2025-10-29,Offer
1162,842,15,11,8,2025-03-22,Screening
1163,401,26,10,6,2025-06-02,Screening
1164,50,7,8,12,2025-02-06,Screening
1165,744,3,1,15,2025-11-12,Rejected
1166,1319,25,8,3,2025-02-24,Screening
1167,1449,10,4,8,2025-09-23,Applied
1168,906,3,10,13,2025-10-15,Rejected
1169,1036,30,1,1,2025-05-20,Hired
1170,1359,14,6,18,2025-06-09,Applied
1171,991,22,5,2,2025-05-12,Offer
1172,1039,3,7,8,2025-06-19,Offer
1173,28,1,12,12,2025-01-29,Rejected
1174,388,1,2,12,2025-01-28,Rejected
1175,1316,19,5,8,2025-01-25,Screening
1176,1911,4,5,8,2025-08-16,Applied
1177,833,30,5,15,2025-08-12,Interview
1178,250,2,9,5,2025-11-02,Rejected
1179,1529,25,5,8,2025-05-29,Screening
1180,98,11,5,16,2025-12-21,Applied
1181,1839,24,6,3,2025-10-09,Interview
1182,1361,12,9,4,2025-07-22,Rejected
1183,1063,13,1,10,2025-09-18,Applied
1184,1062,16,15,14,2025-07-27,Interview
1185,1324,16,7,10,2025-11-24,Rejected
1186,179,19,2,5,2025-12-25,Hired
1187,1633,23,13,8,2025-02-09,Offer
1188,892,20,7,9,2025-09-12,Applied
1189,1493,21,2,15,2025-04-08,Interview
1190,1306,20,2,15,2025-03-06,Applied
1191,750,9,9,12,2025-09-19,Interview
1192,1188,16,10,2,2025-11-29,Applied
1193,453,27,7,4,2025-06-27,Screening
1194,97,7,14,7,2025-10-17,Screening
1195,1793,13,1,19,2025-01-08,Interview
1196,309,4,8,5,2025-07-04,Interview
1197,262,13,1,16,2025-05-27,Screening
1198,293,8,2,19,2025-08-10,Rejected
1199,1794,2,2,10,2025-02-24,Applied
1200,249,7,2,12,2025-05-30,Screening
1201,245,11,5,7,2025-06-23,Screening
1202,251,17,1,18,2025-03-28,Screening
1203,123,24,4,3,2025-03-05,Rejected
1204,325,29,6,1,2025-10-20,Screening
1205,986,14,8,16,2025-01-03,Interview
1206,1705,28,2,16,2025-11-07,Rejected
1207,1971,30,1,18,2025-11-18,Rejected
1208,501,13,5,14,2025-01-05,Interview
1209,687,15,4,15,2025-01-18,Rejected
1210,1805,22,1,5,2025-09-20,Applied
1211,1740,28,7,20,2025-05-09,Rejected
1212,1861,21,7,13,2025-03-24,Rejected
1213,1090,25,5,16,2025-12-24,Applied
1214,1851,9,5,1,2025-02-27,Applied
1215,836,3,5,6,2025-10-20,Rejected
1216,59,25,14,1,2025-02-06,Rejected
1217,731,13,5,10,2025-02-02,Screening
1218,1522,13,5,6,2025-01-18,Rejected
1219,1397,9,1,20,2025-07-28,Screening
1220,266,18,2,17,2025-11-05,Hired
1221,1677,5,3,13,2025-12-13,Offer
1222,236,11,7,16,2025-10-31,Screening
1223,898,2,2,8,2025-01-09,Rejected
1224,218,17,11,10,2025-11-28,Interview
1225,1551,23,7,6,2025-06-05,Interview
1226,1838,20,5,15,2025-06-03,Interview
1227,1465,21,12,14,2025-10-06,Rejected
1228,1674,4,9,19,2025-04-22,Applied
1229,1430,22,14,8,2025-06-07,Rejected
1230,1768,27,2,3,2025-12-21,Rejected
1231,1625,18,2,2,2025-08-18,Applied
1232,975,24,8,10,2025-06-05,Interview
1233,589,20,9,20,2025-01-05,Interview
1234,1672,8,4,15,2025-10-26,Interview
1235,917,19,4,16,2025-11-02,Rejected
1236,1493,12,9,17,2025-01-17,Applied
1237,918,28,1,15,2025-01-05,Offer
1238,1134,11,2,15,2025-05-12,Applied
1239,353,16,12,11,2025-08-04,Applied
1240,1837,5,4,7,2025-03-23,Screening
1241,91,28,6,4,2025-06-28,Screening
1242,1960,3,2,1,2025-03-22,Applied
1243,1906,12,3,1,2025-03-24,Applied
1244,1942,15,5,15,2025-04-10,Applied
1245,1438,16,1,17,2025-05-26,Applied
1246,702,13,2,3,2025-06-02,Hired
1247,73,7,2,12,2025-03-30,Screening
1248,685,15,6,5,2025-06-28,Offer
1249,1571,3,2,10,2025-01-28,Screening
1250,722,12,8,10,2025-02-09,Rejected
1251,1322,8,4,3,2025-12-20,Screening
1252,1669,25,1,18,2025-10-04,Rejected
1253,1307,29,7,4,2025-03-26,Offer
1254,1529,12,2,13,2025-03-31,Screening
1255,1222,18,10,12,2025-02-01,Rejected
1256,958,3,1,9,2025-04-18,Screening
1257,1056,12,2,2,2025-10-09,Rejected
1258,648,29,1,2,2025-10-15,Interview
1259,760,23,2,10,2025-06-01,Rejected
1260,871,21,6,18,2025-08-18,Rejected
1261,1365,26,3,15,2025-05-16,Rejected
1262,1682,23,3,8,2025-03-11,Rejected
1263,1358,2,15,14,2025-07-16,Rejected
1264,143,14,3,17,2025-05-22,Interview
1265,1770,14,2,3,2025-07-26,Applied
1266,1434,4,3,3,2025-11-19,Applied
1267,949,17,2,13,2025-11-30,Interview
1268,44,15,2,2,2025-01-29,Rejected
1269,32,16,8,3,2025-01-25,Rejected
1270,1767,5,7,13,2025-12-05,Rejected
1271,28,24,11,14,2025-10-05,Rejected
1272,1020,17,1,7,2025-04-04,Interview
1273,423,23,2,3,2025-02-10,Applied
1274,491,7,1,6,2025-12-07,Interview
1275,160,23,6,20,2025-09-18,Rejected
1276,845,15,5,12,2025-03-18,Interview
1277,1231,17,14,14,2025-07-01,Screening
1278,18,12,4,13,2025-11-25,Interview
1279,1127,11,5,19,2025-06-06,Offer
1280,1606,19,6,15,2025-12-03,Rejected
1281,1655,11,12,3,2025-02-04,Rejected
1282,1675,2,15,9,2025-07-16,Screening
1283,672,15,5,13,2025-12-18,Offer
1284,232,5,1,11,2025-03-07,Rejected
1285,1684,18,6,10,2025-01-18,Interview
1286,1889,29,1,16,2025-11-18,Interview
1287,424,30,2,12,2025-04-16,Screening
1288,904,21,2,5,2025-05-10,Applied
1289,755,21,4,15,2025-02-15,Interview
1290,1571,16,2,2,2025-11-09,Offer
1291,837,4,1,6,2025-12-12,Rejected
1292,894,27,10,19,2025-06-25,Rejected
1293,1891,23,10,8,2025-09-13,Rejected
1294,239,10,13,13,2025-03-06,Interview
1295,1358,22,8,6,2025-05-09,Rejected
1296,149,2,6,15,2025-02-21,Applied
1297,623,15,5,6,2025-04-04,Applied
1298,1432,4,4,11,2025-08-18,Screening
1299,17,29,3,9,2025-11-08,Interview
1300,914,16,2,14,2025-07-22,Rejected
1301,226,30,9,9,2025-12-17,Rejected
1302,652,27,11,12,2025-10-12,Interview
1303,1680,7,1,7,2025-07-08,Applied
1304,260,25,10,6,2025-06-14,Rejected
1305,1753,25,1,17,2025-12-24,Offer
1306,674,12,1,4,2025-07-13,Rejected
1307,1628,3,1,1,2025-01-09,Applied
1308,174,17,3,5,2025-10-29,Hired
1309,1867,9,2,19,2025-06-21,Rejected
1310,205,8,9,2,2025-01-05,Screening
1311,415,23,2,13,2025-10-28,Rejected
1312,1532,6,8,11,2025-02-12,Applied
1313,1177,30,2,6,2025-06-05,Applied
1314,1127,15,2,7,2025-01-26,Rejected
1315,1738,10,4,3,2025-02-04,Interview
1316,792,23,14,15,2025-02-15,Applied
1317,1089,27,10,12,2025-02-13,Applied
1318,1141,25,12,20,2025-06-06,Applied
1319,1689,6,6,20,2025-06-03,Interview
1320,1180,15,6,6,2025-02-23,Rejected
1321,1700,30,1,17,2025-07-01,Rejected
1322,1106,14,8,14,2025-11-18,Interview
1323,518,26,1,11,2025-02-23,Offer
1324,1858,19,2,14,2025-09-27,Rejected
1325,1091,13,10,5,2025-11-04,Screening
1326,1262,14,12,14,2025-08-24,Applied
1327,1608,3,2,12,2025-03-14,Rejected
1328,1631,4,5,13,2025-03-27,Hired
1329,1840,26,13,9,2025-07-12,Rejected
1330,979,29,1,15,2025-06-06,Applied
1331,1010,14,9,18,2025-10-15,Screening
1332,1350,14,4,1,2025-01-24,Applied
1333,590,26,10,12,2025-02-15,Rejected
1334,67,8,14,4,2025-03-20,Rejected
1335,1200,10,8,10,2025-10-13,Offer
1336,1857,9,10,11,2025-05-20,Offer
1337,684,14,9,6,2025-01-16,Rejected
1338,1502,8,7,10,2025-06-19,Screening
1339,1279,11,10,4,2025-02-18,Rejected
1340,63,10,2,8,2025-11-04,Rejected
1341,814,18,10,3,2025-10-05,Screening
1342,403,4,2,4,2025-06-09,Applied
1343,1782,4,8,18,2025-03-28,Screening
1344,192,12,1,1,2025-10-09,Applied
1345,1353,18,13,6,2025-10-09,Screening
1346,71,29,8,6,2025-01-26,Applied
1347,878,8,3,8,2025-10-28,Rejected
1348,741,3,1,20,2025-02-14,Interview
1349,946,18,15,3,2025-02-21,Rejected
1350,1087,7,4,12,2025-03-20,Offer
1351,1321,1,7,2,2025-10-19,Interview
1352,245,22,15,16,2025-01-07,Interview
1353,519,13,8,5,2025-03-06,Screening
1354,393,29,11,18,2025-07-08,Screening
1355,772,3,1,13,2025-03-12,Interview
1356,1625,29,8,15,2025-03-16,Rejected
1357,1201,3,2,3,2025-11-30,Offer
1358,1228,15,2,7,2025-11-13,Rejected
1359,1670,21,3,11,2025-11-01,Rejected
1360,1618,30,1,20,2025-07-27,Interview
1361,1557,19,1,18,2025-10-14,Rejected
1362,911,28,10,6,2025-06-09,Applied
1363,1152,4,5,11,2025-10-27,Rejected
1364,1219,13,5,19,2025-02-23,Screening
1365,1218,13,11,9,2025-09-02,Rejected
1366,184,15,2,4,2025-12-17,Interview
1367,247,19,6,19,2025-07-29,Screening
1368,1897,16,2,17,2025-12-29,Interview
1369,1896,7,10,8,2025-05-04,Rejected
1370,324,3,2,19,2025-12-12,Offer
1371,160,30,2,11,2025-11-17,Rejected
1372,706,26,5,3,2025-03-30,Applied
1373,622,20,4,1,2025-11-13,Rejected
1374,925,2,6,11,2025-01-05,Rejected
1375,66,18,8,9,2025-07-07,Screening
1376,930,25,1,12,2025-05-10,Offer
1377,254,11,2,9,2025-03-14,Offer
1378,283,1,7,10,2025-04-29,Interview
1379,1084,16,2,18,2025-03-19,Screening
1380,118,17,5,16,2025-10-20,Rejected
1381,423,16,1,3,2025-03-02,Rejected
1382,556,10,3,9,2025-02-17,Rejected
1383,1746,17,11,20,2025-01-05,Hired
1384,36,30,1,20,2025-04-18,Applied
1385,531,3,4,2,2025-12-25,Rejected
1386,91,18,1,3,2025-09-25,Hired
1387,1325,19,8,5,2025-09-21,Screening
1388,1748,14,8,19,2025-10-09,Applied
1389,1941,21,1,8,2025-11-18,Applied
1390,1943,25,4,15,2025-01-01,Interview
1391,1758,2,11,14,2025-07-21,Applied
1392,1241,12,2,17,2025-01-20,Offer
1393,1759,11,1,17,2025-07-03,Offer
1394,1947,30,2,13,2025-06-30,Screening
1395,98,17,2,5,2025-01-18,Applied
1396,1480,27,11,6,2025-09-20,Offer
1397,531,6,3,11,2025-02-28,Interview
1398,1833,19,5,9,2025-11-14,Rejected
1399,538,13,10,3,2025-01-19,Interview
1400,1052,7,2,1,2025-12-28,Rejected
1401,1600,22,10,1,2025-02-13,Screening
1402,1348,11,11,15,2025-01-11,Offer
1403,1247,7,2,1,2025-02-26,Applied
1404,80,13,2,10,2025-05-05,Applied
1405,563,13,2,1,2025-02-23,Applied
1406,1482,21,2,6,2025-02-27,Rejected
1407,614,1,5,6,2025-03-17,Applied
1408,176,30,2,14,2025-09-25,Screening
1409,522,19,5,14,2025-04-29,Rejected
1410,1773,19,2,16,2025-06-27,Rejected
1411,1481,23,3,19,2025-06-16,Interview
1412,423,15,1,19,2025-03-15,Interview
1413,1124,14,5,17,2025-11-19,Applied
1414,1914,29,11,6,2025-04-24,Screening
1415,1764,3,1,8,2025-01-12,Interview
1416,1427,27,4,5,2025-07-16,Applied
1417,576,21,5,11,2025-06-06,Screening
1418,1404,20,2,5,2025-02-04,Screening
1419,531,4,11,10,2025-01-28,Applied
1420,332,29,2,15,2025-03-26,Hired
1421,1342,7,9,10,2025-06-14,Interview
1422,653,1,3,6,2025-10-06,Rejected
1423,1561,23,5,9,2025-05-05,Applied
1424,740,24,4,16,2025-09-26,Screening
1425,1113,19,5,10,2025-11-18,Screening
1426,1628,3,4,19,2025-01-14,Screening
1427,511,20,5,12,2025-04-07,Screening
1428,42,15,5,2,2025-07-08,Screening
1429,885,13,3,18,2025-12-15,Applied
1430,1831,22,7,16,2025-11-25,Interview
1431,1950,14,2,20,2025-03-19,Interview
1432,1413,7,1,16,2025-01-27,Rejected
1433,81,1,5,15,2025-04-19,Rejected
1434,402,13,1,7,2025-04-16,Rejected
1435,107,4,2,4,2025-08-09,Rejected
1436,1135,12,14,11,2025-08-13,Screening
1437,1301,7,6,10,2025-05-29,Rejected
1438,1238,27,3,1,2025-08-19,Applied
1439,1767,2,11,18,2025-04-18,Rejected
1440,1842,17,1,2,2025-10-24,Rejected
1441,506,1,7,9,2025-05-23,Screening
1442,1145,26,9,3,2025-11-29,Screening
1443,1158,14,6,9,2025-04-22,Screening
1444,1842,30,2,4,2025-10-06,Screening
1445,720,22,6,7,2025-05-07,Rejected
1446,1986,28,10,4,2025-02-05,Screening
1447,1395,21,5,7,2025-01-19,Screening
1448,257,1,1,12,2025-02-05,Rejected
1449,1721,26,5,6,2025-03-09,Rejected
1450,1822,3,1,11,2025-10-01,Rejected
1451,954,11,2,9,2025-07-22,Screening
1452,1899,7,2,17,2025-09-06,Hired
1453,1204,28,5,14,2025-03-16,Hired
1454,933,25,4,20,2025-09-28,Hired
1455,1072,29,2,18,2025-11-06,Rejected
1456,1623,9,3,16,2025-10-05,Screening
1457,897,22,11,4,2025-09-03,Screening
1458,19,3,14,14,2025-04-07,Interview
1459,1070,1,1,13,2025-12-05,Applied
1460,451,19,2,16,2025-08-02,Rejected
1461,898,26,1,3,2025-11-10,Screening
1462,1080,2,1,2,2025-05-15,Hired
1463,741,27,2,10,2025-06-10,Rejected
1464,1681,21,2,4,2025-05-05,Screening
1465,1116,24,3,8,2025-06-13,Rejected
1466,82,5,1,8,2025-04-13,Applied
1467,737,17,8,18,2025-05-30,Applied
1468,79,19,11,8,2025-07-02,Rejected
1469,1686,28,1,2,2025-04-12,Rejected
1470,1897,5,2,13,2025-06-16,Hired
1471,283,23,6,4,2025-12-25,Offer
1472,1335,21,13,4,2025-12-22,Rejected
1473,997,14,5,19,2025-09-10,Applied
1474,160,10,13,4,2025-01-29,Interview
1475,1340,21,4,2,2025-10-28,Rejected
1476,1901,7,4,17,2025-07-19,Rejected
1477,1692,29,2,12,2025-11-23,Screening
1478,1180,8,4,17,2025-04-14,Interview
1479,888,30,8,13,2025-02-07,Rejected
1480,1738,8,4,4,2025-05-06,Rejected
1481,468,7,1,16,2025-09-23,Applied
1482,1945,13,12,8,2025-03-14,Applied
1483,853,14,2,5,2025-10-10,Interview
1484,462,19,6,20,2025-10-24,Rejected
1485,854,11,1,5,2025-05-09,Screening
1486,117,2,15,10,2025-04-06,Interview
1487,1690,17,5,3,2025-12-02,Rejected
1488,364,6,12,20,2025-10-09,Screening
1489,1867,29,2,6,2025-03-04,Applied
1490,1655,9,3,13,2025-10-29,Screening
1491,1735,19,3,15,2025-06-23,Applied
1492,1937,5,2,9,2025-03-03,Rejected
1493,466,9,5,18,2025-08-27,Rejected
1494,1799,30,13,14,2025-04-15,Offer
1495,184,30,2,13,2025-03-03,Applied
1496,1984,25,1,12,2025-07-02,Rejected
1497,660,7,1,20,2025-04-10,Rejected
1498,1190,30,7,20,2025-07-01,Rejected
1499,75,4,2,12,2025-12-09,Offer
1500,1772,27,1,7,2025-11-18,Rejected
1501,826,18,1,9,2025-03-09,Offer
1502,1296,18,10,8,2025-09-18,Offer
1503,1715,20,10,4,2025-06-03,Interview
1504,503,17,5,14,2025-02-22,Applied
1505,795,30,3,4,2025-01-05,Offer
1506,1587,4,13,9,2025-01-29,Screening
1507,587,28,10,6,2025-09-14,Screening
1508,656,30,2,12,2025-11-01,Screening
1509,1367,27,2,3,2025-09-10,Rejected
1510,700,22,2,11,2025-08-08,Interview
1511,635,16,6,13,2025-05-24,Screening
1512,844,22,15,5,2025-02-10,Rejected
1513,1275,23,6,17,2025-01-27,Screening
1514,1832,5,1,20,2025-05-05,Rejected
1515,835,9,1,2,2025-10-26,Rejected
1516,1154,2,10,3,2025-05-01,Rejected
1517,764,2,1,15,2025-04-22,Screening
1518,358,4,14,3,2025-09-18,Screening
1519,1968,20,1,15,2025-09-26,Rejected
1520,692,20,11,6,2025-11-14,Screening
1521,1432,17,2,16,2025-08-26,Interview
1522,1885,20,9,18,2025-09-25,Rejected
1523,1519,28,10,8,2025-05-23,Rejected
1524,622,21,1,13,2025-09-01,Rejected
1525,482,25,11,8,2025-02-23,Screening
1526,980,19,4,5,2025-02-20,Screening
1527,1874,3,6,9,2025-02-24,Screening
1528,1102,30,6,17,2025-03-21,Interview
1529,978,5,2,16,2025-11-13,Applied
1530,1538,10,10,13,2025-09-08,Rejected
1531,1345,6,1,9,2025-04-10,Rejected
1532,1812,3,8,14,2025-10-22,Applied
1533,290,17,2,2,2025-07-01,Interview
1534,1321,10,5,7,2025-01-10,Rejected
1535,1705,24,4,16,2025-10-30,Rejected
1536,752,12,3,17,2025-07-29,Hired
1537,1995,1,6,16,2025-03-07,Applied
1538,1499,18,15,12,2025-02-12,Rejected
1539,23,19,5,2,2025-01-14,Applied
1540,806,22,2,9,2025-03-19,Interview
1541,172,20,5,15,2025-10-23,Screening
1542,835,4,2,12,2025-03-14,Screening
1543,318,15,1,2,2025-02-16,Rejected
1544,908,9,1,20,2025-11-15,Screening
1545,798,6,2,12,2025-04-26,Applied
1546,991,12,1,11,2025-04-03,Screening
1547,855,18,10,11,2025-06-16,Interview
1548,1217,23,10,9,2025-10-03,Screening
1549,681,15,1,2,2025-06-04,Rejected
1550,916,29,7,18,2025-05-01,Rejected
1551,1142,19,1,1,2025-09-29,Rejected
1552,1030,9,10,17,2025-04-08,Rejected
1553,843,22,10,15,2025-09-30,Rejected
1554,483,24,11,4,2025-07-31,Rejected
1555,132,13,8,2,2025-02-28,Applied
1556,1117,16,2,4,2025-06-18,Rejected
1557,1787,13,3,2,2025-10-23,Hired
1558,1546,1,1,8,2025-04-17,Screening
1559,1587,18,8,17,2025-03-03,Rejected
1560,861,22,2,9,2025-11-29,Rejected
1561,294,3,2,9,2025-03-26,Hired
1562,641,17,12,15,2025-09-19,Offer
1563,1000,22,2,19,2025-08-19,Screening
1564,392,5,1,10,2025-06-27,Offer
1565,249,29,6,17,2025-09-06,Rejected
1566,1638,25,8,1,2025-12-21,Interview
1567,1873,6,3,16,2025-11-12,Screening
1568,1619,21,3,17,2025-05-29,Screening
1569,703,17,5,20,2025-12-04,Offer
1570,1441,17,6,14,2025-09-05,Rejected
1571,1167,27,7,12,2025-08-07,Rejected
1572,1261,1,14,4,2025-03-19,Applied
1573,287,7,3,1,2025-03-24,Rejected
1574,277,22,2,3,2025-08-05,Rejected
1575,387,30,11,1,2025-05-25,Hired
1576,1406,16,1,13,2025-08-02,Applied
1577,450,5,10,20,2025-11-13,Interview
1578,291,16,6,11,2025-10-16,Screening
1579,1193,4,6,7,2025-10-01,Offer
1580,443,11,7,2,2025-10-03,Applied
1581,656,14,1,13,2025-10-26,Applied
1582,1208,29,5,8,2025-11-28,Interview
1583,1069,13,6,14,2025-05-11,Applied
1584,1779,27,10,9,2025-02-15,Rejected
1585,827,24,2,15,2025-05-02,Rejected
1586,1970,27,10,6,2025-02-23,Rejected
1587,1292,8,3,10,2025-06-04,Screening
1588,476,21,5,1,2025-05-22,Screening
1589,253,20,11,9,2025-04-06,Applied
1590,1420,15,2,12,2025-06-27,Applied
1591,289,18,2,20,2025-12-27,Applied
1592,1236,7,2,15,2025-04-19,Hired
1593,1000,21,10,2,2025-03-29,Rejected
1594,1713,19,5,7,2025-11-21,Rejected
1595,21,25,2,15,2025-04-06,Rejected
1596,316,9,4,9,2025-07-23,Rejected
1597,564,11,4,7,2025-05-07,Interview
1598,1462,27,1,8,2025-05-01,Offer
1599,1447,10,11,19,2025-07-18,Applied
1600,1257,14,8,9,2025-03-12,Rejected
1601,1969,16,2,20,2025-10-13,Applied
1602,123,27,8,6,2025-06-25,Offer
1603,874,8,15,13,2025-09-09,Interview
1604,960,1,6,15,2025-09-08,Hired
1605,1636,12,13,17,2025-04-17,Rejected
1606,214,3,3,10,2025-02-13,Interview
1607,1946,2,1,2,2025-05-24,Applied
1608,839,16,2,6,2025-11-02,Interview
1609,647,4,5,17,2025-03-05,Rejected
1610,968,2,2,11,2025-06-17,Hired
1611,1854,12,2,15,2025-08-14,Rejected
1612,730,27,8,14,2025-10-01,Rejected
1613,600,24,4,6,2025-01-20,Rejected
1614,792,17,6,1,2025-03-30,Screening
1615,40,20,5,15,2025-06-10,Offer
1616,752,21,11,18,2025-10-24,Rejected
1617,1356,30,8,17,2025-01-31,Interview
1618,943,10,9,16,2025-02-23,Rejected
1619,648,20,1,16,2025-09-14,Applied
1620,182,8,6,15,2025-11-13,Rejected
1621,265,18,13,15,2025-04-18,Rejected
1622,771,25,8,19,2025-07-07,Offer
1623,1718,18,6,16,2025-08-10,Interview
1624,1557,18,1,8,2025-12-24,Applied
1625,863,29,1,13,2025-06-14,Rejected
1626,432,2,4,14,2025-01-26,Offer
1627,1967,12,4,19,2025-04-02,Applied
1628,1220,10,5,8,2025-06-19,Hired
1629,1748,8,5,5,2025-07-22,Rejected
1630,509,19,14,12,2025-08-30,Applied
1631,447,10,1,11,2025-12-21,Hired
1632,528,11,8,3,2025-06-13,Offer
1633,1226,14,5,11,2025-12-21,Rejected
1634,875,26,6,10,2025-10-14,Applied
1635,1754,15,4,4,2025-01-18,Offer
1636,1629,30,11,12,2025-05-01,Hired
1637,1157,24,2,10,2025-10-21,Offer
1638,1163,23,8,19,2025-08-17,Rejected
1639,669,10,5,5,2025-09-21,Interview
1640,1517,4,7,3,2025-09-24,Offer
1641,847,7,14,1,2025-10-12,Applied
1642,70,11,6,2,2025-04-22,Applied
1643,816,24,2,12,2025-07-22,Rejected
1644,1039,22,1,18,2025-12-12,Interview
1645,1771,22,5,19,2025-03-15,Screening
1646,1236,3,2,8,2025-04-19,Rejected
1647,1826,5,5,1,2025-11-21,Rejected
1648,1084,26,2,17,2025-11-05,Applied
1649,1276,2,13,4,2025-08-06,Rejected
1650,446,12,8,6,2025-06-04,Rejected
1651,1026,21,2,6,2025-01-03,Rejected
1652,1772,5,4,2,2025-11-27,Offer
1653,1360,7,7,3,2025-01-01,Rejected
1654,19,4,1,19,2025-09-01,Screening
1655,561,30,14,7,2025-03-10,Rejected
1656,1102,11,10,11,2025-07-25,Interview
1657,472,22,4,17,2025-03-09,Screening
1658,28,9,2,4,2025-05-17,Offer
1659,560,4,4,16,2025-12-29,Interview
1660,608,27,7,12,2025-08-01,Rejected
1661,1189,30,10,20,2025-08-26,Offer
1662,458,22,1,11,2025-01-10,Screening
1663,945,29,1,5,2025-03-11,Screening
1664,1901,28,8,2,2025-11-12,Screening
1665,1200,9,8,2,2025-12-01,Screening
1666,1609,26,13,5,2025-06-15,Screening
1667,984,12,2,2,2025-10-07,Applied
1668,868,16,4,6,2025-04-09,Applied
1669,1016,1,2,8,2025-08-07,Screening
1670,29,8,11,20,2025-03-29,Rejected
1671,1980,1,4,1,2025-07-26,Interview
1672,669,20,2,18,2025-12-26,Offer
1673,826,19,6,11,2025-12-03,Offer
1674,816,4,5,20,2025-08-19,Applied
1675,279,14,2,15,2025-09-30,Offer
1676,283,23,10,11,2025-06-02,Applied
1677,1503,29,4,20,2025-03-17,Screening
1678,1003,14,1,1,2025-03-23,Interview
1679,1543,9,2,1,2025-11-06,Rejected
1680,305,9,10,17,2025-05-04,Screening
1681,694,26,1,15,2025-06-08,Applied
1682,109,17,2,3,2025-08-16,Applied
1683,324,15,4,2,2025-05-04,Applied
1684,1230,10,4,7,2025-08-10,Rejected
1685,1258,17,1,13,2025-12-25,Rejected
1686,1962,9,2,17,2025-10-07,Screening
1687,458,4,13,12,2025-05-05,Applied
1688,1211,28,5,9,2025-12-08,Screening
1689,1964,29,1,10,2025-02-15,Rejected
1690,482,14,7,2,2025-01-03,Applied
1691,922,3,14,17,2025-04-23,Offer
1692,1431,29,8,10,2025-07-07,Rejected
1693,1865,25,1,1,2025-12-22,Screening
1694,1533,21,8,19,2025-06-01,Rejected
1695,1893,12,9,9,2025-04-10,Rejected
1696,520,22,1,11,2025-01-17,Screening
1697,1077,1,6,10,2025-03-25,Rejected
1698,1422,1,8,14,2025-05-29,Applied
1699,1223,13,4,9,2025-11-04,Applied
1700,391,14,8,8,2025-10-27,Rejected
1701,1673,16,11,9,2025-04-24,Rejected
1702,771,7,1,4,2025-12-14,Rejected
1703,1870,10,13,19,2025-08-22,Rejected
1704,913,15,4,3,2025-10-24,Interview
1705,1522,8,14,7,2025-02-07,Interview
1706,1196,11,1,20,2025-02-10,Screening
1707,86,24,1,1,2025-09-26,Interview
1708,558,14,10,11,2025-07-20,Applied
1709,858,13,4,20,2025-02-05,Rejected
1710,1210,23,7,9,2025-11-02,Rejected
1711,1180,13,13,3,2025-12-19,Applied
1712,1517,27,2,13,2025-06-07,Rejected
1713,1934,9,1,20,2025-01-15,Screening
1714,1545,17,2,15,2025-12-09,Interview
1715,1651,18,1,16,2025-11-22,Rejected
1716,666,29,6,10,2025-10-01,Applied
1717,1154,19,2,18,2025-09-27,Screening
1718,843,13,2,1,2025-09-30,Rejected
1719,1105,12,4,13,2025-09-14,Rejected
1720,1408,29,6,7,2025-06-21,Applied
1721,1826,21,4,18,2025-06-16,Rejected
1722,1683,20,1,20,2025-11-07,Hired
1723,295,20,7,6,2025-07-05,Hired
1724,269,8,5,15,2025-12-02,Rejected
1725,645,24,3,11,2025-01-20,Screening
1726,1586,11,3,4,2025-08-15,Applied
1727,535,7,12,16,2025-11-20,Applied
1728,1402,1,1,14,2025-08-08,Applied
1729,1400,10,5,6,2025-06-24,Rejected
1730,88,15,8,9,2025-09-29,Rejected
1731,925,4,13,11,2025-12-28,Screening
1732,1648,1,8,13,2025-07-10,Screening
1733,111,11,14,16,2025-10-24,Applied
1734,584,30,5,13,2025-09-16,Applied
1735,1178,5,2,11,2025-01-18,Rejected
1736,1487,19,3,20,2025-03-02,Screening
1737,1593,19,14,15,2025-10-24,Applied
1738,769,4,13,6,2025-07-03,Offer
1739,1180,2,5,8,2025-02-24,Rejected
1740,1649,7,7,11,2025-09-30,Rejected
1741,1342,28,3,8,2025-03-03,Screening
1742,1583,13,1,10,2025-05-01,Interview
1743,238,20,4,20,2025-10-29,Hired
1744,334,21,12,1,2025-04-20,Hired
1745,106,12,2,16,2025-05-24,Rejected
1746,1506,30,3,6,2025-07-30,Applied
1747,1723,2,2,12,2025-06-11,Screening
1748,1695,22,6,8,2025-10-15,Applied
1749,1734,9,12,15,2025-10-12,Screening
1750,382,16,5,12,2025-02-06,Offer
1751,689,8,1,8,2025-05-26,Applied
1752,261,24,13,18,2025-07-06,Screening
1753,1823,18,6,2,2025-08-01,Applied
1754,1317,4,1,8,2025-11-18,Offer
1755,1359,24,4,4,2025-09-29,Rejected
1756,655,11,4,18,2025-01-18,Applied
1757,820,17,5,1,2025-12-25,Screening
1758,709,8,7,16,2025-01-07,Rejected
1759,476,19,7,9,2025-11-03,Screening
1760,1249,8,1,16,2025-10-24,Rejected
1761,907,6,1,20,2025-12-10,Screening
1762,555,23,2,4,2025-06-11,Rejected
1763,1478,2,1,19,2025-11-02,Screening
1764,663,15,10,2,2025-09-01,Interview
1765,1320,1,8,20,2025-04-28,Screening
1766,575,6,1,14,2025-07-24,Applied
1767,642,28,2,15,2025-09-14,Rejected
1768,1791,19,2,7,2025-07-16,Rejected
1769,463,4,4,6,2025-01-22,Screening
1770,855,13,2,1,2025-06-16,Interview
1771,1238,15,4,17,2025-02-20,Applied
1772,585,9,4,4,2025-06-28,Interview
1773,943,3,3,4,2025-11-29,Rejected
1774,616,2,2,15,2025-08-26,Screening
1775,158,16,4,11,2025-12-13,Interview
1776,272,18,4,17,2025-04-25,Applied
1777,1851,18,2,9,2025-11-03,Rejected
1778,1262,6,1,11,2025-09-03,Rejected
1779,1327,18,5,13,2025-02-18,Hired
1780,1908,11,10,19,2025-08-24,Interview
1781,670,7,2,15,2025-12-26,Interview
1782,621,23,2,5,2025-10-25,Screening
1783,521,23,5,7,2025-12-08,Applied
1784,1345,14,2,12,2025-05-15,Applied
1785,59,29,4,2,2025-03-09,Interview
1786,1382,18,2,12,2025-04-23,Screening
1787,704,7,2,10,2025-12-25,Interview
1788,648,10,12,17,2025-03-16,Applied
1789,1275,8,3,13,2025-08-03,Applied
1790,891,24,3,9,2025-09-04,Hired
1791,436,14,4,20,2025-06-16,Offer
1792,146,18,13,5,2025-04-06,Interview
1793,859,5,3,18,2025-05-12,Hired
1794,978,14,2,20,2025-09-01,Screening
1795,1376,22,14,6,2025-11-22,Applied
1796,1594,25,2,9,2025-03-30,Rejected
1797,1713,22,6,2,2025-04-14,Rejected
1798,1824,26,1,3,2025-01-26,Screening
1799,245,22,8,19,2025-01-30,Interview
1800,1584,10,8,6,2025-05-07,Rejected
1801,301,26,3,18,2025-02-20,Offer
1802,438,15,6,3,2025-09-06,Interview
1803,868,6,2,9,2025-07-13,Screening
1804,100,9,5,7,2025-03-13,Rejected
1805,725,10,1,16,2025-01-21,Rejected
1806,814,23,6,4,2025-03-03,Offer
1807,480,17,11,16,2025-12-08,Offer
1808,415,1,9,13,2025-05-17,Rejected
1809,165,14,2,18,2025-09-18,Applied
1810,1936,4,8,10,2025-05-28,Screening
1811,1966,28,2,8,2025-11-16,Rejected
1812,1662,2,1,17,2025-05-24,Screening
1813,1326,3,13,7,2025-06-15,Screening
1814,974,28,1,17,2025-05-04,Rejected
1815,1145,7,11,15,2025-03-31,Interview
1816,88,30,1,16,2025-04-03,Interview
1817,1241,23,10,1,2025-04-20,Screening
1818,573,14,5,8,2025-12-12,Hired
1819,814,12,13,19,2025-04-17,Rejected
1820,179,19,10,5,2025-12-24,Screening
1821,1726,29,2,9,2025-08-10,Rejected
1822,163,18,2,6,2025-08-07,Rejected
1823,593,15,5,11,2025-12-01,Applied
1824,1006,29,6,15,2025-12-15,Screening
1825,1194,29,6,17,2025-03-22,Rejected
1826,301,1,5,2,2025-04-17,Interview
1827,374,25,1,5,2025-11-17,Interview
1828,708,26,3,18,2025-09-04,Interview
1829,203,3,12,15,2025-06-01,Rejected
1830,47,25,8,17,2025-08-17,Applied
1831,463,15,7,13,2025-11-08,Interview
1832,1694,4,2,5,2025-05-04,Applied
1833,408,15,1,1,2025-01-12,Rejected
1834,1218,10,10,2,2025-04-16,Screening
1835,427,6,2,11,2025-04-29,Rejected
1836,930,13,4,16,2025-06-12,Rejected
1837,1815,7,13,20,2025-04-16,Rejected
1838,317,26,5,8,2025-07-31,Interview
1839,1503,30,6,11,2025-01-14,Offer
1840,421,22,3,18,2025-12-07,Applied
1841,1293,1,2,19,2025-02-13,Offer
1842,1505,22,6,15,2025-03-10,Rejected
1843,1735,11,5,5,2025-04-29,Rejected
1844,1760,14,13,6,2025-07-10,Rejected
1845,263,6,11,16,2025-01-25,Rejected
1846,1450,5,4,4,2025-12-13,Rejected
1847,166,19,1,2,2025-12-07,Screening
1848,1716,26,5,12,2025-11-22,Rejected
1849,428,19,5,17,2025-04-01,Screening
1850,1728,27,14,18,2025-11-25,Applied
1851,397,26,10,14,2025-10-31,Screening
1852,1240,13,4,13,2025-01-01,Offer
1853,796,7,8,11,2025-10-23,Rejected
1854,1888,8,9,8,2025-06-28,Offer
1855,107,14,7,10,2025-01-11,Interview
1856,98,19,4,20,2025-08-29,Applied
1857,1904,19,12,8,2025-05-11,Offer
1858,1506,23,13,14,2025-08-11,Applied
1859,1523,26,2,11,2025-08-31,Screening
1860,1254,12,7,18,2025-11-07,Applied
1861,1281,23,3,7,2025-06-11,Screening
1862,43,27,7,1,2025-07-12,Screening
1863,242,9,7,8,2025-12-01,Interview
1864,1578,14,4,6,2025-02-15,Screening
1865,95,6,2,20,2025-09-22,Screening
1866,1970,15,14,9,2025-06-12,Offer
1867,1790,13,2,12,2025-12-08,Rejected
1868,188,7,2,17,2025-04-01,Offer
1869,385,11,1,8,2025-08-19,Screening
1870,819,10,9,18,2025-09-21,Hired
1871,1424,1,7,6,2025-04-25,Rejected
1872,1530,7,7,14,2025-08-05,Screening
1873,1191,18,2,16,2025-11-13,Screening
1874,1807,23,10,9,2025-09-11,Applied
1875,1149,3,8,4,2025-08-13,Screening
1876,1697,9,2,9,2025-08-28,Applied
1877,87,29,3,8,2025-06-01,Screening
1878,1845,5,11,17,2025-09-01,Screening
1879,489,23,15,14,2025-03-06,Applied
1880,226,24,2,13,2025-10-09,Rejected
1881,1681,13,3,9,2025-09-12,Offer
1882,345,16,9,6,2025-11-08,Applied
1883,1784,16,4,6,2025-02-04,Applied
1884,1898,12,3,15,2025-06-17,Rejected
1885,518,18,3,15,2025-10-23,Hired
1886,1055,11,2,15,2025-04-05,Screening
1887,1733,17,2,14,2025-08-18,Screening
1888,1768,7,10,3,2025-05-12,Offer
1889,296,15,8,1,2025-11-01,Applied
1890,414,6,2,11,2025-07-09,Rejected
1891,1861,6,9,10,2025-06-23,Offer
1892,1996,18,2,17,2025-08-17,Screening
1893,135,19,13,14,2025-02-16,Screening
1894,525,20,4,19,2025-03-13,Screening
1895,1009,19,9,10,2025-05-21,Applied
1896,4,2,7,1,2025-08-19,Screening
1897,178,3,1,6,2025-03-16,Screening
1898,746,14,1,5,2025-11-13,Screening
1899,259,22,13,10,2025-12-05,Rejected
1900,652,25,15,11,2025-05-27,Screening
1901,1089,4,4,11,2025-06-15,Rejected
1902,1819,22,2,8,2025-03-13,Rejected
1903,1387,17,10,8,2025-08-03,Offer
1904,1842,28,2,5,2025-06-22,Rejected
1905,1741,6,14,14,2025-05-25,Interview
1906,1041,28,9,1,2025-08-24,Rejected
1907,1224,19,7,15,2025-09-18,Rejected
1908,544,9,10,9,2025-09-22,Rejected
1909,1236,4,3,6,2025-11-23,Offer
1910,435,7,3,4,2025-09-13,Rejected
1911,1297,4,6,5,2025-01-01,Interview
1912,290,11,2,12,2025-10-02,Applied
1913,803,22,5,12,2025-03-20,Interview
1914,483,30,6,6,2025-07-30,Rejected
1915,234,23,2,5,2025-05-21,Rejected
1916,408,2,10,20,2025-02-14,Rejected
1917,694,10,6,1,2025-05-26,Interview
1918,1170,6,1,7,2025-10-24,Applied
1919,562,8,1,8,2025-07-21,Applied
1920,430,15,2,7,2025-06-11,Hired
1921,432,13,4,16,2025-10-15,Rejected
1922,1639,29,2,17,2025-01-31,Interview
1923,1569,28,2,20,2025-04-09,Rejected
1924,497,22,14,18,2025-05-15,Rejected
1925,983,2,3,11,2025-02-26,Applied
1926,1113,20,1,10,2025-04-17,Rejected
1927,997,1,5,5,2025-11-25,Screening
1928,1435,15,4,13,2025-12-21,Interview
1929,897,7,7,1,2025-04-11,Screening
1930,1877,24,4,13,2025-07-22,Hired
1931,827,26,1,20,2025-02-01,Rejected
1932,1265,18,11,7,2025-10-06,Rejected
1933,778,10,1,6,2025-04-21,Applied
1934,223,15,9,3,2025-02-04,Screening
1935,1772,5,1,14,2025-07-26,Screening
1936,1689,27,4,15,2025-08-21,Screening
1937,468,24,2,6,2025-09-17,Rejected
1938,569,11,10,2,2025-01-25,Offer
1939,1346,8,4,1,2025-12-16,Applied
1940,375,21,4,19,2025-11-24,Offer
1941,1136,8,15,20,2025-10-27,Offer
1942,527,30,12,7,2025-03-14,Interview
1943,412,6,2,3,2025-11-03,Applied
1944,269,15,4,10,2025-11-21,Rejected
1945,626,15,3,14,2025-02-23,Rejected
1946,1276,5,1,17,2025-12-16,Applied
1947,1012,13,5,17,2025-03-16,Applied
1948,1398,14,3,17,2025-05-19,Applied
1949,1678,11,3,4,2025-12-12,Screening
1950,1650,20,1,8,2025-02-25,Offer
1951,450,21,8,13,2025-02-17,Screening
1952,802,12,1,5,2025-04-10,Applied
1953,1893,20,2,18,2025-05-29,Offer
1954,1561,1,1,5,2025-02-27,Interview
1955,1392,3,11,5,2025-06-30,Hired
1956,822,8,1,1,2025-05-02,Interview
1957,255,23,1,12,2025-11-04,Rejected
1958,1487,12,5,18,2025-11-22,Rejected
1959,1292,15,10,6,2025-01-05,Interview
1960,126,23,4,10,2025-07-25,Screening
1961,1417,27,5,4,2025-01-23,Hired
1962,762,3,5,6,2025-06-29,Hired
1963,799,25,10,14,2025-04-09,Interview
1964,1358,22,11,13,2025-03-07,Offer
1965,565,8,3,18,2025-06-28,Rejected
1966,1392,24,7,15,2025-01-19,Rejected
1967,1579,19,1,17,2025-02-13,Interview
1968,1702,20,2,7,2025-02-28,Applied
1969,1578,30,3,4,2025-03-30,Interview
1970,1916,6,3,19,2025-12-20,Applied
1971,456,18,11,5,2025-02-16,Rejected
1972,1712,28,5,14,2025-09-02,Interview
1973,1091,28,9,16,2025-07-08,Rejected
1974,1090,11,2,11,2025-05-18,Applied
1975,912,12,4,4,2025-05-15,Applied
1976,1619,23,7,14,2025-07-08,Interview
1977,862,2,3,1,2025-08-30,Rejected
1978,617,27,2,20,2025-08-18,Interview
1979,400,5,2,1,2025-06-07,Interview
1980,287,28,1,5,2025-12-27,Rejected
1981,1910,4,10,17,2025-11-05,Interview
1982,186,9,8,8,2025-04-17,Rejected
1983,284,13,4,20,2025-12-09,Rejected
1984,1540,13,1,7,2025-06-01,Rejected
1985,650,15,14,7,2025-11-12,Screening
1986,691,2,14,12,2025-05-08,Offer
1987,237,23,11,6,2025-07-14,Screening
1988,1042,13,7,6,2025-01-27,Rejected
1989,815,7,5,16,2025-05-14,Offer
1990,928,23,5,6,2025-04-15,Rejected
1991,414,17,14,18,2025-02-28,Applied
1992,1956,8,2,10,2025-10-16,Applied
1993,9,18,4,10,2025-06-11,Rejected
1994,420,15,4,19,2025-05-15,Screening
1995,29,15,5,15,2025-10-28,Applied
1996,1680,5,4,16,2025-01-08,Screening
1997,348,2,1,5,2025-06-25,Screening
1998,661,16,5,4,2025-08-17,Applied
1999,576,29,3,11,2025-08-12,Interview
2000,1903,5,11,16,2025-07-31,Hired
2001,450,23,4,6,2025-05-23,Rejected
2002,380,6,1,18,2025-07-03,Applied
2003,699,29,3,20,2025-05-20,Screening
2004,366,12,6,10,2025-08-20,Interview
2005,1251,5,1,1,2025-06-10,Rejected
2006,1142,20,10,14,2025-08-17,Hired
2007,412,8,8,6,2025-04-10,Offer
2008,951,11,1,12,2025-03-31,Screening
2009,356,14,6,2,2025-09-10,Hired
2010,254,24,2,7,2025-05-16,Screening
2011,1567,17,10,2,2025-03-29,Applied
2012,1697,10,14,17,2025-10-18,Screening
2013,727,2,2,19,2025-02-21,Applied
2014,1468,3,3,6,2025-07-17,Rejected
2015,681,13,2,16,2025-11-29,Rejected
2016,1105,17,9,10,2025-11-17,Rejected
2017,1070,27,11,12,2025-05-08,Rejected
2018,1073,3,2,10,2025-09-13,Interview
2019,1473,10,1,12,2025-09-13,Applied
2020,810,28,1,14,2025-03-27,Applied
2021,1431,8,5,2,2025-05-28,Interview
2022,1904,4,3,10,2025-01-21,Rejected
2023,1307,13,5,1,2025-11-04,Screening
2024,473,29,2,13,2025-06-26,Hired
2025,416,7,15,10,2025-09-30,Screening
2026,979,7,10,16,2025-12-03,Screening
2027,600,16,7,5,2025-02-27,Offer
2028,1145,27,11,9,2025-10-23,Offer
2029,1027,5,5,14,2025-12-13,Rejected
2030,1340,28,7,18,2025-08-03,Applied
2031,460,17,10,18,2025-09-02,Applied
2032,1251,10,5,9,2025-02-02,Rejected
2033,79,4,2,1,2025-12-12,Interview
2034,1681,23,3,20,2025-03-09,Applied
2035,1778,14,9,12,2025-07-16,Interview
2036,1568,5,2,15,2025-03-20,Applied
2037,775,2,10,10,2025-01-15,Rejected
2038,1747,14,9,1,2025-10-04,Interview
2039,1095,24,4,11,2025-07-22,Offer
2040,896,18,12,3,2025-04-05,Offer
2041,1221,27,2,11,2025-09-12,Applied
2042,58,24,4,19,2025-04-11,Offer
2043,1448,29,13,7,2025-03-14,Applied
2044,1493,11,3,18,2025-01-14,Applied
2045,624,16,6,2,2025-07-06,Interview
2046,48,18,15,9,2025-01-26,Rejected
2047,1459,27,13,1,2025-07-19,Interview
2048,1209,16,3,14,2025-09-15,Applied
2049,1903,21,8,7,2025-02-28,Screening
2050,839,4,3,19,2025-10-03,Offer
2051,165,1,2,6,2025-06-15,Screening
2052,1751,14,4,6,2025-10-24,Interview
2053,1355,12,2,3,2025-09-30,Rejected
2054,330,24,4,16,2025-02-15,Rejected
2055,1145,10,6,8,2025-12-09,Applied
2056,213,28,2,18,2025-10-23,Interview
2057,1847,19,9,17,2025-04-09,Screening
2058,507,29,4,13,2025-03-25,Screening
2059,1577,4,2,3,2025-06-22,Screening
2060,1889,20,2,11,2025-04-19,Interview
2061,916,21,8,7,2025-03-28,Interview
2062,801,3,2,17,2025-08-16,Screening
2063,168,25,7,9,2025-10-18,Rejected
2064,995,4,4,12,2025-06-14,Rejected
2065,1570,30,7,13,2025-08-18,Rejected
2066,830,26,2,16,2025-12-17,Screening
2067,996,15,2,19,2025-01-23,Interview
2068,987,11,2,10,2025-10-12,Rejected
2069,787,16,5,20,2025-05-04,Applied
2070,427,27,13,2,2025-07-26,Rejected
2071,1733,4,3,9,2025-01-13,Rejected
2072,1727,6,6,14,2025-10-15,Screening
2073,1245,8,14,17,2025-09-07,Applied
2074,1016,13,4,2,2025-01-29,Rejected
2075,1034,23,1,17,2025-05-16,Rejected
2076,1144,20,1,18,2025-02-28,Applied
2077,1659,4,10,14,2025-08-01,Screening
2078,1271,5,14,16,2025-12-28,Applied
2079,1384,10,8,8,2025-03-09,Interview
2080,1933,5,1,7,2025-05-26,Rejected
2081,1245,12,1,4,2025-05-25,Interview
2082,773,1,8,9,2025-01-26,Rejected
2083,1530,29,5,12,2025-01-07,Interview
2084,1082,24,10,10,2025-04-18,Rejected
2085,1851,10,2,2,2025-09-14,Interview
2086,1484,29,4,16,2025-02-05,Rejected
2087,1152,5,2,12,2025-09-21,Applied
2088,1723,19,12,7,2025-09-17,Interview
2089,717,19,1,8,2025-04-28,Rejected
2090,86,20,1,7,2025-09-15,Offer
2091,104,12,2,11,2025-08-04,Interview
2092,143,23,1,10,2025-11-19,Screening
2093,205,16,2,20,2025-07-13,Offer
2094,641,5,5,14,2025-01-09,Rejected
2095,1782,17,2,8,2025-07-29,Offer
2096,1062,14,7,20,2025-12-15,Rejected
2097,1387,12,2,8,2025-08-27,Screening
2098,1645,13,5,7,2025-10-09,Rejected
2099,1333,21,1,18,2025-09-30,Screening
2100,1076,14,2,7,2025-01-06,Screening
2101,1,5,1,9,2025-11-06,Screening
2102,11,22,5,10,2025-12-12,Screening
2103,1850,30,2,9,2025-05-19,Rejected
2104,747,23,10,1,2025-11-12,Screening
2105,1664,5,13,9,2025-06-24,Interview
2106,1960,29,12,17,2025-02-27,Applied
2107,1238,27,2,9,2025-05-14,Screening
2108,956,30,1,6,2025-06-09,Offer
2109,755,18,13,10,2025-11-15,Rejected
2110,1580,14,8,11,2025-05-25,Applied
2111,518,18,14,16,2025-06-11,Offer
2112,1692,29,1,16,2025-07-07,Interview
2113,1439,20,3,20,2025-07-25,Applied
2114,1032,1,2,19,2025-06-09,Offer
2115,5,7,14,9,2025-06-16,Interview
2116,1386,29,14,8,2025-07-29,Screening
2117,694,17,1,16,2025-05-31,Interview
2118,112,3,11,16,2025-04-19,Screening
2119,1004,10,9,2,2025-11-16,Screening
2120,273,7,14,2,2025-07-29,Rejected
2121,422,27,5,20,2025-08-03,Rejected
2122,265,28,5,5,2025-10-17,Rejected
2123,1482,12,7,14,2025-07-13,Applied
2124,212,22,5,12,2025-07-01,Screening
2125,1102,15,8,15,2025-12-25,Rejected
2126,782,23,7,19,2025-10-22,Interview
2127,666,21,2,2,2025-08-19,Interview
2128,1245,16,2,11,2025-08-04,Rejected
2129,369,8,7,13,2025-09-09,Screening
2130,958,6,4,14,2025-05-05,Rejected
2131,347,28,5,5,2025-04-18,Rejected
2132,25,4,8,11,2025-07-11,Hired
2133,976,30,1,2,2025-08-07,Hired
2134,1444,11,9,13,2025-07-19,Applied
2135,1378,17,7,7,2025-01-03,Offer
2136,1744,2,1,6,2025-10-18,Rejected
2137,417,28,2,19,2025-06-23,Rejected
2138,515,6,6,13,2025-08-02,Rejected
2139,215,4,15,1,2025-10-03,Applied
2140,1931,3,11,20,2025-06-22,Applied
2141,1136,7,8,11,2025-03-22,Interview
2142,954,7,9,13,2025-10-28,Interview
2143,1728,16,1,17,2025-01-31,Interview
2144,914,2,2,19,2025-05-26,Interview
2145,1583,8,8,1,2025-06-18,Interview
2146,428,15,2,12,2025-03-24,Rejected
2147,733,27,2,14,2025-03-22,Screening
2148,699,16,5,17,2025-08-24,Interview
2149,1586,1,1,4,2025-11-21,Screening
2150,1733,27,2,13,2025-04-13,Interview
2151,216,10,7,10,2025-04-18,Screening
2152,413,7,2,18,2025-09-07,Hired
2153,1757,16,1,16,2025-08-17,Screening
2154,380,10,14,15,2025-03-16,Applied
2155,1626,12,3,4,2025-01-04,Interview
2156,232,17,2,1,2025-11-18,Rejected
2157,835,13,1,10,2025-06-27,Interview
2158,258,12,12,1,2025-08-30,Screening
2159,1689,15,13,19,2025-08-08,Applied
2160,1280,14,11,10,2025-06-17,Applied
2161,403,19,4,15,2025-01-22,Rejected
2162,424,19,5,19,2025-09-21,Applied
2163,770,26,1,7,2025-10-18,Applied
2164,65,14,2,1,2025-02-13,Rejected
2165,190,18,3,13,2025-03-11,Applied
2166,1627,30,7,10,2025-12-02,Interview
2167,950,26,1,17,2025-03-09,Screening
2168,173,29,1,15,2025-12-09,Rejected
2169,759,5,10,6,2025-02-16,Screening
2170,1792,20,1,4,2025-02-11,Interview
2171,628,29,1,3,2025-03-11,Screening
2172,561,6,5,15,2025-10-04,Rejected
2173,1251,18,8,9,2025-07-28,Rejected
2174,1001,14,3,11,2025-11-24,Rejected
2175,1605,4,12,2,2025-05-16,Interview
2176,1958,28,8,13,2025-01-20,Applied
2177,1412,23,1,4,2025-05-05,Rejected
2178,401,1,9,3,2025-06-02,Rejected
2179,638,13,5,2,2025-10-11,Screening
2180,949,11,8,19,2025-12-06,Applied
2181,213,3,2,1,2025-12-24,Interview
2182,53,17,10,18,2025-07-13,Rejected
2183,624,18,6,16,2025-11-07,Screening
2184,1695,25,5,13,2025-05-29,Hired
2185,752,10,1,4,2025-05-14,Rejected
2186,662,16,10,14,2025-08-01,Screening
2187,139,21,15,9,2025-10-25,Screening
2188,418,13,2,20,2025-11-10,Offer
2189,1649,20,4,13,2025-01-08,Interview
2190,143,12,13,3,2025-10-22,Rejected
2191,1906,4,10,8,2025-04-15,Offer
2192,509,8,7,1,2025-11-09,Applied
2193,650,12,10,16,2025-06-17,Screening
2194,486,19,7,4,2025-09-17,Interview
2195,992,15,4,11,2025-09-29,Applied
2196,1461,28,1,4,2025-06-11,Applied
2197,1840,16,7,7,2025-02-13,Interview
2198,543,12,1,13,2025-07-17,Interview
2199,293,20,2,8,2025-01-09,Screening
2200,1644,18,2,12,2025-06-01,Rejected
2201,1308,22,11,18,2025-09-25,Offer
2202,671,12,9,16,2025-07-16,Rejected
2203,838,16,3,20,2025-02-28,Applied
2204,1038,25,1,9,2025-12-23,Screening
2205,634,28,2,15,2025-12-06,Rejected
2206,1751,20,3,19,2025-11-29,Rejected
2207,272,11,5,16,2025-02-26,Screening
2208,1049,22,1,10,2025-07-16,Rejected
2209,1959,20,5,11,2025-08-01,Hired
2210,322,14,11,4,2025-09-08,Offer
2211,806,2,12,18,2025-08-17,Screening
2212,1705,13,6,14,2025-04-10,Applied
2213,1127,14,5,12,2025-01-13,Screening
2214,1890,6,7,17,2025-11-15,Screening
2215,883,12,7,3,2025-02-19,Applied
2216,1064,7,2,3,2025-03-20,Applied
2217,235,4,5,9,2025-09-08,Applied
2218,832,28,2,8,2025-01-18,Applied
2219,1113,27,2,6,2025-04-01,Rejected
2220,1124,7,5,5,2025-05-08,Screening
2221,144,13,5,14,2025-09-25,Offer
2222,1106,11,1,5,2025-02-21,Interview
2223,589,8,5,3,2025-11-13,Screening
2224,1595,27,2,12,2025-10-27,Rejected
2225,229,19,8,3,2025-08-14,Rejected
2226,1627,2,4,10,2025-12-16,Offer
2227,1890,21,1,12,2025-01-31,Rejected
2228,1419,18,7,11,2025-05-07,Rejected
2229,1537,26,8,17,2025-10-30,Applied
2230,1805,21,4,18,2025-08-03,Screening
2231,1822,10,2,9,2025-04-04,Hired
2232,1221,29,1,10,2025-02-10,Screening
2233,274,6,2,17,2025-01-28,Interview
2234,590,24,2,2,2025-06-11,Rejected
2235,653,22,2,20,2025-07-30,Offer
2236,1824,4,10,1,2025-05-01,Rejected
2237,583,19,2,18,2025-09-19,Interview
2238,968,14,1,5,2025-01-14,Offer
2239,1586,14,3,2,2025-02-22,Rejected
2240,1991,18,10,15,2025-12-09,Rejected
2241,372,29,11,4,2025-01-12,Applied
2242,1905,17,1,9,2025-05-29,Interview
2243,1104,18,9,14,2025-07-23,Screening
2244,1259,18,2,11,2025-08-29,Screening
2245,1311,5,11,1,2025-04-05,Applied
2246,819,9,13,20,2025-10-14,Hired
2247,1691,1,1,11,2025-11-28,Rejected
2248,572,4,1,16,2025-04-05,Offer
2249,545,26,13,20,2025-10-02,Offer
2250,1461,7,11,9,2025-11-16,Screening
2251,127,11,1,12,2025-08-14,Applied
2252,733,14,11,10,2025-05-06,Offer
2253,1736,10,12,5,2025-11-12,Rejected
2254,417,19,2,11,2025-01-13,Interview
2255,638,8,8,10,2025-06-18,Screening
2256,41,3,1,16,2025-01-10,Screening
2257,787,8,10,8,2025-10-29,Hired
2258,1493,29,1,20,2025-03-28,Screening
2259,297,18,5,13,2025-03-05,Applied
2260,1621,5,8,13,2025-09-04,Rejected
2261,1625,20,3,3,2025-03-27,Offer
2262,42,11,6,17,2025-05-06,Interview
2263,632,9,2,1,2025-05-02,Rejected
2264,1303,19,2,1,2025-05-13,Rejected
2265,1483,12,3,16,2025-07-18,Screening
2266,33,27,8,16,2025-10-27,Rejected
2267,1300,5,12,17,2025-05-25,Screening
2268,665,16,2,2,2025-08-31,Offer
2269,1114,26,7,13,2025-08-21,Rejected
2270,616,25,7,14,2025-09-29,Rejected
2271,948,13,8,17,2025-08-19,Applied
2272,1548,6,6,18,2025-10-07,Applied
2273,160,16,2,2,2025-05-11,Rejected
2274,1953,18,2,5,2025-02-28,Applied
2275,458,17,2,20,2025-06-16,Applied
2276,1732,12,1,15,2025-11-04,Offer
2277,399,27,1,5,2025-12-04,Applied
2278,1843,1,7,18,2025-06-21,Rejected
2279,1798,7,2,1,2025-08-11,Rejected
2280,1115,14,4,12,2025-07-10,Screening
2281,1733,28,15,3,2025-12-31,Screening
2282,581,18,10,15,2025-09-05,Interview
2283,1490,23,2,3,2025-07-07,Rejected
2284,220,1,2,18,2025-02-26,Interview
2285,1443,20,2,10,2025-02-04,Rejected
2286,379,10,14,18,2025-08-04,Interview
2287,1750,15,2,19,2025-11-15,Rejected
2288,930,29,6,10,2025-12-20,Offer
2289,1471,11,9,12,2025-06-30,Screening
2290,964,4,4,8,2025-10-03,Rejected
2291,1170,15,10,9,2025-06-03,Applied
2292,233,21,13,9,2025-12-29,Interview
2293,1395,30,8,11,2025-11-03,Screening
2294,922,16,1,4,2025-09-23,Rejected
2295,234,30,10,14,2025-06-19,Rejected
2296,726,26,1,2,2025-04-21,Rejected
2297,367,15,4,10,2025-07-02,Offer
2298,481,17,2,1,2025-10-09,Screening
2299,1597,23,13,15,2025-03-28,Screening
2300,1387,11,1,3,2025-05-22,Applied
2301,590,18,1,8,2025-10-29,Screening
2302,1535,28,8,9,2025-09-01,Interview
2303,1119,16,7,16,2025-12-18,Offer
2304,1866,27,2,6,2025-03-24,Interview
2305,216,15,12,14,2025-02-28,Rejected
2306,725,29,9,7,2025-11-07,Screening
2307,1840,11,15,6,2025-01-28,Rejected
2308,712,13,5,8,2025-07-04,Offer
2309,1888,18,1,7,2025-03-07,Applied
2310,1567,8,11,11,2025-02-13,Applied
2311,1826,9,10,11,2025-10-27,Interview
2312,1879,22,3,16,2025-11-29,Interview
2313,985,11,5,17,2025-03-07,Interview
2314,1159,17,4,2,2025-05-28,Applied
2315,1107,1,14,8,2025-10-13,Rejected
2316,391,30,4,14,2025-02-21,Applied
2317,1071,11,2,4,2025-01-28,Interview
2318,392,7,5,20,2025-07-23,Applied
2319,718,8,1,12,2025-10-05,Interview
2320,385,19,3,17,2025-02-16,Offer
2321,381,25,4,13,2025-02-10,Interview
2322,1101,4,1,16,2025-07-13,Applied
2323,1283,4,11,1,2025-01-26,Rejected
2324,1973,19,13,9,2025-03-23,Screening
2325,604,24,4,1,2025-02-13,Applied
2326,934,9,4,16,2025-04-01,Screening
2327,1971,17,4,14,2025-06-28,Screening
2328,399,18,5,1,2025-08-07,Interview
2329,100,1,4,18,2025-07-12,Interview
2330,1525,14,4,10,2025-12-02,Applied
2331,383,4,13,1,2025-11-15,Interview
2332,707,10,2,20,2025-04-09,Offer
2333,1216,23,4,8,2025-02-07,Interview
2334,1604,14,8,9,2025-02-13,Rejected
2335,1925,7,10,2,2025-02-26,Rejected
2336,1778,12,1,9,2025-08-11,Offer
2337,1626,22,6,7,2025-11-03,Screening
2338,1369,29,2,1,2025-11-20,Screening
2339,10,27,2,16,2025-01-26,Rejected
2340,264,16,6,5,2025-08-02,Offer
2341,1292,5,3,15,2025-09-07,Applied
2342,832,11,3,15,2025-08-18,Screening
2343,630,4,5,13,2025-04-02,Applied
2344,762,28,14,20,2025-06-06,Screening
2345,1595,13,8,20,2025-08-25,Interview
2346,195,30,3,17,2025-07-29,Applied
2347,562,8,10,14,2025-10-22,Hired
2348,1431,7,3,12,2025-01-28,Rejected
2349,1320,11,5,17,2025-12-05,Screening
2350,1914,11,10,20,2025-03-20,Applied
2351,97,26,7,19,2025-12-24,Rejected
2352,462,17,13,6,2025-06-20,Offer
2353,1663,22,5,18,2025-03-03,Screening
2354,758,14,2,17,2025-02-21,Hired
2355,87,2,1,18,2025-07-01,Rejected
2356,991,20,2,19,2025-03-05,Rejected
2357,77,21,15,8,2025-04-28,Screening
2358,1913,8,2,5,2025-09-01,Offer
2359,1740,22,11,17,2025-02-08,Applied
2360,1507,27,6,15,2025-10-02,Screening
2361,1170,2,8,3,2025-09-08,Applied
2362,661,21,15,11,2025-06-21,Rejected
2363,1135,15,3,8,2025-10-22,Applied
2364,1665,5,2,6,2025-10-19,Rejected
2365,765,6,4,2,2025-08-31,Hired
2366,678,17,14,13,2025-03-14,Rejected
2367,1321,8,7,16,2025-05-05,Screening
2368,1450,19,13,10,2025-06-27,Screening
2369,1673,5,1,14,2025-10-15,Rejected
2370,791,23,4,19,2025-12-25,Interview
2371,1358,19,14,4,2025-10-08,Offer
2372,1547,14,2,14,2025-02-06,Rejected
2373,583,10,1,10,2025-05-07,Screening
2374,671,13,11,3,2025-05-31,Offer
2375,1752,22,3,10,2025-07-06,Rejected
2376,538,5,1,20,2025-04-07,Applied
2377,1822,7,4,8,2025-05-25,Applied
2378,1186,10,2,8,2025-01-07,Rejected
2379,430,11,5,8,2025-11-21,Hired
2380,1638,3,3,18,2025-04-23,Applied
2381,1093,13,7,5,2025-08-16,Offer
2382,133,30,2,6,2025-09-25,Interview
2383,189,2,8,1,2025-10-25,Screening
2384,1747,4,7,6,2025-10-31,Interview
2385,1779,3,5,18,2025-06-26,Rejected
2386,1702,15,2,10,2025-01-10,Applied
2387,1948,4,11,19,2025-08-16,Applied
2388,1946,23,6,7,2025-01-06,Rejected
2389,573,21,1,10,2025-09-23,Applied
2390,1898,4,1,11,2025-03-03,Rejected
2391,279,30,11,3,2025-01-31,Screening
2392,1454,15,5,19,2025-07-11,Hired
2393,1649,6,2,15,2025-09-09,Screening
2394,542,23,14,15,2025-07-15,Screening
2395,1859,28,1,8,2025-11-28,Rejected
2396,1185,30,9,9,2025-04-16,Screening
2397,746,27,7,17,2025-11-24,Applied
2398,899,5,3,2,2025-01-08,Screening
2399,453,12,1,10,2025-10-11,Rejected
2400,889,7,11,13,2025-02-01,Applied
2401,851,3,2,1,2025-01-21,Applied
2402,170,7,1,9,2025-03-29,Rejected
2403,830,12,1,6,2025-05-21,Rejected
2404,698,15,3,1,2025-02-10,Interview
2405,1081,19,8,19,2025-09-13,Offer
2406,1264,30,4,3,2025-11-07,Screening
2407,769,6,1,13,2025-09-06,Screening
2408,358,8,7,3,2025-11-14,Applied
2409,201,29,3,7,2025-01-21,Interview
2410,444,6,2,13,2025-11-29,Offer
2411,1861,26,7,10,2025-03-03,Screening
2412,827,27,1,7,2025-01-06,Rejected
2413,1326,3,3,9,2025-09-07,Applied
2414,1130,28,12,17,2025-05-14,Interview
2415,1826,5,1,7,2025-12-21,Interview
2416,101,9,2,2,2025-01-28,Screening
2417,1121,24,2,20,2025-04-20,Interview
2418,1689,16,1,18,2025-10-03,Rejected
2419,938,22,2,18,2025-10-16,Screening
2420,29,16,2,6,2025-02-14,Rejected
2421,1530,9,6,19,2025-12-13,Screening
2422,665,18,6,10,2025-04-13,Applied
2423,1462,13,7,17,2025-05-15,Applied
2424,1403,11,7,17,2025-03-31,Rejected
2425,73,25,6,19,2025-03-22,Applied
2426,254,10,7,13,2025-01-20,Interview
2427,1987,29,3,9,2025-03-09,Rejected
2428,1935,10,8,5,2025-07-26,Rejected
2429,516,6,13,14,2025-07-16,Screening
2430,749,16,11,15,2025-10-17,Rejected
2431,1574,25,3,5,2025-03-09,Screening
2432,1044,12,5,14,2025-01-27,Rejected
2433,1649,4,2,9,2025-10-28,Rejected
2434,535,5,5,6,2025-01-20,Offer
2435,421,2,12,16,2025-09-14,Applied
2436,446,19,5,8,2025-05-17,Applied
2437,879,1,10,9,2025-05-16,Screening
2438,136,4,9,18,2025-08-12,Rejected
2439,1529,12,2,1,2025-12-31,Rejected
2440,1957,2,4,18,2025-09-06,Screening
2441,1784,12,4,9,2025-06-09,Offer
2442,1325,16,3,17,2025-07-04,Rejected
2443,1633,2,1,1,2025-10-15,Offer
2444,33,17,1,5,2025-04-16,Rejected
2445,647,26,1,7,2025-07-15,Interview
2446,1791,28,2,10,2025-06-19,Applied
2447,278,2,13,1,2025-02-23,Rejected
2448,133,4,4,12,2025-09-16,Screening
2449,750,6,5,9,2025-06-10,Screening
2450,1551,29,11,2,2025-07-12,Screening
2451,1813,28,2,20,2025-04-20,Screening
2452,126,23,1,10,2025-08-18,Rejected
2453,345,7,14,5,2025-10-23,Applied
2454,17,23,5,12,2025-07-29,Applied
2455,824,15,11,4,2025-03-13,Rejected
2456,562,20,2,3,2025-11-25,Screening
2457,647,12,1,1,2025-01-06,Rejected
2458,630,5,13,9,2025-02-28,Rejected
2459,1402,14,2,16,2025-06-21,Offer
2460,818,16,7,17,2025-11-24,Interview
2461,60,11,6,14,2025-02-04,Rejected
2462,1661,12,2,3,2025-02-17,Offer
2463,467,19,10,4,2025-08-18,Offer
2464,628,17,1,7,2025-01-19,Rejected
2465,391,30,4,17,2025-10-30,Interview
2466,936,24,4,20,2025-08-17,Applied
2467,685,26,2,1,2025-07-13,Rejected
2468,1211,27,1,5,2025-04-16,Offer
2469,498,7,10,4,2025-11-22,Offer
2470,600,30,1,4,2025-02-24,Rejected
2471,1739,9,2,11,2025-04-29,Applied
2472,1385,14,5,20,2025-12-23,Rejected
2473,1847,26,10,6,2025-04-11,Screening
2474,1856,20,1,14,2025-11-28,Rejected
2475,449,12,11,17,2025-12-03,Interview
2476,1718,15,4,20,2025-12-24,Interview
2477,1888,12,8,16,2025-03-01,Offer
2478,680,21,10,4,2025-03-05,Applied
2479,1205,21,5,6,2025-02-04,Rejected
2480,1836,29,10,10,2025-05-12,Offer
2481,1983,23,4,19,2025-04-23,Rejected
2482,130,13,3,11,2025-12-12,Rejected
2483,1999,9,6,9,2025-07-27,Interview
2484,149,24,7,8,2025-02-11,Rejected
2485,1496,7,3,11,2025-12-24,Rejected
2486,818,30,10,1,2025-04-16,Interview
2487,1745,1,2,20,2025-03-20,Applied
2488,1647,28,12,19,2025-03-13,Screening
2489,948,10,14,6,2025-09-16,Offer
2490,500,29,1,3,2025-10-11,Rejected
2491,1673,6,2,11,2025-07-01,Offer
2492,1379,26,15,20,2025-12-29,Applied
2493,1940,15,2,10,2025-01-08,Applied
2494,1235,15,1,6,2025-10-11,Interview
2495,658,9,2,6,2025-03-04,Interview
2496,1620,13,14,17,2025-08-10,Rejected
2497,1054,23,10,12,2025-11-30,Screening
2498,577,1,5,13,2025-02-27,Rejected
2499,1048,9,5,19,2025-09-26,Interview
2500,984,3,10,14,2025-04-28,Screening
2501,1967,30,8,4,2025-07-25,Offer
2502,723,9,7,19,2025-01-03,Applied
2503,222,20,11,8,2025-10-24,Applied
2504,602,25,10,15,2025-06-23,Screening
2505,1642,29,6,19,2025-04-21,Rejected
2506,684,15,10,11,2025-06-21,Screening
2507,742,24,2,9,2025-01-03,Applied
2508,925,7,3,3,2025-10-21,Interview
2509,1613,4,5,9,2025-02-17,Interview
2510,580,25,7,15,2025-08-08,Screening
2511,1901,20,5,3,2025-04-25,Interview
2512,401,17,4,4,2025-09-06,Interview
2513,1889,22,5,9,2025-09-02,Applied
2514,901,4,9,18,2025-04-20,Screening
2515,1628,26,4,17,2025-02-05,Screening
2516,512,19,4,15,2025-04-14,Screening
2517,88,28,10,18,2025-04-06,Applied
2518,1489,5,4,6,2025-05-24,Applied
2519,50,16,4,8,2025-08-18,Applied
2520,103,3,2,16,2025-07-18,Rejected
2521,368,11,7,20,2025-06-24,Offer
2522,936,25,10,3,2025-07-25,Rejected
2523,1516,28,2,5,2025-01-02,Screening
2524,1582,22,1,7,2025-02-13,Offer
2525,1715,15,1,16,2025-08-24,Rejected
2526,1803,19,14,1,2025-02-08,Screening
2527,1292,21,5,17,2025-09-05,Rejected
2528,1421,24,14,4,2025-05-04,Interview
2529,1344,14,9,20,2025-08-29,Applied
2530,1544,16,10,13,2025-07-08,Hired
2531,1473,24,4,8,2025-06-08,Screening
2532,1801,6,4,17,2025-08-16,Interview
2533,1500,5,5,2,2025-08-15,Hired
2534,898,21,2,2,2025-12-14,Interview
2535,1614,17,1,7,2025-01-12,Rejected
2536,909,16,1,6,2025-09-16,Rejected
2537,1264,2,11,2,2025-12-01,Rejected
2538,258,28,8,10,2025-12-22,Rejected
2539,1732,11,2,4,2025-05-12,Rejected
2540,1996,4,4,8,2025-01-20,Offer
2541,1968,6,6,8,2025-08-25,Screening
2542,1866,27,1,19,2025-06-13,Rejected
2543,1667,7,8,9,2025-09-11,Screening
2544,1988,17,3,10,2025-01-17,Interview
2545,390,8,11,5,2025-02-20,Applied
2546,1367,28,12,13,2025-01-08,Screening
2547,773,1,1,15,2025-08-29,Screening
2548,754,25,4,13,2025-08-22,Rejected
2549,1411,15,1,12,2025-04-30,Rejected
2550,394,20,10,4,2025-10-29,Rejected
2551,683,12,5,11,2025-11-08,Screening
2552,1683,15,2,10,2025-07-18,Rejected
2553,270,23,3,4,2025-05-14,Applied
2554,149,27,2,9,2025-03-03,Screening
2555,1404,30,12,5,2025-10-16,Rejected
2556,811,22,2,17,2025-01-01,Applied
2557,28,15,2,4,2025-10-07,Rejected
2558,1173,29,8,14,2025-07-08,Interview
2559,1444,9,8,2,2025-06-25,Applied
2560,280,16,3,15,2025-12-13,Rejected
2561,1206,30,4,4,2025-03-08,Applied
2562,166,2,15,7,2025-10-08,Screening
2563,17,15,4,1,2025-07-04,Rejected
2564,1174,15,2,19,2025-12-31,Screening
2565,339,27,5,19,2025-01-19,Applied
2566,1069,7,2,10,2025-07-22,Screening
2567,1526,27,1,16,2025-11-02,Screening
2568,842,21,3,20,2025-04-05,Rejected
2569,189,13,2,17,2025-07-12,Interview
2570,651,23,5,7,2025-07-20,Rejected
2571,1085,17,6,12,2025-07-29,Rejected
2572,294,11,7,19,2025-12-03,Rejected
2573,1858,27,7,19,2025-10-28,Hired
2574,1057,10,3,8,2025-04-18,Offer
2575,1323,25,7,17,2025-07-05,Hired
2576,415,1,1,6,2025-05-30,Screening
2577,1648,14,4,1,2025-01-22,Rejected
2578,803,5,3,20,2025-07-11,Rejected
2579,1573,30,1,4,2025-11-22,Screening
2580,431,8,5,16,2025-09-02,Offer
2581,1519,1,8,7,2025-12-10,Applied
2582,1124,7,2,13,2025-09-11,Applied
2583,1047,2,2,18,2025-07-14,Applied
2584,1444,7,5,20,2025-02-08,Screening
2585,1448,7,2,6,2025-10-10,Rejected
2586,487,9,5,18,2025-11-03,Rejected
2587,1754,22,8,6,2025-08-14,Applied
2588,89,4,11,7,2025-03-06,Offer
2589,1233,23,11,15,2025-10-03,Screening
2590,271,7,3,10,2025-01-06,Offer
2591,1957,20,15,20,2025-06-26,Screening
2592,1773,18,5,3,2025-10-30,Rejected
2593,900,13,5,15,2025-08-03,Rejected
2594,1430,11,11,1,2025-08-25,Offer
2595,1745,9,2,3,2025-08-08,Interview
2596,278,14,1,7,2025-08-30,Rejected
2597,206,8,9,7,2025-12-12,Interview
2598,1614,21,10,17,2025-08-14,Rejected
2599,913,14,8,15,2025-02-05,Screening
2600,328,21,3,13,2025-02-09,Applied
2601,1634,17,3,19,2025-06-15,Screening
2602,858,27,4,1,2025-09-15,Offer
2603,877,25,3,14,2025-03-18,Screening
2604,862,27,6,19,2025-04-29,Screening
2605,336,14,6,19,2025-05-07,Offer
2606,606,26,10,8,2025-03-26,Screening
2607,592,27,5,16,2025-04-05,Rejected
2608,1062,24,2,20,2025-08-10,Screening
2609,1014,5,14,10,2025-03-12,Hired
2610,1944,10,12,15,2025-04-21,Screening
2611,1252,6,2,14,2025-01-08,Interview
2612,1507,28,3,14,2025-12-14,Rejected
2613,1158,10,1,3,2025-03-16,Offer
2614,708,11,4,6,2025-07-17,Applied
2615,978,26,2,4,2025-07-25,Applied
2616,1414,24,8,11,2025-06-08,Applied
2617,1818,6,9,20,2025-04-30,Interview
2618,1637,10,2,4,2025-02-21,Screening
2619,425,14,1,8,2025-10-27,Screening
2620,587,20,10,15,2025-06-07,Offer
2621,806,3,2,8,2025-09-18,Hired
2622,1534,7,1,9,2025-07-01,Offer
2623,720,29,13,19,2025-07-16,Applied
2624,1619,2,5,1,2025-10-13,Hired
2625,1451,7,10,4,2025-05-25,Screening
2626,949,17,11,12,2025-04-21,Applied
2627,655,13,4,4,2025-08-30,Interview
2628,474,26,1,5,2025-10-08,Offer
2629,568,21,1,18,2025-05-06,Interview
2630,1385,9,2,3,2025-09-02,Rejected
2631,1976,13,1,19,2025-05-17,Rejected
2632,1823,15,6,11,2025-06-18,Interview
2633,211,13,11,20,2025-12-10,Rejected
2634,1977,17,1,18,2025-06-01,Interview
2635,1203,8,1,20,2025-08-16,Rejected
2636,1944,9,6,17,2025-05-05,Applied
2637,1082,9,15,1,2025-01-16,Interview
2638,1097,8,5,2,2025-10-13,Applied
2639,215,16,13,19,2025-05-23,Rejected
2640,900,20,2,11,2025-11-17,Applied
2641,1802,30,2,15,2025-01-03,Rejected
2642,1983,30,8,10,2025-07-20,Applied
2643,1097,7,1,12,2025-11-22,Hired
2644,467,17,4,18,2025-03-25,Applied
2645,1295,7,2,11,2025-02-03,Applied
2646,1523,6,6,2,2025-11-04,Screening
2647,354,5,8,2,2025-05-05,Offer
2648,1258,17,1,19,2025-07-19,Offer
2649,1343,8,5,4,2025-11-23,Rejected
2650,1043,26,10,14,2025-07-11,Rejected
2651,625,1,9,17,2025-05-20,Screening
2652,1599,16,10,13,2025-07-29,Screening
2653,372,17,2,13,2025-02-28,Applied
2654,184,30,2,19,2025-10-09,Rejected
2655,1301,3,10,6,2025-06-24,Hired
2656,674,13,7,2,2025-07-08,Applied
2657,755,8,3,18,2025-01-03,Offer
2658,1169,16,11,3,2025-09-23,Rejected
2659,1682,24,7,8,2025-06-07,Applied
2660,1105,30,5,8,2025-09-29,Applied
2661,322,7,10,20,2025-03-29,Screening
2662,435,21,2,19,2025-07-31,Offer
2663,1857,15,10,5,2025-01-18,Screening
2664,1067,24,9,10,2025-12-11,Applied
2665,1337,2,6,18,2025-04-29,Rejected
2666,1930,24,11,10,2025-04-06,Screening
2667,293,28,6,15,2025-07-03,Offer
2668,688,27,11,16,2025-04-07,Applied
2669,888,2,5,15,2025-07-10,Screening
2670,69,10,4,19,2025-07-29,Rejected
2671,56,5,3,12,2025-06-05,Offer
2672,631,27,4,12,2025-06-11,Applied
2673,1228,29,5,5,2025-07-23,Screening
2674,420,4,8,13,2025-07-11,Applied
2675,1951,15,2,16,2025-09-17,Rejected
2676,567,13,5,15,2025-07-23,Rejected
2677,550,17,15,12,2025-02-08,Screening
2678,243,21,6,7,2025-02-12,Offer
2679,1225,23,2,16,2025-02-23,Rejected
2680,748,1,5,19,2025-05-15,Applied
2681,1498,18,4,18,2025-08-09,Offer
2682,527,28,7,8,2025-06-13,Screening
2683,1680,15,5,12,2025-09-16,Screening
2684,77,14,4,17,2025-06-23,Screening
2685,1502,9,2,1,2025-02-12,Interview
2686,1845,12,14,10,2025-03-27,Rejected
2687,440,5,13,1,2025-03-04,Applied
2688,1287,30,2,13,2025-06-03,Rejected
2689,1209,29,1,5,2025-01-27,Rejected
2690,1079,23,4,3,2025-06-14,Rejected
2691,1332,2,4,16,2025-10-25,Rejected
2692,516,23,5,1,2025-10-03,Applied
2693,1323,23,2,5,2025-01-24,Rejected
2694,1576,7,8,11,2025-06-03,Offer
2695,1254,21,1,1,2025-09-24,Screening
2696,1401,9,2,10,2025-05-26,Rejected
2697,1310,18,11,3,2025-11-12,Interview
2698,1162,4,13,7,2025-11-23,Screening
2699,1502,2,3,3,2025-11-23,Interview
2700,615,24,9,20,2025-06-20,Interview
2701,1031,28,4,9,2025-06-10,Rejected
2702,676,27,2,1,2025-07-11,Rejected
2703,1443,1,7,1,2025-09-06,Rejected
2704,1496,25,1,7,2025-02-10,Applied
2705,1959,12,2,2,2025-07-04,Rejected
2706,420,13,11,10,2025-04-24,Interview
2707,1901,14,5,7,2025-05-04,Rejected
2708,276,5,4,13,2025-03-17,Rejected
2709,1585,27,2,6,2025-05-31,Applied
2710,608,28,2,11,2025-11-26,Rejected
2711,571,3,1,10,2025-05-29,Applied
2712,1767,28,2,15,2025-07-08,Screening
2713,1713,27,2,1,2025-03-31,Screening
2714,90,4,6,19,2025-08-13,Screening
2715,282,17,3,5,2025-12-23,Interview
2716,1572,19,4,7,2025-04-27,Rejected
2717,1195,11,2,10,2025-06-11,Screening
2718,638,8,1,10,2025-11-27,Offer
2719,811,12,4,9,2025-11-19,Interview
2720,1379,18,10,13,2025-09-14,Rejected
2721,1228,18,4,4,2025-04-08,Screening
2722,1313,9,6,8,2025-11-20,Applied
2723,868,5,2,15,2025-01-29,Interview
2724,462,21,1,16,2025-07-10,Rejected
2725,1633,17,6,19,2025-05-12,Applied
2726,750,13,5,6,2025-09-06,Offer
2727,1197,6,3,6,2025-04-17,Screening
2728,301,24,13,10,2025-02-28,Hired
2729,600,22,2,4,2025-12-16,Rejected
2730,1935,14,4,2,2025-10-11,Applied
2731,1887,15,3,3,2025-03-16,Offer
2732,529,23,1,13,2025-06-16,Offer
2733,140,14,2,20,2025-12-04,Rejected
2734,1790,4,4,4,2025-05-05,Screening
2735,278,18,1,7,2025-01-09,Rejected
2736,663,1,7,19,2025-03-31,Offer
2737,511,12,13,7,2025-10-05,Interview
2738,1370,22,1,3,2025-12-17,Rejected
2739,1870,9,4,3,2025-01-04,Applied
2740,1164,10,14,3,2025-05-18,Screening
2741,114,21,4,11,2025-01-04,Screening
2742,580,28,3,6,2025-02-13,Rejected
2743,1531,18,1,14,2025-07-09,Interview
2744,1390,17,3,2,2025-10-06,Interview
2745,691,19,1,11,2025-11-27,Interview
2746,637,4,1,5,2025-12-10,Interview
2747,1421,16,2,8,2025-04-14,Applied
2748,1849,7,3,11,2025-10-15,Screening
2749,823,9,6,2,2025-04-11,Rejected
2750,1874,8,5,13,2025-08-13,Offer
2751,875,25,10,1,2025-01-21,Hired
2752,1948,7,7,8,2025-04-30,Offer
2753,1894,10,1,5,2025-03-27,Interview
2754,1769,8,8,10,2025-05-28,Applied
2755,940,24,10,4,2025-09-16,Offer
2756,1683,17,5,9,2025-02-03,Interview
2757,942,12,3,18,2025-10-24,Interview
2758,1135,14,8,6,2025-04-15,Interview
2759,1899,12,15,17,2025-04-02,Interview
2760,358,25,8,9,2025-06-28,Rejected
2761,1262,2,5,10,2025-01-23,Screening
2762,3,12,2,4,2025-03-22,Screening
2763,1747,27,9,2,2025-04-03,Interview
2764,404,14,8,2,2025-11-28,Screening
2765,25,7,11,20,2025-06-07,Rejected
2766,1867,29,3,15,2025-11-08,Screening
2767,509,26,9,1,2025-11-25,Rejected
2768,696,26,11,13,2025-05-13,Rejected
2769,1489,13,3,2,2025-06-04,Screening
2770,61,21,5,13,2025-03-03,Screening
2771,1532,4,5,7,2025-03-01,Offer
2772,123,1,4,12,2025-10-22,Interview
2773,1521,17,2,9,2025-01-14,Interview
2774,55,3,3,18,2025-11-16,Offer
2775,1187,30,3,16,2025-10-20,Rejected
2776,974,17,6,1,2025-06-28,Screening
2777,1723,8,4,10,2025-11-29,Rejected
2778,1063,3,1,1,2025-05-30,Screening
2779,1721,27,7,4,2025-05-07,Offer
2780,1107,10,2,4,2025-07-04,Screening
2781,1731,2,12,8,2025-08-31,Applied
2782,546,22,5,7,2025-08-20,Interview
2783,113,4,3,8,2025-05-23,Offer
2784,425,29,10,7,2025-05-26,Rejected
2785,918,29,6,18,2025-03-15,Applied
2786,230,14,4,2,2025-10-06,Rejected
2787,1307,11,15,12,2025-06-27,Rejected
2788,917,14,6,3,2025-03-24,Screening
2789,1961,13,3,11,2025-10-24,Applied
2790,1311,27,1,20,2025-02-08,Offer
2791,155,29,15,13,2025-11-24,Interview
2792,165,4,3,4,2025-11-08,Screening
2793,962,2,11,10,2025-04-23,Interview
2794,1206,2,8,17,2025-11-21,Rejected
2795,1263,11,7,17,2025-04-23,Hired
2796,649,22,1,20,2025-07-31,Screening
2797,1363,5,13,6,2025-10-31,Screening
2798,938,9,4,18,2025-08-21,Interview
2799,512,20,6,18,2025-06-06,Hired
2800,932,21,5,4,2025-09-29,Applied
2801,266,17,11,11,2025-05-24,Applied
2802,187,12,2,9,2025-11-21,Screening
2803,1064,28,3,3,2025-02-05,Applied
2804,1846,18,1,6,2025-05-21,Rejected
2805,1517,3,5,15,2025-05-06,Interview
2806,1703,5,10,2,2025-04-18,Screening
2807,391,28,9,6,2025-07-20,Applied
2808,1284,21,3,18,2025-07-05,Rejected
2809,655,20,9,20,2025-08-10,Interview
2810,1740,14,7,12,2025-06-26,Rejected
2811,176,16,1,14,2025-09-30,Rejected
2812,774,26,10,17,2025-09-27,Screening
2813,764,19,6,19,2025-09-03,Offer
2814,1353,9,5,9,2025-02-07,Interview
2815,931,17,10,16,2025-04-24,Applied
2816,1224,22,4,8,2025-10-07,Rejected
2817,711,7,2,7,2025-07-20,Applied
2818,1220,10,15,15,2025-12-28,Screening
2819,826,4,2,8,2025-06-21,Rejected
2820,589,10,8,18,2025-09-21,Applied
2821,531,3,1,19,2025-02-24,Rejected
2822,1086,24,4,8,2025-03-04,Screening
2823,1351,9,6,10,2025-07-16,Offer
2824,1930,13,8,6,2025-08-13,Screening
2825,281,1,6,4,2025-01-25,Screening
2826,1964,15,5,15,2025-06-27,Interview
2827,1786,15,1,16,2025-05-23,Rejected
2828,227,11,2,18,2025-03-22,Interview
2829,639,28,11,6,2025-04-25,Screening
2830,1082,10,9,4,2025-12-31,Offer
2831,921,25,1,8,2025-05-17,Screening
2832,477,7,1,11,2025-08-25,Screening
2833,1400,1,4,14,2025-02-11,Interview
2834,716,7,8,4,2025-09-11,Rejected
2835,243,5,1,6,2025-06-09,Interview
2836,367,26,2,8,2025-06-22,Rejected
2837,936,29,1,1,2025-05-26,Rejected
2838,1868,29,2,17,2025-09-02,Applied
2839,1524,23,4,9,2025-10-30,Hired
2840,838,16,2,14,2025-09-23,Screening
2841,1276,28,5,9,2025-09-23,Screening
2842,906,25,15,6,2025-06-27,Screening
2843,1346,8,2,19,2025-04-26,Screening
2844,376,22,10,14,2025-08-16,Rejected
2845,1433,2,6,16,2025-10-15,Offer
2846,711,8,8,13,2025-10-24,Screening
2847,1512,28,8,13,2025-05-09,Offer
2848,343,14,6,6,2025-11-15,Applied
2849,240,4,1,17,2025-04-08,Rejected
2850,139,24,2,12,2025-12-30,Applied
2851,1146,15,12,11,2025-11-19,Rejected
2852,420,7,3,2,2025-01-18,Interview
2853,1585,20,9,20,2025-07-19,Rejected
2854,304,8,4,7,2025-02-12,Rejected
2855,115,27,2,7,2025-08-04,Rejected
2856,343,11,10,6,2025-07-18,Applied
2857,1275,28,7,10,2025-02-09,Applied
2858,7,27,2,17,2025-07-06,Applied
2859,731,2,15,4,2025-08-15,Rejected
2860,1613,9,5,14,2025-08-10,Hired
2861,179,6,3,13,2025-10-19,Rejected
2862,1169,23,3,4,2025-11-15,Screening
2863,416,26,6,18,2025-02-01,Screening
2864,666,1,1,3,2025-07-09,Screening
2865,1145,3,1,6,2025-11-19,Rejected
2866,1148,30,6,7,2025-05-01,Rejected
2867,150,10,2,8,2025-07-01,Hired
2868,397,5,1,2,2025-03-05,Rejected
2869,381,12,5,16,2025-10-26,Rejected
2870,1804,23,3,10,2025-07-22,Hired
2871,839,1,13,2,2025-04-29,Rejected
2872,1,9,11,4,2025-10-07,Rejected
2873,1697,21,5,2,2025-08-20,Rejected
2874,244,13,2,13,2025-08-03,Hired
2875,1911,28,2,20,2025-08-12,Applied
2876,1422,19,5,16,2025-09-07,Screening
2877,1275,7,10,2,2025-06-08,Applied
2878,879,26,8,15,2025-08-30,Applied
2879,1600,16,10,8,2025-04-14,Offer
2880,1323,8,1,6,2025-08-23,Offer
2881,760,26,2,8,2025-09-04,Screening
2882,954,26,3,14,2025-09-29,Rejected
2883,1321,19,14,4,2025-03-31,Offer
2884,977,7,15,11,2025-06-01,Applied
2885,1988,23,2,3,2025-10-24,Rejected
2886,1524,4,10,10,2025-03-26,Rejected
2887,1139,10,7,13,2025-01-06,Applied
2888,1831,25,5,10,2025-01-06,Screening
2889,1,1,6,18,2025-01-26,Rejected
2890,553,17,2,17,2025-10-15,Offer
2891,1709,21,7,18,2025-04-26,Offer
2892,1624,13,15,19,2025-01-05,Rejected
2893,482,19,5,4,2025-11-22,Applied
2894,1634,26,1,6,2025-09-26,Rejected
2895,600,13,4,10,2025-03-31,Applied
2896,763,9,1,3,2025-02-09,Applied
2897,1534,5,3,18,2025-06-23,Rejected
2898,335,23,2,12,2025-04-18,Offer
2899,465,1,1,18,2025-02-20,Rejected
2900,1165,2,7,4,2025-09-15,Interview
2901,583,11,2,9,2025-09-20,Applied
2902,137,28,5,18,2025-08-03,Screening
2903,1004,4,1,16,2025-12-13,Applied
2904,1983,9,1,6,2025-12-29,Screening
2905,1635,5,4,9,2025-10-09,Rejected
2906,1687,5,6,9,2025-10-10,Applied
2907,950,25,2,1,2025-05-10,Screening
2908,687,8,14,15,2025-05-26,Applied
2909,167,2,1,1,2025-07-15,Rejected
2910,1367,7,1,19,2025-10-24,Rejected
2911,1434,17,9,7,2025-05-29,Rejected
2912,1793,26,2,15,2025-11-16,Applied
2913,910,27,7,14,2025-08-19,Rejected
2914,1760,11,14,20,2025-02-23,Interview
2915,880,15,2,13,2025-07-19,Interview
2916,842,25,15,13,2025-07-04,Applied
2917,65,3,7,17,2025-02-19,Applied
2918,1605,13,7,10,2025-01-12,Rejected
2919,1091,18,5,17,2025-11-07,Interview
2920,433,20,15,8,2025-09-22,Screening
2921,1074,20,2,11,2025-07-06,Offer
2922,1338,3,11,19,2025-08-05,Interview
2923,1333,2,1,10,2025-09-15,Screening
2924,1627,5,7,9,2025-02-18,Applied
2925,115,20,8,9,2025-08-20,Applied
2926,1910,5,4,4,2025-06-01,Applied
2927,569,13,3,1,2025-12-14,Offer
2928,1366,28,6,15,2025-03-15,Offer
2929,1554,28,5,2,2025-08-30,Rejected
2930,1808,8,6,17,2025-08-06,Screening
2931,642,27,8,12,2025-11-04,Applied
2932,495,16,1,8,2025-10-04,Interview
2933,1293,18,7,19,2025-06-01,Rejected
2934,941,25,2,8,2025-11-26,Rejected
2935,1104,26,6,13,2025-08-21,Screening
2936,1480,16,1,9,2025-08-28,Applied
2937,1323,1,14,9,2025-12-10,Hired
2938,968,8,8,5,2025-12-25,Hired
2939,822,28,11,12,2025-12-03,Interview
2940,202,21,9,7,2025-07-13,Screening
2941,1527,2,2,16,2025-01-28,Screening
2942,1761,24,8,15,2025-04-03,Rejected
2943,1695,5,14,19,2025-09-21,Offer
2944,1740,26,4,14,2025-05-04,Screening
2945,649,15,1,9,2025-11-01,Rejected
2946,1509,14,11,20,2025-12-31,Applied
2947,1609,26,11,12,2025-08-06,Applied
2948,560,29,2,12,2025-02-24,Interview
2949,1042,30,3,8,2025-11-13,Rejected
2950,478,3,9,9,2025-03-10,Rejected
2951,488,7,10,8,2025-06-16,Applied
2952,983,4,7,10,2025-08-02,Rejected
2953,779,11,8,17,2025-05-03,Rejected
2954,1470,27,2,9,2025-09-23,Rejected
2955,340,26,8,2,2025-07-23,Applied
2956,1555,12,1,13,2025-08-22,Rejected
2957,612,15,4,5,2025-07-02,Interview
2958,116,6,2,14,2025-06-06,Rejected
2959,1882,26,13,16,2025-06-16,Applied
2960,74,24,11,17,2025-03-05,Applied
2961,1816,1,12,10,2025-10-04,Rejected
2962,1293,18,5,9,2025-12-16,Rejected
2963,1661,14,5,3,2025-03-20,Rejected
2964,116,29,15,8,2025-05-16,Interview
2965,1710,24,5,9,2025-05-30,Screening
2966,1717,7,1,20,2025-04-15,Rejected
2967,1762,10,12,11,2025-04-18,Interview
2968,1693,9,2,14,2025-05-07,Rejected
2969,1188,2,2,16,2025-02-13,Offer
2970,1607,8,10,20,2025-05-17,Hired
2971,1246,22,11,4,2025-01-23,Interview
2972,126,1,4,7,2025-07-15,Rejected
2973,657,20,2,19,2025-07-26,Applied
2974,1200,30,7,6,2025-12-12,Rejected
2975,1997,2,12,4,2025-08-05,Interview
2976,664,7,7,3,2025-09-01,Applied
2977,1718,25,1,5,2025-07-14,Rejected
2978,1399,16,2,3,2025-02-05,Rejected
2979,991,22,8,7,2025-04-29,Screening
2980,1018,4,2,4,2025-11-18,Rejected
2981,859,21,3,13,2025-01-09,Interview
2982,1522,27,2,1,2025-12-25,Interview
2983,85,17,15,18,2025-12-09,Screening
2984,1900,29,1,2,2025-04-04,Screening
2985,1407,4,1,4,2025-04-27,Screening
2986,633,29,7,17,2025-10-14,Applied
2987,1665,26,3,19,2025-09-11,Screening
2988,1487,3,8,1,2025-03-05,Screening
2989,451,9,1,5,2025-12-19,Rejected
2990,518,22,5,19,2025-05-20,Interview
2991,846,15,7,9,2025-08-25,Rejected
2992,695,20,3,19,2025-01-29,Rejected
2993,550,3,1,12,2025-05-18,Interview
2994,929,12,10,1,2025-07-08,Interview
2995,116,15,1,16,2025-10-10,Screening
2996,1638,29,1,19,2025-09-17,Screening
2997,1032,20,2,16,2025-07-07,Screening
2998,1242,8,4,16,2025-05-27,Rejected
2999,1743,12,6,7,2025-02-14,Rejected
3000,1614,21,10,3,2025-03-07,Offer
3001,1904,13,4,17,2025-08-15,Rejected
3002,404,15,5,9,2025-08-22,Applied
3003,1591,11,15,11,2025-11-09,Applied
3004,304,17,7,6,2025-11-21,Rejected
3005,1491,21,2,1,2025-04-20,Rejected
3006,1976,24,6,17,2025-07-25,Applied
3007,740,27,4,7,2025-06-26,Screening
3008,88,12,7,7,2025-04-19,Interview
3009,1034,20,10,18,2025-08-02,Rejected
3010,308,30,10,8,2025-05-30,Applied
3011,434,18,1,9,2025-03-11,Rejected
3012,802,29,4,15,2025-11-03,Rejected
3013,164,16,2,16,2025-06-20,Applied
3014,1263,3,3,3,2025-11-14,Screening
3015,1341,30,5,2,2025-09-02,Screening
3016,996,27,2,4,2025-11-23,Rejected
3017,656,9,9,18,2025-08-27,Rejected
3018,1359,30,2,16,2025-10-29,Screening
3019,18,7,5,13,2025-08-27,Screening
3020,1095,19,5,8,2025-05-25,Offer
3021,1199,5,6,2,2025-01-12,Offer
3022,1878,19,13,10,2025-12-15,Screening
3023,1824,10,2,7,2025-10-14,Interview
3024,811,20,5,12,2025-04-08,Rejected
3025,339,12,8,16,2025-11-23,Screening
3026,1960,8,5,2,2025-08-10,Screening
3027,248,30,6,20,2025-05-03,Interview
3028,1217,3,7,8,2025-11-08,Interview
3029,1443,19,7,13,2025-03-17,Rejected
3030,1349,27,2,3,2025-03-26,Rejected
3031,306,11,10,20,2025-11-09,Offer
3032,1804,8,5,13,2025-07-18,Rejected
3033,204,26,3,7,2025-11-23,Rejected
3034,853,13,14,14,2025-01-15,Rejected
3035,1147,26,8,9,2025-10-01,Rejected
3036,1594,23,15,8,2025-04-20,Applied
3037,1875,23,14,1,2025-11-17,Applied
3038,447,10,10,1,2025-01-18,Screening
3039,713,18,2,12,2025-10-05,Screening
3040,1515,12,3,17,2025-04-25,Rejected
3041,433,7,8,19,2025-05-04,Hired
3042,1648,26,4,1,2025-11-20,Applied
3043,1152,11,8,19,2025-04-24,Screening
3044,1572,10,3,18,2025-03-28,Interview
3045,1770,3,4,6,2025-01-08,Applied
3046,822,30,8,4,2025-09-23,Rejected
3047,1071,7,1,1,2025-02-14,Applied
3048,505,29,13,2,2025-06-07,Applied
3049,115,4,2,11,2025-10-03,Interview
3050,1440,29,2,4,2025-01-09,Screening
3051,1791,8,7,13,2025-02-01,Rejected
3052,995,8,1,20,2025-01-17,Interview
3053,223,6,3,20,2025-02-11,Interview
3054,636,13,2,18,2025-10-16,Rejected
3055,1973,12,2,2,2025-12-23,Hired
3056,1527,3,5,18,2025-03-09,Interview
3057,672,6,3,8,2025-05-02,Interview
3058,958,22,5,11,2025-04-20,Applied
3059,933,19,5,1,2025-09-22,Interview
3060,96,11,10,16,2025-05-20,Rejected
3061,107,4,10,8,2025-06-28,Screening
3062,632,15,3,11,2025-09-13,Screening
3063,1637,2,2,5,2025-09-27,Offer
3064,1639,15,3,3,2025-05-27,Screening
3065,1702,17,2,2,2025-10-30,Rejected
3066,1950,2,14,14,2025-01-25,Applied
3067,698,7,8,3,2025-05-25,Interview
3068,32,26,14,19,2025-10-05,Offer
3069,1517,16,1,12,2025-10-07,Interview
3070,66,5,13,7,2025-02-16,Rejected
3071,1203,16,10,2,2025-04-02,Hired
3072,779,25,1,9,2025-08-26,Interview
3073,1467,19,2,1,2025-04-13,Interview
3074,916,2,1,4,2025-06-25,Rejected
3075,549,15,4,12,2025-05-25,Interview
3076,201,4,8,7,2025-08-06,Offer
3077,1894,2,2,5,2025-02-17,Rejected
3078,49,27,11,11,2025-06-04,Rejected
3079,787,23,6,12,2025-12-02,Interview
3080,951,10,5,18,2025-07-13,Offer
3081,1704,22,9,16,2025-07-27,Applied
3082,263,24,4,12,2025-01-27,Screening
3083,1157,29,2,19,2025-12-17,Applied
3084,1834,5,10,11,2025-09-13,Applied
3085,344,18,10,16,2025-08-30,Applied
3086,1200,29,5,3,2025-05-22,Applied
3087,1415,4,10,20,2025-10-28,Applied
3088,11,1,4,8,2025-06-19,Offer
3089,201,18,2,7,2025-08-15,Offer
3090,945,20,14,18,2025-11-14,Interview
3091,926,6,2,7,2025-05-28,Interview
3092,1833,20,3,18,2025-01-05,Rejected
3093,3,20,4,1,2025-08-23,Hired
3094,1238,14,1,2,2025-07-07,Applied
3095,808,27,3,9,2025-06-03,Interview
3096,1331,26,2,2,2025-01-01,Interview
3097,1568,10,9,4,2025-09-14,Rejected
3098,560,18,1,9,2025-09-10,Rejected
3099,1351,9,2,4,2025-04-20,Rejected
3100,1788,12,1,4,2025-05-13,Applied
3101,199,10,1,14,2025-02-04,Interview
3102,1940,24,9,10,2025-11-01,Screening
3103,1625,24,7,15,2025-01-30,Screening
3104,109,21,4,19,2025-07-31,Applied
3105,1315,19,13,5,2025-12-03,Applied
3106,108,6,7,8,2025-03-04,Screening
3107,1432,14,5,9,2025-12-03,Interview
3108,552,25,4,13,2025-06-28,Offer
3109,973,8,13,12,2025-06-14,Offer
3110,52,23,4,19,2025-11-02,Applied
3111,112,14,1,11,2025-06-03,Screening
3112,295,11,14,13,2025-09-10,Applied
3113,1604,24,4,14,2025-09-02,Applied
3114,1213,16,3,9,2025-10-23,Offer
3115,1868,20,7,4,2025-03-07,Interview
3116,1745,6,1,3,2025-04-15,Offer
3117,65,15,8,20,2025-11-30,Screening
3118,574,15,10,4,2025-07-07,Applied
3119,465,14,10,10,2025-05-25,Screening
3120,258,21,1,14,2025-02-15,Rejected
3121,1670,12,2,2,2025-10-21,Interview
3122,1004,2,12,16,2025-08-29,Applied
3123,634,8,2,3,2025-02-21,Screening
3124,1355,19,2,7,2025-07-29,Applied
3125,1525,14,6,2,2025-10-16,Screening
3126,1707,5,1,4,2025-06-03,Hired
3127,210,24,10,16,2025-01-13,Offer
3128,1832,27,2,7,2025-09-26,Applied
3129,89,9,3,16,2025-07-06,Screening
3130,1703,13,3,11,2025-12-15,Applied
3131,28,9,2,11,2025-08-10,Applied
3132,238,14,4,14,2025-12-07,Applied
3133,336,5,6,2,2025-02-04,Applied
3134,63,2,2,9,2025-01-13,Applied
3135,1984,7,2,7,2025-03-12,Interview
3136,1791,16,2,2,2025-12-11,Applied
3137,1932,11,5,9,2025-10-16,Interview
3138,1577,11,6,20,2025-03-28,Applied
3139,500,23,6,11,2025-01-10,Interview
3140,1565,12,3,10,2025-12-21,Rejected
3141,791,13,2,11,2025-01-02,Interview
3142,1493,8,5,8,2025-05-25,Rejected
3143,592,24,10,2,2025-07-08,Screening
3144,1075,16,5,7,2025-06-30,Rejected
3145,1136,21,4,10,2025-09-04,Applied
3146,1897,1,5,13,2025-01-11,Applied
3147,301,13,5,9,2025-09-02,Applied
3148,1114,11,7,12,2025-08-30,Screening
3149,229,29,13,12,2025-01-26,Interview
3150,150,4,5,3,2025-12-12,Rejected
3151,1779,4,4,12,2025-07-27,Rejected
3152,1162,15,12,5,2025-10-31,Hired
3153,1159,27,6,2,2025-11-23,Rejected
3154,1481,3,5,2,2025-09-12,Rejected
3155,1625,24,1,19,2025-01-18,Rejected
3156,1518,19,1,18,2025-07-10,Applied
3157,527,29,5,14,2025-02-16,Interview
3158,333,21,4,12,2025-12-01,Screening
3159,1386,2,1,14,2025-01-07,Hired
3160,174,6,3,10,2025-03-06,Rejected
3161,1626,22,11,8,2025-03-18,Screening
3162,1237,24,2,19,2025-04-07,Rejected
3163,1367,8,8,3,2025-02-16,Screening
3164,61,17,1,18,2025-06-11,Applied
3165,1900,5,10,17,2025-06-10,Rejected
3166,1756,2,1,5,2025-09-26,Interview
3167,1085,26,6,4,2025-07-21,Screening
3168,819,12,10,5,2025-10-18,Interview
3169,1702,5,1,2,2025-06-21,Applied
3170,524,10,10,4,2025-05-15,Applied
3171,216,28,1,3,2025-09-01,Screening
3172,1613,9,3,16,2025-05-10,Rejected
3173,1768,20,1,15,2025-03-11,Applied
3174,624,8,2,15,2025-09-13,Offer
3175,578,1,9,19,2025-04-12,Interview
3176,694,24,3,18,2025-05-12,Screening
3177,423,6,3,4,2025-05-07,Rejected
3178,716,24,2,8,2025-05-29,Rejected
3179,1447,22,2,20,2025-04-17,Applied
3180,1395,11,2,9,2025-02-04,Applied
3181,1230,3,2,19,2025-01-24,Offer
3182,1310,28,12,4,2025-11-12,Screening
3183,1129,15,3,20,2025-01-12,Applied
3184,754,11,3,20,2025-02-04,Offer
3185,747,24,2,8,2025-09-25,Applied
3186,688,5,1,20,2025-06-14,Applied
3187,723,28,7,4,2025-05-31,Rejected
3188,1567,26,1,15,2025-07-27,Offer
3189,747,16,2,7,2025-01-18,Interview
3190,242,21,9,7,2025-10-26,Screening
3191,1515,28,13,4,2025-09-02,Rejected
3192,665,7,7,2,2025-09-08,Screening
3193,708,6,2,2,2025-03-31,Rejected
3194,1522,9,1,3,2025-11-02,Applied
3195,435,7,8,2,2025-09-02,Offer
3196,781,3,5,20,2025-08-11,Rejected
3197,484,11,4,20,2025-01-13,Applied
3198,1471,27,14,13,2025-12-18,Rejected
3199,384,12,3,18,2025-04-28,Rejected
3200,1534,21,5,13,2025-08-14,Rejected
3201,170,25,11,13,2025-01-26,Interview
3202,1021,11,4,2,2025-09-17,Applied
3203,950,29,2,14,2025-07-21,Rejected
3204,869,26,9,7,2025-11-08,Rejected
3205,323,30,4,5,2025-10-30,Offer
3206,848,2,6,3,2025-10-06,Rejected
3207,1498,1,10,11,2025-09-14,Hired
3208,1256,27,3,11,2025-08-14,Applied
3209,696,24,4,5,2025-07-31,Interview
3210,359,24,10,19,2025-09-22,Rejected
3211,1299,2,15,18,2025-01-20,Rejected
3212,1966,14,1,12,2025-08-28,Applied
3213,1935,13,10,11,2025-06-07,Applied
3214,32,24,2,3,2025-04-21,Screening
3215,177,5,11,20,2025-06-27,Interview
3216,917,2,8,11,2025-02-01,Interview
3217,65,23,2,7,2025-12-12,Applied
3218,1734,23,12,16,2025-02-13,Interview
3219,27,19,1,16,2025-11-13,Rejected
3220,1687,30,4,19,2025-06-01,Offer
3221,1839,17,2,15,2025-07-10,Screening
3222,1503,11,1,5,2025-11-02,Screening
3223,268,16,10,4,2025-12-29,Rejected
3224,597,20,7,11,2025-07-02,Interview
3225,1012,18,14,2,2025-04-15,Offer
3226,66,20,11,13,2025-05-06,Interview
3227,133,8,14,3,2025-01-29,Screening
3228,1929,2,6,12,2025-05-17,Applied
3229,916,17,14,9,2025-03-26,Interview
3230,1390,11,4,15,2025-06-20,Screening
3231,82,14,2,12,2025-09-21,Interview
3232,1917,16,13,19,2025-09-01,Rejected
3233,1855,15,7,18,2025-09-14,Offer
3234,982,15,1,12,2025-06-30,Screening
3235,1352,3,4,19,2025-04-19,Applied
3236,1122,26,15,10,2025-03-17,Offer
3237,585,7,13,8,2025-12-09,Offer
3238,327,29,7,14,2025-11-03,Hired
3239,542,12,5,17,2025-05-04,Interview
3240,1149,22,2,6,2025-08-22,Offer
3241,210,22,2,6,2025-03-20,Interview
3242,1808,23,2,5,2025-08-18,Rejected
3243,1749,24,10,7,2025-02-07,Interview
3244,133,3,6,6,2025-05-25,Applied
3245,1527,19,2,19,2025-11-15,Screening
3246,157,10,8,12,2025-01-21,Rejected
3247,1583,29,1,16,2025-05-01,Applied
3248,1893,8,2,12,2025-05-31,Offer
3249,875,16,3,1,2025-02-04,Screening
3250,382,16,10,5,2025-01-13,Interview
3251,1046,12,9,17,2025-04-24,Screening
3252,974,29,2,14,2025-11-18,Screening
3253,1977,30,15,7,2025-07-23,Rejected
3254,595,29,13,5,2025-04-19,Applied
3255,1443,23,6,8,2025-02-25,Interview
3256,472,26,5,14,2025-05-21,Offer
3257,234,5,10,20,2025-03-23,Applied
3258,572,20,3,4,2025-07-16,Rejected
3259,1478,6,2,19,2025-07-18,Applied
3260,1724,25,4,1,2025-06-24,Rejected
3261,1594,6,5,9,2025-12-19,Applied
3262,771,8,14,12,2025-09-14,Rejected
3263,1186,17,12,15,2025-06-09,Screening
3264,301,12,1,2,2025-06-03,Applied
3265,306,30,2,5,2025-03-17,Applied
3266,2,22,1,6,2025-11-07,Interview
3267,271,30,4,7,2025-04-19,Screening
3268,421,14,3,7,2025-08-02,Rejected
3269,1167,2,5,15,2025-03-17,Rejected
3270,700,19,4,6,2025-04-17,Rejected
3271,864,6,1,20,2025-08-15,Interview
3272,1877,18,6,16,2025-06-27,Interview
3273,960,4,2,20,2025-07-01,Rejected
3274,994,22,1,2,2025-05-30,Applied
3275,1760,5,2,18,2025-11-16,Applied
3276,1010,6,2,10,2025-08-20,Interview
3277,879,15,2,4,2025-07-21,Rejected
3278,692,6,1,12,2025-07-02,Hired
3279,1559,8,2,16,2025-09-26,Screening
3280,867,9,12,13,2025-02-20,Screening
3281,1061,21,4,6,2025-06-06,Interview
3282,107,22,1,11,2025-08-12,Screening
3283,1321,6,7,20,2025-08-01,Applied
3284,1765,22,1,14,2025-06-27,Screening
3285,1849,2,12,8,2025-04-03,Applied
3286,1121,16,1,13,2025-09-08,Offer
3287,281,20,1,7,2025-01-19,Screening
3288,1134,1,1,10,2025-06-08,Rejected
3289,549,30,3,11,2025-04-02,Interview
3290,552,28,4,7,2025-08-11,Rejected
3291,1621,16,8,7,2025-11-24,Rejected
3292,1838,1,7,19,2025-02-10,Rejected
3293,188,1,2,4,2025-02-21,Applied
3294,752,7,6,10,2025-07-16,Hired
3295,870,16,10,20,2025-08-10,Rejected
3296,1512,17,11,17,2025-08-08,Interview
3297,1378,16,13,5,2025-06-29,Rejected
3298,19,16,2,19,2025-06-07,Interview
3299,859,6,10,8,2025-01-06,Rejected
3300,1417,18,1,20,2025-10-03,Offer
3301,1861,22,5,11,2025-01-21,Applied
3302,1285,22,5,15,2025-02-19,Rejected
3303,985,28,1,8,2025-10-02,Rejected
3304,410,27,13,1,2025-05-21,Applied
3305,1427,3,2,7,2025-02-04,Screening
3306,1694,8,6,16,2025-05-31,Rejected
3307,484,27,10,13,2025-12-15,Applied
3308,1328,4,4,4,2025-09-05,Applied
3309,624,29,2,10,2025-04-06,Screening
3310,656,23,4,19,2025-04-12,Rejected
3311,768,4,4,17,2025-04-17,Screening
3312,1991,17,1,2,2025-04-18,Offer
3313,18,22,6,15,2025-08-07,Screening
3314,184,5,4,20,2025-12-14,Screening
3315,405,25,11,1,2025-05-29,Rejected
3316,799,14,6,13,2025-02-28,Offer
3317,1921,30,2,4,2025-10-01,Interview
3318,1155,15,4,16,2025-11-12,Applied
3319,479,25,4,6,2025-04-14,Rejected
3320,1817,12,2,19,2025-06-19,Interview
3321,1781,27,4,11,2025-11-03,Hired
3322,8,13,10,13,2025-05-07,Rejected
3323,705,24,1,12,2025-10-10,Applied
3324,1342,23,11,1,2025-10-01,Screening
3325,1415,30,8,19,2025-11-26,Screening
3326,1543,18,11,16,2025-12-13,Screening
3327,1160,14,2,12,2025-03-19,Screening
3328,531,24,6,7,2025-09-05,Rejected
3329,913,19,8,6,2025-06-13,Rejected
3330,1675,22,1,6,2025-09-17,Screening
3331,1391,26,4,20,2025-02-19,Applied
3332,1513,7,2,12,2025-01-04,Interview
3333,689,28,13,3,2025-02-20,Rejected
3334,1035,6,1,2,2025-07-10,Interview
3335,553,5,11,15,2025-03-14,Hired
3336,446,4,8,12,2025-09-05,Hired
3337,1138,18,2,8,2025-09-04,Screening
3338,1716,25,2,18,2025-10-03,Interview
3339,706,14,5,5,2025-10-06,Applied
3340,196,16,4,3,2025-10-01,Hired
3341,860,23,3,10,2025-04-16,Rejected
3342,1761,23,7,18,2025-10-22,Interview
3343,1867,20,4,12,2025-08-06,Rejected
3344,1347,14,14,9,2025-02-26,Offer
3345,1960,5,1,9,2025-05-30,Rejected
3346,1797,22,8,18,2025-07-18,Screening
3347,1536,28,13,3,2025-03-07,Rejected
3348,628,11,2,1,2025-02-20,Offer
3349,981,12,2,10,2025-11-14,Interview
3350,1686,18,1,11,2025-03-31,Rejected
3351,630,4,1,13,2025-10-21,Interview
3352,1189,13,5,20,2025-12-22,Screening
3353,1276,20,7,2,2025-12-25,Screening
3354,1803,28,6,19,2025-04-30,Rejected
3355,44,13,3,4,2025-08-19,Offer
3356,1494,4,3,1,2025-12-06,Applied
3357,489,23,7,6,2025-06-06,Rejected
3358,181,29,1,19,2025-07-05,Screening
3359,1101,23,3,13,2025-08-18,Screening
3360,374,7,2,7,2025-03-23,Hired
3361,628,23,2,10,2025-11-27,Applied
3362,957,2,5,14,2025-08-21,Screening
3363,67,21,11,9,2025-01-16,Screening
3364,1549,26,2,8,2025-01-14,Rejected
3365,1116,18,14,6,2025-10-10,Applied
3366,1782,21,4,9,2025-07-22,Screening
3367,779,28,1,13,2025-05-26,Offer
3368,651,6,1,4,2025-08-08,Screening
3369,1877,16,1,4,2025-04-28,Rejected
3370,1268,3,6,7,2025-07-12,Applied
3371,341,22,1,1,2025-05-21,Interview
3372,903,15,3,10,2025-05-21,Screening
3373,1809,21,1,2,2025-03-26,Applied
3374,1328,20,3,18,2025-11-14,Screening
3375,398,10,3,2,2025-10-06,Screening
3376,703,9,15,4,2025-06-04,Screening
3377,1472,11,6,13,2025-01-05,Interview
3378,97,14,1,14,2025-01-24,Screening
3379,1355,24,4,5,2025-05-26,Applied
3380,1229,12,5,6,2025-01-07,Rejected
3381,449,7,2,20,2025-08-01,Interview
3382,1442,11,4,20,2025-07-27,Applied
3383,1673,17,2,16,2025-08-27,Interview
3384,77,25,4,2,2025-08-28,Interview
3385,896,9,2,10,2025-11-22,Offer
3386,549,22,9,8,2025-02-05,Screening
3387,798,23,1,14,2025-03-11,Hired
3388,1449,13,5,7,2025-01-03,Rejected
3389,1453,16,8,15,2025-04-28,Interview
3390,1509,3,6,17,2025-01-30,Screening
3391,815,5,5,14,2025-02-02,Rejected
3392,1022,23,10,7,2025-09-23,Interview
3393,135,17,4,15,2025-03-19,Rejected
3394,654,28,4,9,2025-12-09,Rejected
3395,1278,1,4,14,2025-03-05,Screening
3396,1584,21,14,7,2025-08-31,Applied
3397,1279,9,6,17,2025-07-17,Hired
3398,646,23,10,3,2025-06-24,Offer
3399,1826,17,2,2,2025-01-13,Rejected
3400,720,29,4,1,2025-01-28,Rejected
3401,1523,13,2,9,2025-05-05,Rejected
3402,613,15,6,17,2025-04-24,Rejected
3403,484,28,14,19,2025-01-19,Screening
3404,1070,21,1,2,2025-05-14,Applied
3405,1467,8,8,8,2025-05-20,Rejected
3406,1606,8,1,9,2025-06-15,Applied
3407,648,28,4,7,2025-06-05,Rejected
3408,792,2,10,13,2025-08-11,Rejected
3409,579,23,10,13,2025-09-14,Rejected
3410,1028,10,15,13,2025-04-13,Rejected
3411,1760,5,3,10,2025-03-17,Applied
3412,1,16,1,16,2025-12-24,Rejected
3413,1314,25,2,1,2025-03-09,Applied
3414,109,19,2,9,2025-10-03,Rejected
3415,1801,1,3,5,2025-03-06,Screening
3416,1599,13,10,19,2025-11-01,Rejected
3417,460,4,3,8,2025-07-02,Interview
3418,266,7,1,20,2025-01-15,Applied
3419,1162,1,14,2,2025-01-04,Rejected
3420,1458,2,2,3,2025-06-12,Rejected
3421,44,16,15,1,2025-11-20,Interview
3422,886,14,5,12,2025-11-03,Screening
3423,1534,5,5,9,2025-06-09,Applied
3424,944,25,5,9,2025-03-22,Offer
3425,983,14,1,12,2025-11-28,Applied
3426,262,17,14,18,2025-08-30,Offer
3427,728,12,2,4,2025-02-25,Applied
3428,633,20,2,9,2025-01-26,Rejected
3429,152,12,15,7,2025-11-10,Screening
3430,213,30,2,17,2025-07-08,Screening
3431,1016,3,9,20,2025-12-24,Interview
3432,1258,30,7,12,2025-11-23,Hired
3433,863,21,1,8,2025-10-20,Screening
3434,623,21,3,18,2025-10-03,Screening
3435,1978,26,8,8,2025-12-04,Applied
3436,361,2,1,8,2025-11-13,Screening
3437,320,21,7,15,2025-03-21,Interview
3438,222,25,11,7,2025-01-25,Screening
3439,1976,21,1,17,2025-06-10,Applied
3440,1762,15,8,9,2025-02-05,Screening
3441,210,11,5,4,2025-03-19,Applied
3442,1420,10,15,4,2025-07-14,Applied
3443,931,18,2,18,2025-10-13,Interview
3444,1607,23,6,16,2025-11-30,Interview
3445,489,22,9,19,2025-05-18,Offer
3446,1896,23,4,14,2025-04-02,Offer
3447,601,24,4,12,2025-04-15,Offer
3448,774,26,7,7,2025-11-03,Rejected
3449,1985,21,11,15,2025-08-28,Rejected
3450,878,2,6,8,2025-05-10,Screening
3451,1488,7,5,8,2025-11-28,Rejected
3452,700,7,3,17,2025-02-28,Offer
3453,1648,24,2,1,2025-11-06,Applied
3454,452,7,1,10,2025-10-12,Rejected
3455,413,26,2,15,2025-02-21,Interview
3456,1958,23,1,18,2025-04-15,Rejected
3457,1775,14,2,19,2025-08-21,Rejected
3458,476,29,3,7,2025-10-03,Interview
3459,256,25,8,15,2025-07-24,Applied
3460,1174,24,1,4,2025-01-08,Screening
3461,127,2,5,10,2025-07-25,Interview
3462,392,2,5,12,2025-02-15,Rejected
3463,1855,23,4,13,2025-08-08,Applied
3464,480,26,8,18,2025-07-26,Rejected
3465,993,15,4,18,2025-03-09,Screening
3466,1421,11,1,3,2025-05-12,Rejected
3467,923,29,3,16,2025-09-20,Offer
3468,402,10,8,4,2025-11-14,Screening
3469,274,3,1,17,2025-07-11,Applied
3470,845,17,4,3,2025-02-16,Interview
3471,1982,9,14,11,2025-05-25,Rejected
3472,1934,30,7,14,2025-04-10,Screening
3473,139,15,6,16,2025-03-12,Screening
3474,103,30,3,14,2025-12-21,Screening
3475,1266,14,7,20,2025-05-15,Applied
3476,1141,19,4,20,2025-07-06,Rejected
3477,1238,17,8,15,2025-03-08,Rejected
3478,484,22,12,11,2025-04-20,Screening
3479,529,20,15,3,2025-04-17,Rejected
3480,1715,30,6,8,2025-05-10,Applied
3481,224,17,1,17,2025-11-20,Rejected
3482,1294,16,7,7,2025-01-18,Interview
3483,1849,20,13,15,2025-10-30,Rejected
3484,1885,8,6,10,2025-07-05,Rejected
3485,1158,27,1,17,2025-03-07,Rejected
3486,114,7,1,6,2025-01-02,Hired
3487,1465,12,3,10,2025-12-22,Interview
3488,644,1,1,3,2025-12-13,Applied
3489,651,26,5,7,2025-03-02,Rejected
3490,1389,12,10,13,2025-07-29,Rejected
3491,1256,25,6,16,2025-03-30,Applied
3492,458,6,10,15,2025-02-12,Applied
3493,375,16,5,11,2025-06-30,Rejected
3494,1628,18,1,15,2025-05-05,Applied
3495,1803,19,4,16,2025-10-15,Interview
3496,611,23,14,15,2025-07-20,Interview
3497,207,3,5,13,2025-09-09,Rejected
3498,1544,29,3,10,2025-12-09,Interview
3499,1492,3,3,1,2025-11-29,Rejected
3500,1906,5,14,2,2025-08-20,Rejected
3501,1467,3,8,12,2025-11-10,Screening
3502,917,19,4,17,2025-06-08,Interview
3503,321,27,3,5,2025-03-16,Applied
3504,93,5,6,13,2025-04-23,Offer
3505,1432,14,4,19,2025-02-14,Hired
3506,1182,21,3,3,2025-03-12,Applied
3507,872,16,4,15,2025-06-22,Rejected
3508,99,28,2,16,2025-02-05,Offer
3509,225,25,9,14,2025-09-30,Rejected
3510,852,1,3,5,2025-11-11,Applied
3511,441,30,2,6,2025-02-24,Rejected
3512,720,17,3,18,2025-05-06,Interview
3513,585,11,7,10,2025-02-14,Rejected
3514,1425,30,3,4,2025-02-22,Screening
3515,1595,9,2,2,2025-03-01,Rejected
3516,1823,21,2,4,2025-01-22,Screening
3517,64,4,13,12,2025-12-15,Offer
3518,768,2,2,14,2025-04-17,Offer
3519,560,28,5,20,2025-01-18,Offer
3520,1303,9,1,13,2025-08-19,Screening
3521,1734,22,1,9,2025-03-22,Screening
3522,670,25,4,2,2025-10-25,Screening
3523,1847,5,2,18,2025-09-18,Screening
3524,1543,4,2,8,2025-05-30,Applied
3525,1272,23,4,3,2025-01-12,Interview
3526,368,5,1,4,2025-11-14,Rejected
3527,744,24,2,18,2025-09-14,Applied
3528,618,24,1,11,2025-10-25,Rejected
3529,1006,29,4,10,2025-07-10,Interview
3530,1995,18,2,5,2025-01-07,Interview
3531,1122,13,2,2,2025-12-23,Offer
3532,1292,5,2,1,2025-05-06,Rejected
3533,1084,26,5,7,2025-02-14,Screening
3534,500,24,9,15,2025-03-04,Rejected
3535,1332,19,8,7,2025-02-11,Interview
3536,1517,23,2,19,2025-10-26,Screening
3537,1007,3,8,20,2025-12-05,Rejected
3538,411,22,6,10,2025-11-24,Applied
3539,1018,18,3,2,2025-08-22,Interview
3540,1164,6,1,8,2025-10-07,Applied
3541,1933,6,4,14,2025-08-20,Rejected
3542,1352,24,7,3,2025-03-16,Rejected
3543,464,5,5,12,2025-08-21,Offer
3544,702,30,12,3,2025-08-18,Hired
3545,1661,1,3,5,2025-12-14,Screening
3546,1949,8,11,10,2025-02-25,Interview
3547,163,28,1,14,2025-03-13,Applied
3548,60,25,2,6,2025-05-03,Interview
3549,1949,1,15,3,2025-01-06,Rejected
3550,1055,21,5,9,2025-08-24,Offer
3551,333,28,3,10,2025-03-13,Screening
3552,76,6,1,16,2025-06-08,Interview
3553,1779,20,2,17,2025-02-13,Rejected
3554,317,14,2,13,2025-11-15,Rejected
3555,1794,11,10,1,2025-10-05,Rejected
3556,1441,2,12,1,2025-11-03,Interview
3557,1992,21,4,5,2025-03-28,Screening
3558,190,30,7,8,2025-12-19,Rejected
3559,1513,30,1,20,2025-12-07,Rejected
3560,1913,4,3,4,2025-01-14,Applied
3561,1339,13,3,3,2025-06-01,Rejected
3562,296,7,2,6,2025-08-10,Applied
3563,501,6,1,17,2025-04-17,Interview
3564,177,3,14,15,2025-09-24,Screening
3565,800,9,12,14,2025-06-09,Screening
3566,806,14,1,14,2025-06-12,Interview
3567,860,20,7,13,2025-04-16,Rejected
3568,1743,11,1,20,2025-08-24,Hired
3569,215,5,5,13,2025-04-29,Applied
3570,1880,14,3,2,2025-03-20,Screening
3571,653,19,1,7,2025-09-23,Rejected
3572,597,8,12,8,2025-02-17,Interview
3573,1718,27,15,5,2025-12-15,Screening
3574,1356,7,3,13,2025-11-16,Rejected
3575,128,27,5,11,2025-10-09,Screening
3576,1293,27,9,12,2025-01-15,Offer
3577,551,7,4,8,2025-11-20,Interview
3578,1559,24,6,17,2025-11-11,Screening
3579,1778,23,2,6,2025-03-12,Rejected
3580,1390,3,13,3,2025-06-23,Screening
3581,619,3,1,4,2025-07-15,Rejected
3582,348,18,10,7,2025-11-30,Applied
3583,142,13,3,18,2025-05-09,Offer
3584,1169,1,8,10,2025-02-12,Rejected
3585,792,5,1,9,2025-12-31,Rejected
3586,245,28,4,7,2025-01-24,Screening
3587,1466,4,2,2,2025-04-19,Screening
3588,703,16,4,17,2025-11-14,Applied
3589,1314,15,11,13,2025-11-12,Hired
3590,1715,29,2,18,2025-03-14,Rejected
3591,1136,27,6,10,2025-01-30,Screening
3592,214,18,1,9,2025-11-08,Interview
3593,1674,17,2,2,2025-10-06,Offer
3594,1910,14,8,3,2025-03-01,Applied
3595,200,14,5,15,2025-01-01,Offer
3596,405,19,1,2,2025-06-07,Rejected
3597,421,29,1,1,2025-05-01,Offer
3598,7,6,1,13,2025-08-22,Rejected
3599,1882,13,15,8,2025-08-06,Applied
3600,1549,18,1,1,2025-01-12,Rejected
3601,592,26,2,19,2025-05-10,Rejected
3602,286,15,3,12,2025-09-11,Rejected
3603,671,29,10,19,2025-08-12,Rejected
3604,389,23,6,12,2025-05-25,Interview
3605,416,27,4,10,2025-12-03,Applied
3606,784,7,5,8,2025-09-29,Applied
3607,1007,27,4,12,2025-10-08,Applied
3608,1737,19,1,9,2025-02-25,Applied
3609,1174,30,1,2,2025-09-02,Applied
3610,1984,17,10,3,2025-12-20,Screening
3611,1015,9,2,3,2025-12-27,Interview
3612,428,11,5,17,2025-01-12,Applied
3613,1832,5,5,1,2025-09-28,Applied
3614,1005,2,1,10,2025-12-16,Applied
3615,1317,15,1,19,2025-10-27,Interview
3616,334,24,9,14,2025-02-02,Offer
3617,272,12,5,11,2025-01-24,Hired
3618,1067,10,3,5,2025-09-22,Applied
3619,1492,10,3,11,2025-06-06,Interview
3620,319,20,10,15,2025-05-31,Offer
3621,1516,11,2,18,2025-04-10,Applied
3622,527,10,7,6,2025-09-22,Applied
3623,760,28,1,11,2025-08-18,Interview
3624,1196,7,2,4,2025-11-17,Interview
3625,1754,14,4,17,2025-05-16,Rejected
3626,1673,13,10,9,2025-12-15,Screening
3627,321,5,5,11,2025-10-16,Screening
3628,739,29,10,10,2025-10-06,Rejected
3629,1068,19,9,13,2025-01-27,Rejected
3630,1556,10,5,5,2025-02-27,Interview
3631,1655,8,4,5,2025-10-05,Screening
3632,454,18,3,11,2025-05-24,Interview
3633,746,1,2,8,2025-03-21,Hired
3634,1994,5,11,11,2025-05-12,Applied
3635,1904,11,2,4,2025-11-10,Screening
3636,1915,20,6,5,2025-07-25,Rejected
3637,929,11,5,13,2025-06-15,Hired
3638,848,16,1,6,2025-04-16,Offer
3639,868,10,2,6,2025-06-15,Applied
3640,774,15,8,19,2025-03-17,Rejected
3641,83,7,1,14,2025-04-16,Applied
3642,543,15,2,7,2025-05-13,Applied
3643,322,29,8,20,2025-09-01,Offer
3644,786,25,8,4,2025-09-06,Screening
3645,1258,16,8,18,2025-11-03,Interview
3646,540,6,3,12,2025-04-20,Rejected
3647,252,11,3,19,2025-11-28,Hired
3648,836,17,6,8,2025-06-30,Interview
3649,1789,15,5,5,2025-08-03,Screening
3650,449,16,2,15,2025-08-06,Rejected
3651,1263,24,7,9,2025-11-09,Rejected
3652,490,2,2,12,2025-10-02,Rejected
3653,1906,4,7,11,2025-12-09,Screening
3654,464,19,4,18,2025-05-16,Rejected
3655,1965,6,5,18,2025-07-26,Applied
3656,314,18,3,16,2025-09-07,Offer
3657,1199,21,14,20,2025-01-02,Screening
3658,1730,11,5,6,2025-08-22,Hired
3659,1204,9,5,8,2025-09-01,Rejected
3660,1956,3,4,6,2025-07-07,Offer
3661,385,2,5,16,2025-11-21,Applied
3662,295,18,7,20,2025-05-26,Rejected
3663,1239,15,8,15,2025-01-24,Screening
3664,986,25,1,7,2025-09-26,Hired
3665,1739,22,1,3,2025-02-05,Rejected
3666,762,18,10,20,2025-01-17,Screening
3667,1898,19,13,15,2025-12-12,Offer
3668,769,15,3,6,2025-07-27,Rejected
3669,1099,30,6,18,2025-05-24,Applied
3670,344,17,4,18,2025-07-22,Applied
3671,1738,18,15,8,2025-02-23,Interview
3672,142,18,1,8,2025-09-09,Hired
3673,718,11,10,4,2025-12-28,Applied
3674,1223,18,7,13,2025-01-27,Offer
3675,1943,23,2,20,2025-07-01,Rejected
3676,1195,3,1,20,2025-09-08,Rejected
3677,406,13,2,19,2025-04-13,Applied
3678,1852,14,3,6,2025-04-01,Rejected
3679,228,27,6,3,2025-02-23,Hired
3680,411,4,4,4,2025-04-01,Rejected
3681,952,18,6,9,2025-12-24,Hired
3682,898,5,9,9,2025-10-14,Interview
3683,1959,14,4,16,2025-04-02,Applied
3684,691,25,13,3,2025-03-08,Screening
3685,878,12,2,8,2025-11-23,Screening
3686,787,25,5,5,2025-03-09,Hired
3687,62,7,2,19,2025-04-18,Interview
3688,1351,12,1,17,2025-05-18,Screening
3689,1740,8,2,14,2025-10-05,Offer
3690,1987,29,15,2,2025-02-16,Offer
3691,1983,30,4,4,2025-09-14,Rejected
3692,879,21,11,20,2025-10-17,Rejected
3693,1157,21,5,5,2025-09-12,Screening
3694,1608,28,4,13,2025-12-02,Offer
3695,1614,3,2,16,2025-03-26,Screening
3696,1213,22,3,15,2025-12-31,Applied
3697,356,1,3,11,2025-12-01,Rejected
3698,71,3,15,11,2025-01-24,Interview
3699,263,11,8,8,2025-07-04,Screening
3700,306,18,12,5,2025-05-02,Interview
3701,558,7,11,14,2025-10-12,Offer
3702,1248,9,2,2,2025-09-30,Offer
3703,1352,4,3,6,2025-09-17,Interview
3704,762,23,2,3,2025-09-01,Applied
3705,588,24,7,11,2025-02-06,Screening
3706,74,10,10,4,2025-09-08,Interview
3707,1535,18,7,3,2025-03-20,Applied
3708,142,23,2,12,2025-01-23,Rejected
3709,1609,16,2,19,2025-08-30,Rejected
3710,102,29,3,13,2025-01-03,Applied
3711,1630,12,8,11,2025-07-05,Screening
3712,1605,19,11,18,2025-06-05,Applied
3713,1089,24,4,20,2025-10-02,Offer
3714,193,22,6,1,2025-10-12,Rejected
3715,953,3,2,1,2025-10-21,Offer
3716,1086,8,3,20,2025-09-26,Rejected
3717,1556,27,9,9,2025-05-07,Rejected
3718,1265,29,6,7,2025-11-01,Applied
3719,1739,19,2,18,2025-12-03,Screening
3720,410,9,1,2,2025-04-15,Rejected
3721,300,27,14,12,2025-09-16,Applied
3722,1219,19,10,6,2025-01-15,Screening
3723,454,17,3,12,2025-03-04,Applied
3724,574,13,4,2,2025-09-14,Rejected
3725,619,2,1,20,2025-05-26,Rejected
3726,637,4,8,4,2025-06-24,Rejected
3727,301,29,5,5,2025-10-14,Rejected
3728,779,11,3,7,2025-03-10,Rejected
3729,1480,2,1,2,2025-11-16,Screening
3730,989,4,2,19,2025-08-18,Rejected
3731,202,4,2,20,2025-12-25,Applied
3732,674,20,7,5,2025-12-18,Rejected
3733,1880,1,2,17,2025-04-05,Screening
3734,302,25,4,12,2025-09-05,Rejected
3735,1648,26,2,15,2025-08-14,Applied
3736,337,11,1,18,2025-07-02,Rejected
3737,32,23,3,12,2025-02-17,Applied
3738,1995,2,7,7,2025-08-25,Interview
3739,1122,19,5,14,2025-07-05,Screening
3740,1783,29,4,5,2025-04-10,Screening
3741,773,8,4,10,2025-05-30,Interview
3742,1215,23,8,15,2025-05-30,Screening
3743,1565,20,2,20,2025-01-12,Rejected
3744,1072,4,2,1,2025-06-28,Applied
3745,1274,25,2,4,2025-02-22,Screening
3746,1250,16,5,11,2025-11-21,Applied
3747,1296,15,1,10,2025-03-03,Rejected
3748,665,5,12,9,2025-03-19,Applied
3749,1509,30,6,3,2025-07-26,Screening
3750,328,29,14,3,2025-09-01,Applied
3751,797,27,9,17,2025-09-03,Rejected
3752,1204,5,4,2,2025-03-24,Offer
3753,814,15,10,15,2025-10-11,Rejected
3754,665,23,3,7,2025-11-24,Rejected
3755,746,17,5,1,2025-12-27,Rejected
3756,1047,3,7,8,2025-12-04,Rejected
3757,930,18,7,7,2025-07-09,Interview
3758,963,11,2,2,2025-07-14,Rejected
3759,1630,26,4,2,2025-05-30,Rejected
3760,1394,6,9,5,2025-06-13,Interview
3761,1269,27,2,12,2025-09-01,Screening
3762,1826,12,1,4,2025-05-26,Applied
3763,1184,22,3,1,2025-10-11,Rejected
3764,373,26,3,18,2025-07-06,Rejected
3765,285,17,2,20,2025-03-31,Offer
3766,521,30,5,4,2025-04-26,Rejected
3767,1474,14,2,7,2025-12-20,Interview
3768,697,6,1,16,2025-11-23,Screening
3769,807,10,5,17,2025-12-20,Screening
3770,647,16,10,3,2025-11-21,Rejected
3771,1646,18,15,12,2025-07-06,Screening
3772,1605,27,2,10,2025-11-12,Screening
3773,136,20,13,1,2025-06-24,Screening
3774,96,6,8,13,2025-07-09,Applied
3775,1143,19,5,3,2025-03-22,Rejected
3776,1398,3,11,17,2025-04-05,Offer
3777,274,12,2,4,2025-01-22,Rejected
3778,1894,16,8,15,2025-01-08,Rejected
3779,878,3,1,5,2025-10-14,Applied
3780,850,16,1,7,2025-12-31,Applied
3781,1201,4,6,6,2025-03-05,Screening
3782,1897,25,7,3,2025-05-29,Offer
3783,1773,20,10,5,2025-01-05,Screening
3784,784,13,2,11,2025-01-27,Screening
3785,1301,4,3,5,2025-06-29,Screening
3786,1162,4,4,16,2025-01-15,Interview
3787,1898,7,13,2,2025-07-01,Rejected
3788,132,21,11,14,2025-06-07,Offer
3789,1068,12,6,3,2025-02-21,Screening
3790,1147,2,3,20,2025-09-01,Rejected
3791,1160,16,5,19,2025-05-31,Rejected
3792,1391,7,11,11,2025-07-28,Applied
3793,373,19,7,11,2025-07-14,Screening
3794,1150,11,4,9,2025-10-23,Rejected
3795,1463,1,13,17,2025-08-18,Offer
3796,1811,9,11,20,2025-07-08,Interview
3797,1600,5,9,4,2025-02-03,Screening
3798,808,26,5,13,2025-11-04,Rejected
3799,744,17,8,12,2025-08-07,Rejected
3800,51,27,7,18,2025-08-13,Rejected
3801,1161,1,1,4,2025-06-05,Interview
3802,1182,17,6,13,2025-09-05,Rejected
3803,56,12,2,14,2025-03-11,Screening
3804,1617,25,9,8,2025-07-09,Rejected
3805,744,13,3,11,2025-05-12,Applied
3806,428,24,7,6,2025-07-19,Applied
3807,443,11,11,6,2025-04-30,Rejected
3808,1935,13,2,9,2025-09-09,Offer
3809,1988,13,11,13,2025-07-26,Screening
3810,326,6,3,3,2025-08-07,Interview
3811,640,26,1,20,2025-06-18,Offer
3812,1662,22,5,17,2025-12-29,Interview
3813,829,6,3,12,2025-04-07,Applied
3814,80,20,2,16,2025-05-16,Rejected
3815,474,21,8,14,2025-05-11,Interview
3816,377,10,14,15,2025-09-20,Offer
3817,1893,19,2,10,2025-10-07,Rejected
3818,919,3,1,14,2025-04-17,Offer
3819,333,26,4,17,2025-01-09,Rejected
3820,1199,7,1,6,2025-04-04,Rejected
3821,1681,5,8,13,2025-05-23,Screening
3822,441,8,4,7,2025-07-03,Applied
3823,126,5,3,20,2025-04-22,Rejected
3824,1718,12,1,11,2025-05-10,Applied
3825,219,4,9,3,2025-10-05,Screening
3826,948,30,1,1,2025-08-20,Rejected
3827,278,19,2,18,2025-04-23,Hired
3828,1509,28,4,13,2025-11-24,Applied
3829,595,18,4,4,2025-07-13,Offer
3830,935,3,6,12,2025-09-27,Screening
3831,141,7,10,17,2025-10-19,Rejected
3832,846,8,11,2,2025-07-12,Rejected
3833,1008,15,15,12,2025-05-25,Applied
3834,1631,21,5,18,2025-05-21,Interview
3835,877,27,2,14,2025-04-13,Rejected
3836,1730,17,1,8,2025-11-25,Applied
3837,110,19,2,6,2025-05-27,Interview
3838,1076,4,11,1,2025-05-02,Rejected
3839,1639,16,15,19,2025-02-16,Rejected
3840,613,26,2,16,2025-12-28,Screening
3841,1678,13,8,20,2025-12-18,Interview
3842,713,29,2,14,2025-06-15,Applied
3843,1994,12,1,2,2025-04-25,Screening
3844,1343,4,1,3,2025-04-12,Interview
3845,1223,12,3,18,2025-11-18,Screening
3846,796,17,7,13,2025-01-18,Interview
3847,729,26,2,5,2025-05-23,Rejected
3848,1070,9,4,7,2025-03-03,Applied
3849,505,12,1,20,2025-05-09,Applied
3850,1564,26,3,3,2025-09-07,Offer
3851,1538,15,2,3,2025-10-23,Rejected
3852,1919,20,4,7,2025-09-27,Rejected
3853,1041,2,7,20,2025-02-20,Rejected
3854,315,29,5,12,2025-09-23,Screening
3855,1460,9,7,8,2025-09-24,Applied
3856,1412,14,4,13,2025-03-03,Rejected
3857,77,4,2,19,2025-04-22,Applied
3858,978,4,2,20,2025-06-17,Applied
3859,899,27,10,19,2025-03-16,Hired
3860,1395,6,1,18,2025-01-15,Rejected
3861,1189,24,4,17,2025-09-20,Screening
3862,1633,5,8,9,2025-07-04,Hired
3863,1641,28,2,5,2025-03-22,Screening
3864,1048,24,2,4,2025-10-13,Screening
3865,712,17,5,8,2025-04-10,Screening
3866,1059,13,4,2,2025-03-27,Applied
3867,1538,20,8,7,2025-04-03,Interview
3868,1825,17,5,5,2025-02-03,Rejected
3869,1868,19,5,20,2025-06-12,Applied
3870,854,27,11,15,2025-06-28,Applied
3871,1485,23,2,11,2025-06-16,Offer
3872,1162,1,12,11,2025-08-13,Offer
3873,1873,21,8,10,2025-07-09,Applied
3874,1598,17,4,9,2025-08-02,Screening
3875,1835,22,5,11,2025-08-29,Offer
3876,709,25,5,11,2025-02-07,Offer
3877,1913,3,6,5,2025-06-20,Screening
3878,1595,27,2,18,2025-02-15,Hired
3879,265,27,5,2,2025-03-31,Applied
3880,333,14,2,4,2025-10-29,Screening
3881,188,12,3,10,2025-09-16,Offer
3882,1087,15,4,17,2025-04-06,Screening
3883,820,6,1,13,2025-07-30,Interview
3884,1303,20,7,12,2025-12-21,Rejected
3885,1566,22,9,17,2025-09-15,Rejected
3886,1195,2,3,19,2025-07-14,Applied
3887,1527,4,5,20,2025-12-22,Interview
3888,1988,13,5,2,2025-01-09,Rejected
3889,1557,13,2,11,2025-07-01,Applied
3890,299,23,12,20,2025-10-12,Offer
3891,201,27,2,2,2025-04-11,Interview
3892,1159,22,3,15,2025-01-01,Rejected
3893,272,25,3,7,2025-06-24,Hired
3894,535,27,1,7,2025-03-03,Applied
3895,1466,23,3,15,2025-12-22,Applied
3896,1111,17,8,15,2025-05-29,Hired
3897,31,6,1,11,2025-09-20,Applied
3898,1145,11,2,1,2025-02-14,Applied
3899,69,19,2,14,2025-09-21,Interview
3900,1670,16,9,20,2025-10-28,Offer
3901,883,8,3,11,2025-08-10,Rejected
3902,961,29,7,18,2025-08-04,Rejected
3903,827,1,4,9,2025-07-10,Offer
3904,1520,10,2,19,2025-01-02,Rejected
3905,924,2,15,13,2025-04-16,Applied
3906,1170,19,1,14,2025-11-21,Offer
3907,984,14,1,13,2025-10-17,Applied
3908,1357,3,14,10,2025-11-02,Applied
3909,481,23,1,16,2025-08-20,Screening
3910,1930,29,2,1,2025-12-06,Rejected
3911,1287,24,1,9,2025-02-13,Rejected
3912,293,9,2,5,2025-04-14,Rejected
3913,1453,23,1,11,2025-04-30,Rejected
3914,86,8,2,18,2025-10-07,Screening
3915,1040,11,14,10,2025-09-17,Screening
3916,728,15,3,2,2025-12-18,Rejected
3917,628,6,2,9,2025-11-10,Screening
3918,118,2,15,18,2025-12-26,Applied
3919,270,1,4,7,2025-12-02,Offer
3920,1419,3,7,20,2025-03-02,Rejected
3921,979,25,1,17,2025-11-05,Offer
3922,855,29,3,14,2025-08-19,Interview
3923,162,23,2,18,2025-10-24,Screening
3924,700,18,8,1,2025-10-17,Applied
3925,1128,14,9,19,2025-06-04,Offer
3926,1677,17,10,19,2025-09-27,Rejected
3927,167,2,3,10,2025-01-24,Applied
3928,300,19,1,8,2025-05-19,Rejected
3929,28,30,14,7,2025-03-22,Screening
3930,1448,22,2,12,2025-10-21,Interview
3931,1808,28,8,2,2025-08-07,Rejected
3932,562,9,1,10,2025-10-20,Interview
3933,883,8,2,8,2025-08-18,Screening
3934,156,10,2,5,2025-01-21,Interview
3935,1348,9,1,16,2025-01-15,Offer
3936,1372,27,2,10,2025-04-21,Applied
3937,1145,27,4,9,2025-01-26,Rejected
3938,1980,8,1,14,2025-03-19,Rejected
3939,652,7,2,20,2025-03-26,Applied
3940,1552,22,13,2,2025-03-11,Applied
3941,821,24,10,12,2025-01-28,Screening
3942,1974,6,11,3,2025-01-22,Applied
3943,561,2,14,9,2025-04-24,Screening
3944,1188,29,10,15,2025-06-28,Applied
3945,1086,9,7,7,2025-12-13,Rejected
3946,1364,9,3,3,2025-12-20,Applied
3947,1690,19,1,2,2025-01-29,Screening
3948,312,9,5,20,2025-07-08,Rejected
3949,376,2,7,13,2025-06-21,Hired
3950,1370,28,5,5,2025-03-10,Rejected
3951,150,30,4,16,2025-04-11,Offer
3952,1912,19,7,10,2025-11-26,Rejected
3953,585,16,3,14,2025-10-07,Interview
3954,581,30,3,20,2025-03-09,Rejected
3955,977,22,1,4,2025-04-30,Applied
3956,177,14,6,8,2025-08-04,Rejected
3957,354,20,1,14,2025-06-19,Interview
3958,514,24,1,5,2025-06-20,Rejected
3959,309,1,1,11,2025-04-15,Applied
3960,119,13,1,1,2025-09-05,Rejected
3961,1543,22,2,16,2025-12-08,Screening
3962,767,2,4,9,2025-07-04,Rejected
3963,996,22,3,1,2025-03-05,Rejected
3964,973,14,1,4,2025-08-04,Offer
3965,916,1,2,5,2025-11-11,Rejected
3966,478,15,2,16,2025-08-28,Rejected
3967,1438,18,5,10,2025-08-26,Applied
3968,587,9,7,3,2025-05-29,Hired
3969,351,22,3,20,2025-07-20,Interview
3970,1530,8,8,20,2025-01-29,Rejected
3971,195,7,5,5,2025-06-25,Applied
3972,1211,9,2,4,2025-10-04,Rejected
3973,1474,9,2,10,2025-03-22,Offer
3974,496,11,11,8,2025-07-09,Rejected
3975,515,4,2,19,2025-11-21,Hired
3976,696,7,2,3,2025-03-26,Interview
3977,1871,21,2,4,2025-11-12,Offer
3978,273,7,14,18,2025-08-17,Interview
3979,880,4,2,12,2025-10-09,Rejected
3980,52,12,5,15,2025-06-03,Rejected
3981,263,26,2,3,2025-01-01,Applied
3982,1392,27,4,5,2025-10-09,Rejected
3983,133,27,2,17,2025-08-15,Rejected
3984,994,17,2,20,2025-05-29,Rejected
3985,1249,20,2,11,2025-03-20,Rejected
3986,310,29,1,10,2025-11-15,Offer
3987,1597,26,3,6,2025-06-27,Screening
3988,1901,3,5,6,2025-06-07,Rejected
3989,16,9,14,5,2025-12-27,Screening
3990,1765,5,4,6,2025-09-04,Interview
3991,195,20,2,17,2025-04-08,Applied
3992,1787,16,2,10,2025-09-16,Rejected
3993,1467,8,6,5,2025-05-20,Rejected
3994,303,21,1,15,2025-10-11,Interview
3995,1072,16,5,13,2025-02-25,Screening
3996,1771,19,8,19,2025-08-31,Interview
3997,1145,16,6,17,2025-12-18,Screening
3998,1523,18,5,2,2025-07-12,Applied
3999,832,15,3,18,2025-08-19,Interview
4000,562,24,2,18,2025-02-09,Interview
4001,1493,28,10,5,2025-10-17,Interview
4002,41,18,8,16,2025-11-14,Rejected
4003,1480,14,8,6,2025-03-21,Rejected
4004,534,24,3,6,2025-12-02,Applied
4005,371,16,2,17,2025-11-14,Applied
4006,1206,5,2,4,2025-10-26,Rejected
4007,517,8,7,7,2025-01-15,Interview
4008,657,16,3,3,2025-10-21,Rejected
4009,1893,21,14,14,2025-05-14,Offer
4010,590,1,6,14,2025-04-12,Rejected
4011,231,28,1,13,2025-05-27,Interview
4012,809,29,5,14,2025-07-07,Rejected
4013,1372,11,13,15,2025-06-01,Rejected
4014,479,30,1,17,2025-09-03,Applied
4015,1233,11,10,1,2025-05-18,Screening
4016,675,2,2,15,2025-03-05,Rejected
4017,1704,30,2,11,2025-09-04,Rejected
4018,278,22,5,15,2025-02-07,Screening
4019,1773,19,2,10,2025-09-22,Rejected
4020,1712,24,10,10,2025-05-20,Rejected
4021,53,5,1,7,2025-07-15,Rejected
4022,1885,3,1,20,2025-12-16,Screening
4023,1034,28,1,14,2025-02-14,Rejected
4024,1682,26,1,8,2025-05-03,Interview
4025,1763,23,7,10,2025-04-22,Interview
4026,748,30,2,7,2025-02-18,Interview
4027,464,8,10,12,2025-10-10,Screening
4028,754,4,1,2,2025-08-29,Screening
4029,1841,29,1,7,2025-03-19,Offer
4030,583,13,1,11,2025-11-26,Screening
4031,158,27,6,12,2025-06-29,Screening
4032,19,25,2,7,2025-03-15,Applied
4033,55,22,5,4,2025-11-02,Rejected
4034,1980,14,7,7,2025-04-07,Rejected
4035,1751,1,1,14,2025-04-04,Applied
4036,1992,5,5,8,2025-02-06,Screening
4037,721,21,10,5,2025-12-20,Offer
4038,1045,7,3,10,2025-06-16,Offer
4039,1306,23,5,4,2025-02-05,Screening
4040,761,6,2,5,2025-03-31,Applied
4041,1564,15,1,2,2025-07-19,Screening
4042,1019,15,2,10,2025-03-30,Offer
4043,1959,8,10,16,2025-04-17,Hired
4044,1441,2,10,17,2025-08-29,Rejected
4045,808,14,6,1,2025-07-29,Rejected
4046,723,29,7,17,2025-06-19,Interview
4047,285,16,4,18,2025-07-23,Applied
4048,1556,29,1,11,2025-07-10,Hired
4049,1556,23,4,14,2025-02-12,Interview
4050,511,10,1,1,2025-06-11,Rejected
4051,1866,15,4,3,2025-07-20,Interview
4052,1022,23,4,19,2025-12-08,Screening
4053,1420,4,2,13,2025-01-22,Rejected
4054,120,12,10,7,2025-01-05,Hired
4055,97,10,4,17,2025-02-06,Screening
4056,120,2,1,20,2025-08-21,Hired
4057,1561,4,2,20,2025-06-07,Screening
4058,1177,20,1,2,2025-02-24,Rejected
4059,1269,28,6,10,2025-06-05,Rejected
4060,1796,28,2,14,2025-03-02,Offer
4061,1540,6,1,1,2025-10-19,Rejected
4062,393,14,2,17,2025-08-04,Rejected
4063,1167,23,3,1,2025-02-20,Rejected
4064,1528,3,1,17,2025-04-14,Hired
4065,794,15,2,3,2025-09-06,Hired
4066,1871,26,8,6,2025-09-26,Screening
4067,1882,1,5,17,2025-09-07,Hired
4068,220,19,8,18,2025-09-22,Rejected
4069,839,25,1,5,2025-02-28,Rejected
4070,160,1,11,4,2025-12-09,Interview
4071,1100,13,2,16,2025-10-22,Applied
4072,611,8,4,13,2025-06-23,Offer
4073,1716,18,10,20,2025-08-26,Rejected
4074,639,22,3,12,2025-07-22,Screening
4075,1056,3,2,9,2025-04-25,Hired
4076,777,23,13,19,2025-06-25,Offer
4077,334,18,5,5,2025-02-25,Rejected
4078,1549,20,2,18,2025-10-12,Rejected
4079,1464,26,9,12,2025-04-06,Interview
4080,892,9,4,10,2025-06-11,Rejected
4081,940,6,9,1,2025-01-25,Applied
4082,352,20,1,1,2025-10-07,Rejected
4083,1363,2,10,16,2025-10-21,Hired
4084,926,26,5,6,2025-02-12,Screening
4085,1424,30,5,19,2025-03-24,Rejected
4086,396,25,11,13,2025-06-24,Hired
4087,1226,4,10,5,2025-08-10,Applied
4088,1986,25,3,15,2025-09-25,Screening
4089,530,30,2,17,2025-12-02,Applied
4090,1933,18,6,2,2025-09-10,Applied
4091,1117,7,2,7,2025-12-27,Screening
4092,1816,27,6,3,2025-11-21,Rejected
4093,358,11,9,14,2025-08-03,Interview
4094,1420,5,2,15,2025-04-23,Applied
4095,828,8,5,4,2025-01-26,Interview
4096,60,11,4,1,2025-01-12,Applied
4097,477,30,10,15,2025-03-08,Rejected
4098,1750,24,1,11,2025-10-21,Rejected
4099,612,30,2,16,2025-10-11,Applied
4100,1,30,6,12,2025-12-16,Applied
4101,1579,20,6,15,2025-08-26,Applied
4102,311,29,5,16,2025-07-31,Rejected
4103,168,20,13,3,2025-05-31,Screening
4104,192,15,10,19,2025-04-28,Rejected
4105,1058,24,10,8,2025-02-19,Applied
4106,1058,3,1,3,2025-11-29,Screening
4107,1712,7,1,11,2025-01-21,Rejected
4108,1441,24,7,15,2025-10-09,Rejected
4109,708,8,2,4,2025-06-14,Interview
4110,1182,11,1,8,2025-04-14,Rejected
4111,1781,10,8,14,2025-12-30,Applied
4112,1524,20,2,18,2025-11-22,Rejected
4113,366,9,8,19,2025-08-19,Applied
4114,1364,15,7,19,2025-02-08,Rejected
4115,858,26,8,18,2025-10-20,Screening
4116,1359,20,13,9,2025-02-18,Interview
4117,1607,24,4,4,2025-05-25,Hired
4118,327,22,4,4,2025-08-12,Rejected
4119,114,5,1,10,2025-10-27,Screening
4120,797,15,5,3,2025-02-07,Offer
4121,919,4,2,7,2025-04-26,Interview
4122,1442,5,2,17,2025-06-10,Rejected
4123,1492,29,1,4,2025-10-31,Rejected
4124,1167,15,2,12,2025-02-26,Applied
4125,609,27,2,12,2025-05-02,Rejected
4126,309,17,2,1,2025-05-31,Applied
4127,401,23,10,18,2025-05-12,Rejected
4128,1344,8,2,16,2025-11-07,Hired
4129,212,28,5,14,2025-04-15,Screening
4130,317,25,5,13,2025-08-29,Hired
4131,185,29,8,3,2025-09-06,Interview
4132,1229,19,1,7,2025-03-21,Screening
4133,1388,9,4,11,2025-03-17,Applied
4134,1240,10,3,11,2025-02-02,Rejected
4135,246,5,2,18,2025-06-04,Applied
4136,239,10,3,8,2025-05-07,Interview
4137,1829,22,15,18,2025-06-04,Interview
4138,1415,1,2,10,2025-09-20,Offer
4139,520,25,8,4,2025-03-03,Rejected
4140,1614,25,14,19,2025-06-06,Interview
4141,1860,22,4,13,2025-10-02,Applied
4142,277,24,1,14,2025-01-29,Interview
4143,1981,4,11,2,2025-06-24,Applied
4144,1006,21,6,19,2025-07-21,Applied
4145,202,5,6,4,2025-10-24,Rejected
4146,214,23,9,9,2025-03-05,Applied
4147,606,7,2,4,2025-11-26,Offer
4148,478,23,2,11,2025-12-15,Offer
4149,508,5,2,13,2025-07-13,Offer
4150,2000,20,6,19,2025-12-08,Applied
4151,1099,8,5,9,2025-03-21,Hired
4152,669,17,5,11,2025-08-04,Interview
4153,665,1,10,2,2025-11-02,Applied
4154,1978,22,2,20,2025-02-14,Hired
4155,142,18,3,2,2025-08-20,Screening
4156,1614,12,10,18,2025-05-16,Offer
4157,322,3,4,16,2025-10-20,Offer
4158,1718,20,6,11,2025-07-02,Rejected
4159,461,14,13,3,2025-10-12,Rejected
4160,707,16,4,17,2025-11-26,Screening
4161,670,18,2,2,2025-11-17,Applied
4162,1170,10,4,13,2025-12-04,Hired
4163,54,23,5,4,2025-11-19,Screening
4164,1380,15,1,2,2025-12-14,Applied
4165,277,10,1,12,2025-03-14,Screening
4166,1845,1,4,2,2025-06-11,Screening
4167,1619,19,13,13,2025-12-21,Applied
4168,400,2,2,11,2025-08-28,Rejected
4169,668,13,7,10,2025-12-08,Applied
4170,516,25,2,17,2025-02-14,Rejected
4171,1523,16,13,4,2025-08-07,Hired
4172,1335,8,9,18,2025-10-14,Applied
4173,1295,3,11,15,2025-12-06,Rejected
4174,576,21,9,16,2025-11-02,Offer
4175,1473,19,7,4,2025-05-29,Interview
4176,112,14,2,13,2025-04-21,Interview
4177,239,11,2,15,2025-12-27,Interview
4178,1168,29,5,11,2025-05-08,Offer
4179,1398,12,3,9,2025-06-06,Rejected
4180,1044,11,4,16,2025-01-20,Applied
4181,1600,28,7,6,2025-11-18,Applied
4182,1313,11,8,14,2025-07-27,Interview
4183,1617,22,4,15,2025-06-21,Interview
4184,197,21,1,17,2025-04-03,Offer
4185,382,27,2,2,2025-07-23,Rejected
4186,1605,18,13,1,2025-12-02,Rejected
4187,1722,30,3,11,2025-05-06,Interview
4188,1703,10,5,6,2025-08-15,Interview
4189,1741,16,4,13,2025-03-07,Rejected
4190,1516,8,6,18,2025-12-05,Rejected
4191,164,6,1,8,2025-04-23,Screening
4192,606,30,2,6,2025-09-24,Rejected
4193,1273,19,2,9,2025-06-15,Interview
4194,1092,13,4,9,2025-07-02,Offer
4195,855,15,2,8,2025-01-26,Rejected
4196,1045,13,2,12,2025-11-27,Rejected
4197,831,1,12,20,2025-01-30,Interview
4198,1536,21,10,18,2025-11-04,Applied
4199,597,28,4,20,2025-12-30,Screening
4200,1414,27,7,7,2025-01-02,Interview
4201,536,2,2,19,2025-10-21,Applied
4202,111,13,3,2,2025-05-12,Applied
4203,949,2,6,20,2025-05-20,Screening
4204,863,25,8,4,2025-09-04,Rejected
4205,595,11,12,2,2025-12-27,Rejected
4206,1894,13,5,6,2025-01-22,Applied
4207,1022,10,1,2,2025-12-27,Applied
4208,460,23,4,11,2025-11-18,Screening
4209,1102,22,13,6,2025-05-14,Rejected
4210,434,15,1,12,2025-11-04,Interview
4211,1404,29,1,8,2025-12-05,Applied
4212,1676,1,4,9,2025-06-12,Hired
4213,1464,14,1,2,2025-11-15,Rejected
4214,888,10,10,2,2025-08-05,Screening
4215,783,18,15,5,2025-09-08,Rejected
4216,1363,11,2,12,2025-03-14,Applied
4217,988,7,4,11,2025-03-29,Interview
4218,1448,15,5,12,2025-10-23,Interview
4219,169,3,2,18,2025-10-02,Applied
4220,709,2,12,4,2025-12-27,Rejected
4221,965,22,5,11,2025-01-27,Rejected
4222,1286,8,1,7,2025-05-31,Rejected
4223,727,8,9,7,2025-02-19,Interview
4224,1603,11,7,8,2025-09-09,Applied
4225,229,16,4,10,2025-10-15,Offer
4226,1185,2,1,4,2025-12-13,Screening
4227,427,22,4,1,2025-05-27,Screening
4228,122,28,5,4,2025-05-19,Screening
4229,149,5,3,4,2025-09-24,Interview
4230,852,7,8,13,2025-02-26,Rejected
4231,705,20,1,17,2025-11-06,Applied
4232,1767,28,5,6,2025-12-10,Screening
4233,111,13,6,15,2025-08-30,Interview
4234,1681,2,4,10,2025-11-07,Offer
4235,1245,26,2,17,2025-01-06,Interview
4236,1928,3,1,17,2025-09-16,Interview
4237,64,9,14,4,2025-08-25,Interview
4238,638,10,8,14,2025-09-09,Applied
4239,1754,24,5,3,2025-04-26,Applied
4240,1820,13,4,7,2025-04-26,Screening
4241,1378,25,10,1,2025-05-26,Offer
4242,1498,21,5,19,2025-10-03,Rejected
4243,909,13,2,14,2025-10-22,Rejected
4244,1772,5,1,20,2025-08-14,Applied
4245,1509,23,6,16,2025-03-20,Applied
4246,13,7,5,3,2025-08-17,Offer
4247,934,17,8,14,2025-01-24,Rejected
4248,1177,28,3,13,2025-11-07,Rejected
4249,239,15,8,20,2025-10-12,Offer
4250,1214,30,4,6,2025-03-15,Hired
4251,663,5,4,3,2025-03-17,Screening
4252,1110,24,3,18,2025-06-14,Screening
4253,1045,7,7,10,2025-08-20,Hired
4254,694,27,5,4,2025-02-22,Rejected
4255,1343,2,2,17,2025-11-15,Interview
4256,1182,30,3,1,2025-05-30,Offer
4257,971,24,14,2,2025-03-05,Rejected
4258,964,18,10,5,2025-11-20,Rejected
4259,1505,10,5,17,2025-02-09,Screening
4260,1903,1,5,9,2025-04-04,Rejected
4261,76,27,3,14,2025-10-28,Screening
4262,329,27,7,2,2025-12-11,Offer
4263,1440,14,1,14,2025-02-19,Applied
4264,1227,27,6,8,2025-08-05,Interview
4265,1253,19,1,14,2025-11-06,Screening
4266,152,16,8,12,2025-08-13,Interview
4267,1799,19,2,13,2025-05-23,Applied
4268,72,6,15,14,2025-11-14,Interview
4269,225,12,5,19,2025-07-25,Hired
4270,473,3,14,1,2025-12-06,Hired
4271,1921,7,11,14,2025-11-20,Offer
4272,1667,24,14,19,2025-02-20,Interview
4273,360,3,4,10,2025-08-25,Rejected
4274,540,25,14,8,2025-01-14,Applied
4275,811,17,1,6,2025-01-24,Screening
4276,609,15,2,15,2025-11-30,Applied
4277,1070,19,13,14,2025-10-28,Applied
4278,1,28,10,8,2025-09-26,Rejected
4279,678,19,2,9,2025-05-21,Offer
4280,1269,23,10,15,2025-04-17,Applied
4281,1243,11,1,17,2025-10-15,Rejected
4282,1638,27,13,14,2025-06-27,Screening
4283,291,21,2,14,2025-01-11,Applied
4284,1482,20,9,11,2025-03-10,Interview
4285,204,2,5,17,2025-05-21,Interview
4286,1226,7,11,16,2025-12-27,Rejected
4287,566,19,1,16,2025-11-01,Rejected
4288,482,7,2,1,2025-06-15,Offer
4289,1816,10,10,7,2025-09-24,Rejected
4290,511,12,10,11,2025-10-16,Screening
4291,924,23,14,1,2025-11-21,Offer
4292,278,27,11,9,2025-12-16,Interview
4293,1005,18,15,16,2025-02-27,Rejected
4294,16,23,5,6,2025-08-25,Interview
4295,1549,6,5,1,2025-04-28,Screening
4296,356,26,4,7,2025-01-17,Applied
4297,356,20,5,2,2025-06-03,Screening
4298,830,27,10,13,2025-01-10,Screening
4299,1963,21,2,14,2025-03-28,Screening
4300,599,28,9,8,2025-03-30,Screening
4301,1102,8,4,16,2025-09-18,Interview
4302,928,5,8,4,2025-11-10,Rejected
4303,1091,3,4,10,2025-04-25,Screening
4304,859,2,2,2,2025-02-17,Interview
4305,1747,22,15,13,2025-11-12,Rejected
4306,214,6,3,14,2025-02-04,Interview
4307,1721,7,4,11,2025-03-24,Rejected
4308,449,8,2,6,2025-01-25,Screening
4309,965,4,5,7,2025-05-05,Rejected
4310,1457,12,1,15,2025-06-16,Rejected
4311,1569,24,11,5,2025-02-27,Rejected
4312,1139,12,7,17,2025-09-01,Rejected
4313,787,17,4,4,2025-11-30,Applied
4314,1444,22,2,18,2025-02-01,Rejected
4315,499,22,1,13,2025-07-06,Hired
4316,710,19,2,5,2025-10-21,Rejected
4317,380,9,13,5,2025-09-12,Interview
4318,1167,12,3,4,2025-01-13,Applied
4319,740,28,2,5,2025-03-18,Offer
4320,632,21,10,12,2025-07-08,Screening
4321,1889,17,6,3,2025-07-13,Rejected
4322,1048,23,8,4,2025-11-07,Interview
4323,539,10,9,15,2025-08-11,Applied
4324,945,30,2,9,2025-04-09,Applied
4325,1099,19,15,14,2025-05-01,Rejected
4326,753,26,5,18,2025-05-10,Applied
4327,535,26,4,3,2025-09-03,Screening
4328,673,11,4,16,2025-12-26,Rejected
4329,1065,20,6,10,2025-12-30,Screening
4330,1774,22,6,3,2025-06-18,Offer
4331,1775,24,13,6,2025-01-11,Applied
4332,568,13,5,10,2025-07-06,Interview
4333,1437,4,7,1,2025-01-19,Offer
4334,415,15,5,9,2025-09-18,Rejected
4335,449,12,1,16,2025-12-08,Rejected
4336,610,25,3,13,2025-09-18,Rejected
4337,658,24,10,17,2025-12-13,Rejected
4338,1798,26,2,1,2025-10-14,Screening
4339,436,10,13,11,2025-07-15,Interview
4340,1576,22,3,13,2025-05-11,Interview
4341,705,7,6,5,2025-08-24,Rejected
4342,239,24,14,1,2025-06-29,Offer
4343,1066,2,4,10,2025-01-08,Interview
4344,734,21,6,4,2025-05-10,Screening
4345,1732,29,8,4,2025-09-01,Interview
4346,800,7,1,14,2025-04-14,Rejected
4347,10,8,10,8,2025-06-28,Rejected
4348,747,21,2,20,2025-11-07,Rejected
4349,1861,19,5,7,2025-05-10,Offer
4350,1289,6,3,20,2025-06-20,Interview
4351,1605,21,6,10,2025-06-09,Hired
4352,1469,8,1,14,2025-10-07,Offer
4353,139,25,4,2,2025-03-31,Offer
4354,1891,25,6,13,2025-06-22,Screening
4355,731,28,1,11,2025-12-26,Applied
4356,196,28,1,7,2025-01-27,Rejected
4357,1098,22,4,5,2025-02-24,Applied
4358,1639,20,14,2,2025-08-24,Applied
4359,1249,4,5,16,2025-05-18,Rejected
4360,1659,25,2,2,2025-07-28,Applied
4361,1126,20,7,7,2025-09-30,Applied
4362,264,24,1,10,2025-03-24,Hired
4363,945,9,4,3,2025-11-15,Hired
4364,920,5,5,5,2025-07-13,Hired
4365,161,29,15,12,2025-12-01,Applied
4366,1257,6,14,20,2025-11-25,Rejected
4367,491,19,3,10,2025-01-14,Applied
4368,1811,12,10,3,2025-06-29,Interview
4369,770,5,8,15,2025-01-12,Applied
4370,311,5,2,9,2025-04-22,Rejected
4371,1675,30,11,10,2025-09-29,Applied
4372,227,18,1,17,2025-05-21,Rejected
4373,273,26,1,13,2025-02-18,Rejected
4374,938,6,8,16,2025-06-19,Applied
4375,317,9,2,11,2025-12-01,Applied
4376,1923,11,5,6,2025-09-21,Screening
4377,1110,23,2,14,2025-11-26,Interview
4378,291,14,4,19,2025-09-08,Hired
4379,1493,24,1,4,2025-01-09,Screening
4380,729,2,2,7,2025-06-13,Applied
4381,1895,27,4,10,2025-05-14,Rejected
4382,1602,29,3,9,2025-07-17,Interview
4383,1793,14,3,5,2025-01-14,Hired
4384,1671,25,14,20,2025-02-18,Interview
4385,1428,19,4,10,2025-04-29,Rejected
4386,1451,10,5,3,2025-12-01,Applied
4387,375,5,1,12,2025-06-22,Rejected
4388,1926,30,1,17,2025-03-04,Rejected
4389,567,23,2,6,2025-09-09,Hired
4390,868,4,7,13,2025-01-19,Rejected
4391,755,7,5,18,2025-02-06,Screening
4392,252,24,4,4,2025-09-28,Rejected
4393,1557,13,1,8,2025-03-09,Rejected
4394,307,10,12,17,2025-02-25,Applied
4395,1454,30,1,20,2025-08-25,Rejected
4396,675,10,3,12,2025-10-27,Rejected
4397,868,4,2,12,2025-10-15,Rejected
4398,264,16,5,5,2025-10-25,Offer
4399,68,15,14,2,2025-12-07,Rejected
4400,1131,21,3,3,2025-06-10,Rejected
4401,1424,11,1,7,2025-07-23,Interview
4402,1603,19,5,17,2025-01-02,Interview
4403,1223,21,15,18,2025-05-05,Applied
4404,1216,24,13,14,2025-08-03,Applied
4405,514,3,3,10,2025-03-08,Screening
4406,769,15,5,7,2025-03-05,Screening
4407,442,16,5,13,2025-09-20,Rejected
4408,1,14,4,20,2025-01-20,Applied
4409,358,29,8,6,2025-08-25,Rejected
4410,1139,5,1,8,2025-03-31,Screening
4411,903,26,10,4,2025-12-03,Applied
4412,1624,17,10,16,2025-06-03,Screening
4413,1221,18,3,15,2025-07-09,Offer
4414,1628,19,5,3,2025-03-14,Interview
4415,274,1,11,4,2025-03-22,Rejected
4416,856,29,13,12,2025-12-04,Interview
4417,1018,27,13,18,2025-11-27,Offer
4418,1184,28,4,15,2025-07-29,Interview
4419,173,27,4,16,2025-05-25,Rejected
4420,1569,25,2,12,2025-06-01,Screening
4421,1482,9,4,17,2025-11-02,Rejected
4422,585,21,2,18,2025-10-03,Screening
4423,1457,14,1,9,2025-11-19,Screening
4424,929,20,4,10,2025-06-17,Hired
4425,481,21,9,8,2025-06-21,Rejected
4426,455,20,5,13,2025-04-30,Screening
4427,196,28,1,3,2025-03-08,Rejected
4428,796,21,6,18,2025-12-08,Rejected
4429,599,23,10,9,2025-03-25,Rejected
4430,1333,11,2,1,2025-12-03,Applied
4431,1760,24,5,17,2025-10-19,Applied
4432,556,2,2,5,2025-10-27,Applied
4433,848,20,2,3,2025-07-30,Rejected
4434,1518,24,2,19,2025-11-21,Applied
4435,439,23,3,12,2025-11-15,Offer
4436,650,25,4,16,2025-07-02,Rejected
4437,1806,5,4,11,2025-07-05,Rejected
4438,359,22,14,19,2025-04-09,Screening
4439,1060,27,5,2,2025-04-24,Applied
4440,1058,24,5,17,2025-11-24,Applied
4441,1112,15,1,15,2025-05-04,Hired
4442,658,12,1,1,2025-08-23,Applied
4443,16,14,5,18,2025-01-18,Applied
4444,745,11,10,1,2025-04-30,Hired
4445,421,21,1,17,2025-07-12,Rejected
4446,553,30,7,12,2025-12-03,Hired
4447,767,9,1,11,2025-09-17,Interview
4448,793,20,13,10,2025-02-21,Screening
4449,1150,8,2,1,2025-11-24,Hired
4450,1032,12,14,4,2025-05-05,Interview
4451,1496,30,2,2,2025-05-29,Screening
4452,1492,3,8,17,2025-06-17,Screening
4453,880,21,14,15,2025-03-22,Rejected
4454,1886,15,5,13,2025-01-02,Rejected
4455,852,8,2,19,2025-07-15,Applied
4456,510,26,6,14,2025-07-14,Rejected
4457,1426,28,2,2,2025-04-03,Rejected
4458,1860,7,3,11,2025-05-22,Screening
4459,1200,17,4,17,2025-09-27,Interview
4460,1764,12,2,12,2025-08-10,Screening
4461,966,20,1,13,2025-09-18,Screening
4462,1859,18,6,5,2025-05-01,Applied
4463,914,18,2,11,2025-02-07,Screening
4464,1391,29,5,2,2025-11-26,Applied
4465,1512,15,9,5,2025-01-25,Rejected
4466,18,23,13,4,2025-05-30,Interview
4467,56,28,1,19,2025-10-04,Rejected
4468,919,28,8,8,2025-01-14,Applied
4469,1059,3,14,5,2025-07-21,Applied
4470,902,19,13,10,2025-07-05,Screening
4471,630,15,6,19,2025-11-22,Applied
4472,794,16,5,6,2025-03-09,Offer
4473,1790,22,1,14,2025-04-24,Applied
4474,1749,22,10,2,2025-08-30,Offer
4475,1597,17,2,16,2025-03-09,Screening
4476,1624,1,15,11,2025-09-11,Rejected
4477,1807,11,1,4,2025-09-21,Screening
4478,347,6,14,12,2025-08-14,Applied
4479,1056,23,13,7,2025-08-15,Hired
4480,908,9,6,18,2025-03-26,Rejected
4481,1024,20,14,15,2025-07-07,Rejected
4482,1157,16,6,15,2025-02-24,Rejected
4483,576,30,1,13,2025-12-12,Applied
4484,199,26,1,2,2025-08-25,Offer
4485,1280,6,5,1,2025-11-20,Rejected
4486,1366,12,6,13,2025-01-11,Offer
4487,1691,19,6,10,2025-01-25,Offer
4488,1999,13,5,5,2025-04-11,Offer
4489,1255,13,13,13,2025-10-20,Applied
4490,301,27,6,15,2025-08-16,Screening
4491,1017,4,2,5,2025-05-23,Screening
4492,1571,9,4,3,2025-07-27,Rejected
4493,26,14,1,9,2025-09-23,Interview
4494,1559,14,14,7,2025-04-30,Rejected
4495,1677,17,13,10,2025-08-23,Rejected
4496,1498,5,8,16,2025-02-16,Hired
4497,1411,27,3,17,2025-06-16,Rejected
4498,1309,23,1,8,2025-04-28,Offer
4499,450,19,10,14,2025-03-27,Hired
4500,320,2,7,20,2025-05-06,Rejected
4501,156,13,2,9,2025-10-07,Interview
4502,471,11,15,8,2025-04-24,Screening
4503,420,2,1,1,2025-12-15,Applied
4504,1137,1,5,2,2025-01-11,Applied
4505,1926,21,5,14,2025-10-05,Screening
4506,651,29,2,19,2025-04-06,Screening
4507,1446,3,10,17,2025-11-12,Screening
4508,886,27,11,14,2025-07-02,Screening
4509,930,12,10,7,2025-11-11,Rejected
4510,1745,7,14,2,2025-11-28,Applied
4511,835,1,2,12,2025-11-10,Screening
4512,876,9,4,13,2025-07-25,Applied
4513,942,30,5,15,2025-02-09,Applied
4514,994,18,13,11,2025-08-31,Rejected
4515,1622,24,9,4,2025-01-20,Applied
4516,1309,26,3,16,2025-09-04,Applied
4517,572,20,2,1,2025-10-16,Screening
4518,54,6,14,3,2025-01-16,Applied
4519,605,9,1,4,2025-02-01,Interview
4520,325,23,2,8,2025-04-13,Interview
4521,970,8,3,10,2025-01-07,Screening
4522,1482,23,2,18,2025-02-16,Applied
4523,885,18,5,9,2025-02-01,Rejected
4524,265,25,2,6,2025-09-03,Interview
4525,382,15,1,10,2025-09-18,Rejected
4526,1237,1,1,20,2025-04-26,Rejected
4527,333,14,1,20,2025-11-07,Screening
4528,1034,18,1,20,2025-09-15,Screening
4529,1382,19,14,8,2025-07-16,Applied
4530,203,19,5,14,2025-05-11,Screening
4531,1732,30,5,9,2025-12-11,Screening
4532,58,10,14,8,2025-10-15,Rejected
4533,1518,20,8,11,2025-07-01,Screening
4534,1534,21,4,13,2025-06-15,Applied
4535,1792,6,2,9,2025-10-29,Screening
4536,1247,17,13,12,2025-11-21,Offer
4537,1393,14,10,12,2025-04-12,Rejected
4538,1716,13,2,11,2025-10-23,Rejected
4539,1442,8,11,13,2025-08-06,Rejected
4540,1898,22,10,11,2025-06-02,Hired
4541,547,10,4,2,2025-12-27,Rejected
4542,871,9,1,12,2025-04-20,Rejected
4543,103,5,3,17,2025-09-12,Applied
4544,1185,23,13,20,2025-07-31,Rejected
4545,1224,27,9,14,2025-05-18,Screening
4546,1184,4,6,19,2025-01-05,Rejected
4547,1719,6,4,9,2025-06-23,Applied
4548,865,6,4,12,2025-05-19,Rejected
4549,1160,13,11,7,2025-05-16,Applied
4550,1966,4,15,4,2025-03-06,Screening
4551,398,22,1,9,2025-09-17,Rejected
4552,1762,8,8,11,2025-01-03,Applied
4553,392,27,4,1,2025-10-30,Rejected
4554,1779,5,5,18,2025-07-03,Interview
4555,106,2,4,11,2025-12-09,Applied
4556,1607,9,1,14,2025-09-19,Rejected
4557,1613,11,15,6,2025-07-09,Offer
4558,1078,20,7,10,2025-06-05,Rejected
4559,1301,20,9,7,2025-11-12,Rejected
4560,111,11,9,7,2025-11-03,Applied
4561,224,7,13,12,2025-03-17,Applied
4562,75,26,3,2,2025-09-09,Rejected
4563,506,14,1,4,2025-10-12,Applied
4564,1038,26,14,4,2025-10-21,Rejected
4565,1995,6,15,5,2025-06-19,Applied
4566,770,30,10,12,2025-10-29,Applied
4567,482,4,2,6,2025-11-11,Applied
4568,1213,6,2,15,2025-01-24,Rejected
4569,364,3,2,15,2025-11-03,Interview
4570,239,23,2,11,2025-03-22,Interview
4571,1425,6,9,12,2025-05-03,Applied
4572,846,3,3,3,2025-09-15,Screening
4573,985,1,2,5,2025-08-15,Screening
4574,1328,28,6,13,2025-10-08,Hired
4575,1115,26,1,19,2025-08-19,Applied
4576,392,21,4,1,2025-09-15,Interview
4577,1208,26,2,20,2025-03-16,Rejected
4578,1041,18,7,9,2025-05-29,Rejected
4579,965,23,3,6,2025-03-27,Interview
4580,12,29,6,1,2025-07-06,Interview
4581,1190,23,13,14,2025-10-09,Hired
4582,146,4,7,7,2025-01-12,Interview
4583,1306,6,5,3,2025-08-15,Rejected
4584,1573,17,5,20,2025-03-21,Rejected
4585,1606,18,3,12,2025-01-09,Rejected
4586,169,6,3,20,2025-11-16,Hired
4587,847,2,2,15,2025-08-16,Screening
4588,170,12,6,6,2025-07-11,Applied
4589,765,12,2,6,2025-02-08,Rejected
4590,1370,27,3,2,2025-05-31,Rejected
4591,499,4,6,14,2025-10-14,Screening
4592,1484,16,7,1,2025-01-09,Offer
4593,1321,20,5,4,2025-03-01,Applied
4594,1967,10,10,8,2025-11-22,Screening
4595,1166,25,13,15,2025-08-01,Rejected
4596,897,10,7,10,2025-12-13,Hired
4597,1809,7,12,16,2025-09-08,Rejected
4598,1761,14,2,3,2025-01-07,Rejected
4599,1719,7,1,15,2025-02-05,Screening
4600,1757,12,1,3,2025-08-09,Offer
4601,1077,11,2,20,2025-06-19,Rejected
4602,118,17,1,15,2025-12-24,Applied
4603,365,11,1,11,2025-11-30,Offer
4604,1695,21,2,20,2025-03-01,Rejected
4605,1982,3,3,9,2025-07-22,Applied
4606,136,19,4,9,2025-01-25,Hired
4607,1438,22,2,1,2025-05-31,Interview
4608,1101,4,5,2,2025-05-14,Rejected
4609,1872,8,5,2,2025-07-09,Interview
4610,1986,14,3,3,2025-04-04,Interview
4611,557,20,1,7,2025-04-16,Rejected
4612,18,24,4,15,2025-01-20,Rejected
4613,1891,14,1,4,2025-05-16,Rejected
4614,1965,28,4,1,2025-05-18,Interview
4615,403,16,2,18,2025-08-07,Applied
4616,205,15,10,19,2025-11-30,Rejected
4617,499,12,1,11,2025-09-17,Interview
4618,324,16,5,1,2025-01-28,Rejected
4619,595,20,1,6,2025-02-16,Rejected
4620,562,19,1,5,2025-10-17,Rejected
4621,1305,5,2,17,2025-09-05,Offer
4622,1190,12,2,8,2025-08-09,Rejected
4623,1267,29,5,17,2025-07-16,Rejected
4624,1913,5,2,13,2025-07-05,Rejected
4625,479,10,1,17,2025-06-25,Interview
4626,164,26,4,6,2025-10-17,Screening
4627,324,17,5,3,2025-05-27,Screening
4628,1592,15,10,20,2025-03-17,Rejected
4629,551,8,3,11,2025-03-24,Interview
4630,831,8,12,18,2025-05-11,Rejected
4631,640,8,7,12,2025-06-07,Applied
4632,1927,30,13,19,2025-10-25,Offer
4633,634,10,12,11,2025-02-26,Interview
4634,759,20,5,3,2025-10-18,Interview
4635,1722,13,2,9,2025-09-22,Screening
4636,208,30,11,2,2025-10-21,Rejected
4637,315,16,8,6,2025-10-24,Rejected
4638,304,9,2,9,2025-05-12,Applied
4639,901,16,11,16,2025-11-11,Screening
4640,239,10,4,9,2025-11-03,Interview
4641,1751,3,1,6,2025-02-14,Rejected
4642,804,23,6,8,2025-09-10,Screening
4643,1248,22,14,13,2025-08-24,Rejected
4644,1112,25,10,5,2025-11-27,Rejected
4645,1561,28,4,18,2025-12-24,Interview
4646,1453,14,1,1,2025-11-25,Applied
4647,1244,13,4,14,2025-12-04,Interview
4648,275,4,4,5,2025-07-14,Rejected
4649,1671,4,3,11,2025-05-10,Interview
4650,954,6,8,17,2025-04-06,Applied
4651,1769,24,7,18,2025-05-22,Applied
4652,1090,19,2,17,2025-12-16,Screening
4653,1616,11,8,2,2025-02-23,Rejected
4654,1447,8,10,11,2025-05-23,Screening
4655,255,14,2,16,2025-10-26,Screening
4656,125,8,1,14,2025-06-17,Hired
4657,1170,30,9,10,2025-09-12,Applied
4658,615,14,5,9,2025-04-21,Rejected
4659,385,23,3,6,2025-11-03,Applied
4660,447,7,3,1,2025-04-29,Rejected
4661,387,21,1,13,2025-09-01,Offer
4662,383,18,6,8,2025-02-07,Screening
4663,1301,12,10,11,2025-03-05,Offer
4664,1406,14,13,2,2025-09-19,Screening
4665,124,15,1,3,2025-03-26,Screening
4666,1950,18,13,16,2025-08-14,Screening
4667,1291,29,8,19,2025-07-05,Screening
4668,1814,12,2,9,2025-08-14,Screening
4669,1135,10,1,20,2025-05-25,Offer
4670,1405,12,5,18,2025-07-23,Applied
4671,1849,8,9,15,2025-10-05,Screening
4672,1625,27,1,4,2025-10-04,Rejected
4673,1923,6,4,8,2025-05-05,Applied
4674,1182,24,1,15,2025-04-19,Hired
4675,728,19,4,20,2025-01-23,Screening
4676,896,1,1,6,2025-09-09,Rejected
4677,1837,13,1,11,2025-11-22,Rejected
4678,1572,22,11,8,2025-01-17,Rejected
4679,1623,16,2,12,2025-02-06,Rejected
4680,1142,18,4,6,2025-03-22,Applied
4681,328,12,10,1,2025-01-27,Screening
4682,1984,25,3,4,2025-05-29,Rejected
4683,694,5,7,17,2025-11-11,Rejected
4684,1092,21,5,10,2025-08-24,Interview
4685,1458,13,5,2,2025-07-08,Applied
4686,359,26,11,10,2025-09-27,Interview
4687,1003,8,1,9,2025-06-09,Applied
4688,1695,6,1,15,2025-03-01,Offer
4689,797,3,3,1,2025-08-11,Screening
4690,443,25,9,10,2025-07-29,Screening
4691,164,26,6,1,2025-04-15,Screening
4692,973,20,9,8,2025-04-18,Rejected
4693,361,26,10,10,2025-02-05,Screening
4694,585,4,2,11,2025-08-30,Hired
4695,1143,12,1,13,2025-08-04,Screening
4696,853,13,11,9,2025-06-14,Rejected
4697,1011,2,1,7,2025-12-19,Applied
4698,1219,19,5,9,2025-10-13,Interview
4699,1625,4,7,4,2025-01-24,Screening
4700,1881,23,2,6,2025-02-01,Rejected
4701,1612,13,6,15,2025-04-21,Rejected
4702,1757,19,4,3,2025-10-01,Offer
4703,1675,8,9,2,2025-11-04,Rejected
4704,1024,8,12,17,2025-12-08,Applied
4705,1908,16,3,18,2025-03-04,Rejected
4706,1931,26,5,18,2025-10-06,Offer
4707,241,11,4,8,2025-06-23,Rejected
4708,1533,18,5,10,2025-01-30,Applied
4709,666,4,6,1,2025-05-07,Interview
4710,565,24,10,9,2025-12-28,Applied
4711,1166,1,9,6,2025-07-05,Applied
4712,832,1,4,18,2025-05-02,Applied
4713,976,30,5,11,2025-05-28,Screening
4714,1930,14,15,17,2025-10-11,Applied
4715,31,4,11,12,2025-06-08,Applied
4716,223,11,6,20,2025-05-04,Screening
4717,1828,18,2,18,2025-08-05,Interview
4718,266,16,5,18,2025-02-12,Offer
4719,1306,17,4,3,2025-05-14,Screening
4720,788,24,7,9,2025-09-15,Rejected
4721,381,2,1,2,2025-06-27,Offer
4722,556,4,2,3,2025-03-06,Rejected
4723,62,3,10,1,2025-07-18,Rejected
4724,713,15,2,10,2025-04-29,Offer
4725,847,2,10,5,2025-04-08,Applied
4726,521,24,1,8,2025-08-28,Screening
4727,1095,19,4,15,2025-01-06,Rejected
4728,602,9,1,8,2025-10-15,Applied
4729,1560,10,2,17,2025-12-31,Screening
4730,140,21,2,19,2025-09-27,Interview
4731,1340,25,10,19,2025-07-22,Screening
4732,1364,19,10,4,2025-09-11,Screening
4733,1912,28,9,15,2025-06-01,Rejected
4734,590,5,3,18,2025-09-27,Interview
4735,1750,14,13,20,2025-11-17,Screening
4736,528,10,15,10,2025-07-18,Hired
4737,541,16,3,11,2025-07-01,Interview
4738,1440,6,1,8,2025-02-13,Hired
4739,1491,25,6,2,2025-09-17,Offer
4740,375,8,1,1,2025-08-07,Offer
4741,291,2,8,9,2025-05-11,Screening
4742,43,18,1,3,2025-12-08,Applied
4743,1888,29,1,17,2025-08-02,Rejected
4744,1911,21,5,1,2025-03-30,Interview
4745,1077,21,4,19,2025-11-24,Screening
4746,1812,21,1,9,2025-10-05,Applied
4747,1907,20,9,9,2025-06-12,Screening
4748,1256,8,2,9,2025-10-18,Screening
4749,1236,27,6,5,2025-02-21,Applied
4750,8,5,12,19,2025-07-10,Rejected
4751,1658,17,5,10,2025-11-18,Rejected
4752,483,16,2,8,2025-02-02,Screening
4753,42,26,1,13,2025-12-16,Screening
4754,333,30,11,18,2025-12-03,Rejected
4755,1257,5,2,11,2025-05-06,Screening
4756,1094,17,14,13,2025-11-15,Applied
4757,1903,4,1,3,2025-09-30,Offer
4758,1040,1,13,11,2025-08-15,Rejected
4759,69,22,2,13,2025-05-04,Applied
4760,53,6,15,17,2025-07-22,Rejected
4761,685,1,3,6,2025-02-20,Screening
4762,1971,28,3,18,2025-05-13,Rejected
4763,994,24,14,3,2025-10-04,Applied
4764,1798,30,7,7,2025-03-27,Interview
4765,1403,4,2,15,2025-11-22,Interview
4766,1825,2,13,13,2025-08-06,Offer
4767,1487,13,10,10,2025-08-05,Hired
4768,527,14,7,10,2025-12-31,Screening
4769,1806,17,11,19,2025-05-15,Rejected
4770,1703,11,5,7,2025-05-04,Screening
4771,63,3,4,6,2025-12-19,Screening
4772,261,7,1,18,2025-11-08,Rejected
4773,1524,10,5,20,2025-06-10,Screening
4774,1145,11,8,5,2025-08-19,Interview
4775,858,10,3,20,2025-07-02,Applied
4776,1264,8,1,6,2025-01-03,Screening
4777,1489,5,6,11,2025-06-11,Rejected
4778,1131,23,5,11,2025-11-02,Applied
4779,180,2,1,14,2025-06-04,Hired
4780,1040,28,1,12,2025-06-22,Offer
4781,355,28,10,12,2025-06-17,Applied
4782,934,15,9,10,2025-02-07,Rejected
4783,1333,16,5,19,2025-07-18,Screening
4784,727,4,2,5,2025-12-21,Interview
4785,589,22,1,13,2025-03-07,Rejected
4786,1761,28,3,15,2025-06-29,Applied
4787,605,28,1,5,2025-03-14,Interview
4788,181,16,2,17,2025-01-03,Applied
4789,174,12,2,16,2025-06-01,Rejected
4790,354,28,2,15,2025-10-01,Rejected
4791,354,14,14,2,2025-01-27,Applied
4792,1243,12,5,12,2025-09-13,Interview
4793,1679,28,8,15,2025-05-23,Offer
4794,1339,21,1,9,2025-07-05,Interview
4795,434,16,12,2,2025-01-01,Rejected
4796,905,16,4,6,2025-01-23,Hired
4797,282,22,4,20,2025-10-30,Offer
4798,259,12,12,18,2025-09-09,Rejected
4799,868,2,11,13,2025-01-17,Applied
4800,559,23,4,3,2025-03-02,Interview
4801,5,24,4,11,2025-10-01,Interview
4802,1598,29,8,11,2025-03-08,Screening
4803,596,14,2,15,2025-07-05,Interview
4804,1669,11,3,19,2025-10-11,Applied
4805,394,9,4,1,2025-07-14,Rejected
4806,336,22,1,3,2025-12-14,Rejected
4807,63,7,13,9,2025-08-11,Offer
4808,1817,29,3,2,2025-11-30,Offer
4809,44,12,4,7,2025-09-08,Applied
4810,153,29,1,17,2025-10-02,Hired
4811,1950,17,2,11,2025-09-09,Screening
4812,1806,9,2,17,2025-11-07,Offer
4813,854,6,2,9,2025-05-29,Hired
4814,1707,12,8,14,2025-07-14,Rejected
4815,1180,20,3,15,2025-05-04,Hired
4816,1502,10,2,10,2025-08-21,Hired
4817,275,9,4,8,2025-10-22,Offer
4818,1382,12,1,1,2025-02-16,Applied
4819,426,1,7,4,2025-08-02,Rejected
4820,1556,2,12,12,2025-06-14,Rejected
4821,483,19,7,3,2025-04-28,Offer
4822,214,1,6,16,2025-06-24,Rejected
4823,79,16,4,5,2025-04-21,Offer
4824,139,16,2,14,2025-04-02,Interview
4825,950,18,2,11,2025-02-20,Screening
4826,98,18,1,5,2025-01-24,Applied
4827,1913,23,7,1,2025-06-03,Offer
4828,664,26,4,9,2025-06-03,Screening
4829,198,13,2,14,2025-02-23,Rejected
4830,785,22,2,2,2025-03-16,Screening
4831,156,12,9,10,2025-08-26,Rejected
4832,1074,9,10,6,2025-03-24,Rejected
4833,479,30,5,19,2025-10-27,Screening
4834,228,5,15,19,2025-09-23,Hired
4835,1975,9,1,20,2025-01-18,Interview
4836,1481,30,3,17,2025-04-17,Screening
4837,522,13,8,12,2025-11-08,Applied
4838,149,16,4,1,2025-02-13,Interview
4839,1082,28,8,15,2025-06-02,Rejected
4840,162,10,2,7,2025-02-25,Rejected
4841,863,30,1,16,2025-05-10,Interview
4842,1501,16,11,15,2025-10-15,Rejected
4843,1131,14,4,17,2025-03-12,Applied
4844,1451,25,1,11,2025-07-29,Screening
4845,395,2,14,5,2025-02-20,Hired
4846,801,28,2,15,2025-03-03,Offer
4847,186,25,13,8,2025-02-24,Rejected
4848,558,19,11,14,2025-06-28,Offer
4849,1981,11,4,12,2025-08-24,Applied
4850,446,19,5,15,2025-03-15,Rejected
4851,1665,28,2,11,2025-05-29,Applied
4852,1941,11,2,3,2025-09-18,Rejected
4853,830,14,10,19,2025-01-05,Applied
4854,1472,15,5,15,2025-11-21,Rejected
4855,87,25,10,1,2025-01-30,Interview
4856,1273,7,2,16,2025-03-10,Applied
4857,1865,15,1,17,2025-01-23,Rejected
4858,1464,30,6,8,2025-06-30,Offer
4859,1281,27,1,17,2025-05-02,Applied
4860,1301,24,4,19,2025-11-06,Screening
4861,1814,23,11,19,2025-11-10,Rejected
4862,438,25,1,15,2025-11-23,Rejected
4863,516,8,1,17,2025-02-18,Screening
4864,1601,30,6,9,2025-09-07,Interview
4865,947,4,6,17,2025-11-07,Screening
4866,1226,18,8,15,2025-08-17,Rejected
4867,1599,14,15,6,2025-04-21,Interview
4868,1679,29,6,13,2025-11-01,Applied
4869,756,27,1,17,2025-10-12,Rejected
4870,1828,21,5,3,2025-10-06,Rejected
4871,797,18,3,19,2025-04-28,Applied
4872,1204,4,2,5,2025-07-15,Rejected
4873,686,30,14,16,2025-01-19,Hired
4874,325,28,4,1,2025-06-09,Rejected
4875,1949,2,5,2,2025-01-30,Applied
4876,623,21,7,14,2025-07-09,Offer
4877,687,6,5,1,2025-09-03,Offer
4878,1499,11,2,15,2025-12-30,Applied
4879,1689,1,2,6,2025-12-25,Screening
4880,2000,15,7,10,2025-07-31,Rejected
4881,400,12,7,13,2025-01-03,Offer
4882,868,24,1,19,2025-02-26,Screening
4883,217,18,14,1,2025-10-21,Interview
4884,809,30,7,1,2025-11-26,Applied
4885,961,5,5,17,2025-08-31,Screening
4886,1477,11,6,2,2025-03-30,Rejected
4887,1001,24,4,9,2025-02-01,Screening
4888,1428,21,5,8,2025-04-17,Rejected
4889,1989,19,10,4,2025-01-28,Rejected
4890,932,22,4,15,2025-04-17,Rejected
4891,240,1,10,11,2025-08-17,Offer
4892,1762,17,2,20,2025-08-05,Rejected
4893,1210,8,1,5,2025-07-15,Hired
4894,48,23,10,13,2025-05-24,Screening
4895,1410,16,4,19,2025-04-04,Screening
4896,1232,26,10,12,2025-12-24,Interview
4897,1181,26,2,13,2025-06-09,Rejected
4898,1249,11,2,8,2025-03-15,Offer
4899,1168,27,4,8,2025-05-28,Interview
4900,1443,19,11,10,2025-09-04,Applied
4901,1135,24,6,12,2025-09-14,Rejected
4902,1854,11,3,2,2025-11-03,Interview
4903,875,15,1,10,2025-04-22,Offer
4904,1898,8,6,14,2025-04-16,Interview
4905,1489,30,13,10,2025-01-19,Rejected
4906,132,14,9,10,2025-01-23,Interview
4907,625,1,2,3,2025-07-09,Applied
4908,1860,10,12,13,2025-04-21,Screening
4909,1971,7,1,19,2025-01-11,Screening
4910,601,18,11,18,2025-12-29,Applied
4911,673,12,11,4,2025-03-13,Offer
4912,334,2,4,1,2025-06-28,Rejected
4913,1944,18,4,3,2025-06-01,Rejected
4914,1099,29,14,18,2025-08-22,Applied
4915,1817,21,14,9,2025-03-31,Screening
4916,1436,7,10,18,2025-06-26,Rejected
4917,1543,20,3,8,2025-09-08,Rejected
4918,1649,27,1,14,2025-04-12,Applied
4919,36,12,12,3,2025-07-15,Rejected
4920,778,20,10,15,2025-04-23,Screening
4921,1649,25,10,1,2025-03-12,Offer
4922,1828,14,11,12,2025-07-03,Applied
4923,223,10,4,17,2025-07-04,Rejected
4924,1747,9,13,3,2025-12-18,Rejected
4925,530,23,3,1,2025-03-19,Rejected
4926,241,30,2,5,2025-01-19,Rejected
4927,134,15,9,18,2025-06-29,Rejected
4928,1756,26,7,5,2025-01-20,Screening
4929,391,20,3,7,2025-09-05,Rejected
4930,102,24,2,5,2025-03-07,Offer
4931,1676,10,4,13,2025-03-20,Screening
4932,681,19,4,6,2025-09-19,Applied
4933,498,19,11,10,2025-10-08,Screening
4934,511,12,2,11,2025-06-22,Interview
4935,703,23,5,2,2025-06-08,Screening
4936,994,29,1,8,2025-04-07,Offer
4937,1561,27,13,16,2025-07-30,Rejected
4938,949,12,4,6,2025-02-08,Rejected
4939,1569,9,4,7,2025-04-25,Applied
4940,1367,29,1,11,2025-08-03,Interview
4941,841,27,13,2,2025-10-30,Rejected
4942,6,20,5,6,2025-12-13,Rejected
4943,958,4,1,17,2025-03-31,Applied
4944,194,1,5,20,2025-08-28,Rejected
4945,742,16,5,10,2025-09-08,Interview
4946,1161,1,3,10,2025-11-22,Rejected
4947,1859,13,4,9,2025-12-02,Interview
4948,912,30,5,17,2025-08-16,Offer
4949,473,3,2,4,2025-02-20,Applied
4950,216,12,1,14,2025-03-03,Rejected
4951,1373,29,4,9,2025-02-10,Screening
4952,876,23,1,19,2025-02-14,Interview
4953,1207,29,1,8,2025-10-20,Rejected
4954,1192,9,7,2,2025-07-26,Applied
4955,1818,4,10,20,2025-04-08,Offer
4956,38,2,2,15,2025-02-23,Applied
4957,1699,22,2,2,2025-02-08,Interview
4958,471,22,1,1,2025-08-25,Screening
4959,452,9,5,3,2025-05-24,Rejected
4960,1979,20,4,16,2025-03-23,Rejected
4961,1514,24,4,10,2025-11-05,Rejected
4962,1166,13,3,13,2025-08-14,Offer
4963,1013,14,12,12,2025-05-30,Rejected
4964,1784,29,8,3,2025-01-14,Rejected
4965,1967,3,1,6,2025-03-19,Rejected
4966,103,18,12,2,2025-12-14,Rejected
4967,1735,9,11,20,2025-08-17,Rejected
4968,1736,15,3,3,2025-02-11,Interview
4969,42,22,15,13,2025-01-16,Applied
4970,947,27,3,2,2025-07-21,Applied
4971,1171,24,1,3,2025-03-22,Applied
4972,66,27,1,7,2025-10-24,Applied
4973,943,10,10,19,2025-02-22,Applied
4974,193,25,1,10,2025-06-11,Screening
4975,1322,17,11,1,2025-02-21,Screening
4976,1062,13,13,3,2025-06-27,Rejected
4977,502,1,5,16,2025-03-23,Applied
4978,1677,11,2,3,2025-09-09,Screening
4979,1642,5,2,2,2025-09-19,Screening
4980,1452,9,1,6,2025-02-10,Screening
4981,664,7,1,18,2025-08-07,Rejected
4982,352,7,6,14,2025-12-05,Rejected
4983,1950,2,15,13,2025-01-05,Screening
4984,326,19,14,13,2025-02-05,Rejected
4985,1062,20,2,1,2025-06-29,Offer
4986,1121,18,5,4,2025-03-14,Rejected
4987,108,10,2,13,2025-05-04,Hired
4988,631,25,5,15,2025-08-20,Screening
4989,151,5,1,8,2025-12-25,Screening
4990,1098,16,4,11,2025-12-29,Screening
4991,1081,29,8,9,2025-11-30,Offer
4992,878,23,9,11,2025-09-07,Interview
4993,335,27,7,4,2025-12-02,Applied
4994,1276,25,8,12,2025-02-21,Screening
4995,1943,5,6,17,2025-03-16,Interview
4996,804,15,8,1,2025-05-23,Interview
4997,1849,22,5,6,2025-08-30,Offer
4998,767,16,10,15,2025-05-10,Interview
4999,1278,4,4,14,2025-11-13,Rejected
5000,1409,14,4,9,2025-07-01,Screening
5001,1480,24,1,6,2025-12-23,Applied
5002,259,17,5,17,2025-09-01,Applied
5003,782,17,11,9,2025-03-08,Interview
5004,1489,21,11,9,2025-09-20,Offer
5005,34,16,3,11,2025-09-07,Interview
5006,1519,26,2,20,2025-02-16,Offer
5007,326,9,9,13,2025-11-13,Applied
5008,837,2,4,17,2025-08-26,Applied
5009,1262,11,2,4,2025-07-03,Screening
5010,691,15,4,10,2025-01-31,Applied
5011,1640,3,4,19,2025-12-12,Rejected
5012,1565,24,1,8,2025-07-09,Screening
5013,739,16,4,19,2025-06-27,Screening
5014,1490,21,1,15,2025-12-08,Applied
5015,744,19,3,19,2025-04-28,Applied
5016,1328,22,6,8,2025-11-09,Offer
5017,1886,6,1,10,2025-04-15,Rejected
5018,847,14,3,15,2025-12-05,Offer
5019,117,5,2,11,2025-09-23,Applied
5020,1231,5,5,11,2025-06-22,Rejected
5021,1936,6,12,1,2025-07-15,Screening
5022,1721,18,2,8,2025-12-15,Offer
5023,1505,22,6,16,2025-11-16,Applied
5024,650,18,13,15,2025-10-04,Rejected
5025,403,19,4,16,2025-12-29,Interview
5026,997,2,7,9,2025-05-11,Rejected
5027,1859,17,6,14,2025-06-12,Rejected
5028,1700,28,5,7,2025-04-13,Screening
5029,1924,1,2,17,2025-07-06,Applied
5030,1611,9,6,19,2025-03-30,Interview
5031,233,13,11,10,2025-08-01,Hired
5032,929,4,4,2,2025-04-30,Rejected
5033,1308,5,6,4,2025-02-11,Offer
5034,480,26,1,4,2025-03-02,Rejected
5035,1913,30,1,15,2025-10-04,Applied
5036,1791,23,2,17,2025-11-06,Rejected
5037,976,18,10,14,2025-04-04,Rejected
5038,9,28,4,14,2025-09-11,Screening
5039,715,27,7,9,2025-08-09,Interview
5040,1926,10,11,2,2025-07-23,Rejected
5041,379,25,6,8,2025-03-21,Rejected
5042,1841,28,10,11,2025-12-19,Screening
5043,1627,4,2,4,2025-08-24,Rejected
5044,381,26,6,5,2025-05-11,Screening
5045,844,26,7,4,2025-01-27,Hired
5046,1686,13,2,18,2025-03-02,Offer
5047,360,13,1,9,2025-04-26,Offer
5048,176,17,5,7,2025-01-05,Applied
5049,485,8,7,10,2025-10-15,Applied
5050,1429,4,15,2,2025-11-09,Rejected
5051,33,23,14,17,2025-04-30,Applied
5052,1489,3,1,14,2025-02-07,Screening
5053,696,11,14,2,2025-01-27,Applied
5054,157,12,4,14,2025-10-28,Screening
5055,565,9,4,5,2025-02-04,Applied
5056,1832,15,2,17,2025-09-18,Interview
5057,202,13,4,15,2025-11-03,Rejected
5058,1810,5,2,17,2025-04-19,Offer
5059,1199,5,3,3,2025-08-07,Applied
5060,1268,19,3,17,2025-02-02,Rejected
5061,1293,11,2,6,2025-11-19,Screening
5062,923,9,6,18,2025-12-23,Applied
5063,1470,3,2,14,2025-07-18,Rejected
5064,74,18,2,16,2025-02-21,Screening
5065,96,27,10,11,2025-09-26,Offer
5066,1897,13,7,13,2025-02-06,Interview
5067,173,25,6,1,2025-10-11,Rejected
5068,1923,28,15,15,2025-09-29,Screening
5069,1430,12,8,13,2025-06-16,Screening
5070,155,9,11,20,2025-06-14,Interview
5071,1207,10,2,15,2025-03-20,Hired
5072,1347,28,4,10,2025-04-08,Rejected
5073,289,13,1,6,2025-10-20,Rejected
5074,258,20,3,10,2025-07-25,Rejected
5075,1611,20,15,5,2025-03-21,Applied
5076,174,13,4,2,2025-09-21,Rejected
5077,330,27,8,3,2025-01-27,Rejected
5078,1255,26,1,15,2025-08-25,Applied
5079,759,29,13,1,2025-04-12,Interview
5080,1020,29,15,11,2025-08-12,Rejected
5081,161,22,10,16,2025-05-09,Applied
5082,186,9,1,2,2025-08-15,Offer
5083,1927,24,3,3,2025-10-04,Screening
5084,143,10,3,5,2025-01-10,Hired
5085,1306,19,2,18,2025-08-11,Rejected
5086,907,6,4,9,2025-04-16,Hired
5087,640,29,2,10,2025-06-07,Applied
5088,1702,7,6,9,2025-10-07,Applied
5089,27,15,6,14,2025-07-29,Rejected
5090,1270,22,8,3,2025-01-03,Screening
5091,1511,19,6,14,2025-01-09,Offer
5092,1671,14,15,10,2025-10-27,Rejected
5093,1921,30,5,6,2025-09-02,Rejected
5094,202,16,10,12,2025-04-26,Screening
5095,1045,14,6,7,2025-01-16,Rejected
5096,1615,29,3,6,2025-07-27,Applied
5097,670,29,9,16,2025-02-12,Applied
5098,1118,25,7,9,2025-08-16,Rejected
5099,1032,20,7,5,2025-08-28,Rejected
5100,472,2,1,8,2025-10-18,Rejected
5101,1363,9,3,16,2025-05-22,Applied
5102,259,3,1,1,2025-08-21,Interview
5103,55,6,4,7,2025-10-23,Rejected
5104,911,5,4,6,2025-02-21,Screening
5105,1572,14,2,4,2025-03-08,Interview
5106,1030,29,5,12,2025-09-22,Interview
5107,1401,15,4,3,2025-04-12,Applied
5108,554,18,7,5,2025-01-21,Rejected
5109,1074,17,12,8,2025-11-25,Rejected
5110,112,9,2,1,2025-06-14,Applied
5111,146,19,3,1,2025-03-03,Offer
5112,230,23,9,2,2025-09-12,Screening
5113,1747,25,2,11,2025-02-01,Applied
5114,497,9,2,13,2025-11-26,Rejected
5115,1330,28,1,11,2025-07-31,Rejected
5116,1566,16,5,7,2025-11-28,Offer
5117,461,26,4,11,2025-07-02,Applied
5118,807,6,6,20,2025-07-17,Interview
5119,1652,8,4,19,2025-10-02,Hired
5120,1932,25,4,14,2025-09-01,Applied
5121,226,3,7,9,2025-11-15,Rejected
5122,59,22,11,18,2025-06-02,Screening
5123,1100,5,9,7,2025-09-02,Rejected
5124,428,7,14,3,2025-12-25,Screening
5125,728,23,2,17,2025-04-24,Screening
5126,1156,25,1,9,2025-09-07,Screening
5127,932,1,8,20,2025-04-09,Applied
5128,498,22,7,9,2025-08-01,Screening
5129,816,21,4,4,2025-04-17,Rejected
5130,910,4,6,6,2025-08-07,Screening
5131,1617,26,1,12,2025-10-22,Rejected
5132,1329,28,8,19,2025-10-11,Screening
5133,67,16,2,18,2025-10-26,Rejected
5134,230,27,8,2,2025-08-09,Offer
5135,983,14,9,14,2025-03-10,Screening
5136,333,1,4,14,2025-05-14,Hired
5137,1929,4,2,17,2025-05-20,Offer
5138,277,10,9,19,2025-06-28,Interview
5139,1897,11,15,2,2025-02-13,Applied
5140,1608,7,2,13,2025-06-15,Offer
5141,721,4,9,1,2025-02-08,Offer
5142,1808,1,1,5,2025-12-28,Applied
5143,144,26,5,16,2025-02-28,Rejected
5144,1275,1,14,2,2025-03-16,Interview
5145,1820,17,11,3,2025-05-16,Interview
5146,691,27,1,1,2025-06-17,Rejected
5147,1976,10,8,13,2025-06-20,Rejected
5148,1104,5,9,2,2025-03-02,Hired
5149,57,7,8,15,2025-10-19,Applied
5150,1390,25,6,10,2025-03-31,Applied
5151,308,8,4,8,2025-06-09,Rejected
5152,174,2,7,15,2025-03-29,Screening
5153,1486,9,13,6,2025-08-04,Screening
5154,750,4,6,2,2025-03-10,Rejected
5155,1004,12,7,9,2025-10-12,Rejected
5156,678,26,6,10,2025-06-13,Screening
5157,1620,11,1,14,2025-11-10,Hired
5158,1517,5,11,16,2025-05-09,Rejected
5159,560,12,7,16,2025-05-15,Interview
5160,1663,27,1,20,2025-12-11,Rejected
5161,1705,21,1,14,2025-08-01,Screening
5162,1890,4,1,1,2025-12-08,Rejected
5163,1398,13,13,7,2025-03-10,Interview
5164,1979,22,4,13,2025-07-24,Screening
5165,349,1,13,9,2025-04-07,Rejected
5166,1091,18,8,7,2025-11-27,Screening
5167,330,4,11,20,2025-11-13,Applied
5168,1876,4,6,6,2025-01-15,Applied
5169,194,8,1,13,2025-12-31,Offer
5170,1179,25,2,17,2025-09-20,Applied
5171,1184,28,5,18,2025-02-17,Screening
5172,1720,20,4,16,2025-03-04,Screening
5173,266,6,5,8,2025-06-03,Screening
5174,168,4,15,14,2025-08-26,Applied
5175,145,4,4,8,2025-05-10,Applied
5176,186,28,13,1,2025-09-10,Applied
5177,886,11,8,18,2025-02-27,Applied
5178,865,28,1,11,2025-09-06,Interview
5179,774,9,8,3,2025-08-31,Screening
5180,1447,14,7,3,2025-09-23,Applied
5181,1007,4,3,17,2025-12-10,Interview
5182,786,13,11,19,2025-04-09,Rejected
5183,457,6,1,3,2025-07-04,Applied
5184,1864,30,10,5,2025-01-03,Screening
5185,345,13,3,2,2025-01-21,Applied
5186,735,25,1,12,2025-07-25,Rejected
5187,554,3,13,16,2025-11-07,Applied
5188,1021,23,2,15,2025-05-09,Interview
5189,1540,7,5,11,2025-11-21,Offer
5190,788,1,8,2,2025-05-19,Screening
5191,1820,11,6,5,2025-04-16,Rejected
5192,936,2,2,18,2025-05-07,Screening
5193,705,5,2,1,2025-03-20,Rejected
5194,1128,24,2,5,2025-05-12,Rejected
5195,247,22,3,2,2025-05-26,Applied
5196,812,30,13,14,2025-12-11,Interview
5197,1047,14,6,5,2025-04-03,Screening
5198,953,29,1,18,2025-03-08,Screening
5199,815,13,8,8,2025-05-21,Hired
5200,1549,16,2,13,2025-09-10,Rejected
5201,144,23,6,16,2025-07-10,Offer
5202,730,15,3,18,2025-08-31,Offer
5203,1719,3,3,10,2025-03-09,Rejected
5204,863,6,6,1,2025-09-27,Hired
5205,1778,9,5,7,2025-03-20,Applied
5206,1217,3,2,7,2025-12-01,Rejected
5207,465,30,7,9,2025-07-18,Offer
5208,1808,13,3,16,2025-06-28,Interview
5209,375,29,6,4,2025-01-27,Applied
5210,677,13,10,10,2025-01-22,Applied
5211,692,22,6,14,2025-02-16,Screening
5212,629,7,5,9,2025-11-24,Applied
5213,1290,5,14,5,2025-02-13,Screening
5214,1402,26,5,1,2025-04-11,Rejected
5215,1574,29,6,13,2025-11-18,Offer
5216,556,8,10,12,2025-03-10,Offer
5217,863,8,2,8,2025-03-14,Rejected
5218,74,22,3,12,2025-02-08,Interview
5219,438,7,11,2,2025-10-29,Screening
5220,881,19,1,5,2025-02-12,Interview
5221,226,29,2,3,2025-08-23,Offer
5222,1843,7,11,6,2025-04-15,Screening
5223,308,23,2,6,2025-04-15,Screening
5224,966,4,1,7,2025-08-23,Applied
5225,348,10,11,7,2025-08-03,Rejected
5226,476,30,2,19,2025-06-26,Screening
5227,1339,13,12,2,2025-03-09,Rejected
5228,525,4,11,17,2025-11-23,Applied
5229,1449,30,5,1,2025-07-08,Rejected
5230,524,19,2,20,2025-03-01,Interview
5231,562,10,1,18,2025-06-29,Interview
5232,1849,7,3,8,2025-02-09,Screening
5233,1970,5,5,6,2025-06-27,Interview
5234,1273,3,4,19,2025-08-10,Interview
5235,1655,22,2,9,2025-08-29,Rejected
5236,569,28,10,2,2025-03-24,Rejected
5237,1206,22,1,10,2025-08-30,Screening
5238,1986,22,9,2,2025-03-17,Rejected
5239,1800,2,15,8,2025-08-03,Applied
5240,106,29,5,17,2025-12-07,Screening
5241,191,11,2,14,2025-12-28,Rejected
5242,1161,10,1,6,2025-08-05,Screening
5243,700,28,13,1,2025-03-02,Applied
5244,1144,23,5,1,2025-05-30,Offer
5245,1778,13,10,20,2025-01-06,Rejected
5246,831,7,2,17,2025-01-28,Screening
5247,72,10,10,7,2025-07-31,Interview
5248,755,28,2,5,2025-01-15,Rejected
5249,1155,4,2,10,2025-04-01,Screening
5250,457,27,4,15,2025-09-10,Screening
5251,1805,22,12,20,2025-12-13,Screening
5252,905,20,2,15,2025-07-08,Rejected
5253,479,16,8,6,2025-10-12,Applied
5254,52,20,2,10,2025-01-16,Offer
5255,1004,6,6,5,2025-11-05,Offer
5256,574,9,2,8,2025-03-25,Applied
5257,1143,28,1,13,2025-07-30,Screening
5258,1901,13,2,16,2025-02-15,Interview
5259,1288,7,10,17,2025-06-22,Applied
5260,1263,18,1,1,2025-06-10,Interview
5261,1375,14,2,13,2025-10-16,Screening
5262,893,22,13,8,2025-01-21,Screening
5263,255,30,2,14,2025-03-03,Interview
5264,685,5,1,4,2025-01-24,Rejected
5265,1333,22,1,11,2025-02-26,Rejected
5266,1773,13,5,7,2025-02-17,Rejected
5267,1855,24,8,17,2025-04-30,Applied
5268,1631,8,2,7,2025-06-11,Applied
5269,1873,15,10,13,2025-12-04,Interview
5270,1519,19,3,4,2025-07-10,Applied
5271,57,9,5,6,2025-10-24,Applied
5272,950,6,2,5,2025-04-08,Interview
5273,1427,23,3,19,2025-01-12,Offer
5274,1091,25,1,17,2025-07-29,Offer
5275,1070,14,5,17,2025-01-28,Interview
5276,606,29,2,8,2025-04-21,Applied
5277,1674,23,1,18,2025-10-10,Rejected
5278,369,10,11,19,2025-01-31,Offer
5279,1629,9,10,4,2025-04-11,Applied
5280,232,17,2,17,2025-12-31,Hired
5281,1426,13,2,3,2025-04-06,Offer
5282,908,17,5,20,2025-09-03,Screening
5283,1585,19,3,2,2025-07-26,Interview
5284,1047,13,5,19,2025-04-06,Offer
5285,574,9,4,10,2025-09-25,Applied
5286,1291,1,1,5,2025-07-30,Rejected
5287,841,1,6,19,2025-12-14,Interview
5288,118,5,8,13,2025-05-03,Screening
5289,1976,8,1,20,2025-11-15,Hired
5290,1624,18,2,11,2025-01-28,Rejected
5291,1625,4,4,15,2025-12-24,Rejected
5292,1079,22,2,15,2025-11-25,Hired
5293,1177,1,11,14,2025-09-16,Rejected
5294,1263,15,8,9,2025-12-02,Applied
5295,1289,20,10,11,2025-11-20,Rejected
5296,268,4,6,18,2025-05-05,Offer
5297,1931,25,6,12,2025-09-16,Screening
5298,113,9,9,16,2025-01-14,Offer
5299,166,22,4,13,2025-05-26,Offer
5300,668,24,2,1,2025-02-09,Offer
5301,1032,28,2,11,2025-10-18,Applied
5302,714,26,4,2,2025-06-06,Interview
5303,1241,20,9,9,2025-01-31,Screening
5304,431,10,13,18,2025-03-17,Rejected
5305,1316,24,10,16,2025-05-17,Hired
5306,893,15,4,6,2025-10-11,Applied
5307,1074,3,2,20,2025-08-18,Applied
5308,107,2,5,13,2025-03-01,Interview
5309,1033,22,2,11,2025-05-23,Screening
5310,745,5,10,7,2025-04-09,Offer
5311,700,24,1,12,2025-11-21,Screening
5312,1480,1,1,20,2025-07-16,Screening
5313,323,11,2,6,2025-01-30,Interview
5314,309,12,7,11,2025-06-06,Applied
5315,850,26,4,12,2025-01-10,Offer
5316,622,3,1,16,2025-08-26,Interview
5317,995,23,13,6,2025-09-07,Screening
5318,145,29,3,13,2025-12-28,Screening
5319,740,16,2,5,2025-03-11,Applied
5320,821,26,6,16,2025-10-13,Rejected
5321,412,14,1,6,2025-01-30,Offer
5322,114,12,10,18,2025-10-04,Hired
5323,575,20,10,15,2025-02-13,Screening
5324,399,26,10,17,2025-06-03,Screening
5325,1299,16,1,13,2025-11-29,Interview
5326,124,21,11,6,2025-05-02,Applied
5327,86,8,2,20,2025-12-06,Applied
5328,1606,17,10,16,2025-04-15,Offer
5329,47,17,10,14,2025-11-15,Screening
5330,1735,28,9,13,2025-01-15,Interview
5331,1900,7,11,3,2025-03-22,Applied
5332,944,15,10,13,2025-09-04,Rejected
5333,1225,29,8,4,2025-11-09,Rejected
5334,1300,28,9,3,2025-08-12,Offer
5335,1573,9,5,5,2025-05-07,Rejected
5336,1739,4,7,3,2025-08-13,Hired
5337,1154,8,5,6,2025-08-10,Rejected
5338,1472,10,6,3,2025-11-16,Rejected
5339,804,15,4,8,2025-08-16,Offer
5340,389,23,8,12,2025-05-29,Rejected
5341,576,30,8,3,2025-01-23,Hired
5342,1287,18,15,19,2025-02-23,Applied
5343,1990,14,4,2,2025-01-04,Screening
5344,632,5,10,3,2025-01-07,Rejected
5345,1302,9,13,5,2025-08-20,Applied
5346,714,13,1,5,2025-11-07,Rejected
5347,1070,29,1,20,2025-02-21,Rejected
5348,1192,25,14,13,2025-12-29,Rejected
5349,1469,19,1,16,2025-12-18,Rejected
5350,622,11,7,7,2025-05-27,Rejected
5351,46,12,1,6,2025-12-09,Rejected
5352,724,3,5,2,2025-03-03,Offer
5353,540,2,5,11,2025-08-03,Screening
5354,87,23,14,2,2025-12-23,Rejected
5355,803,22,3,7,2025-04-16,Rejected
5356,1409,15,6,6,2025-04-11,Rejected
5357,1693,5,2,7,2025-03-28,Screening
5358,265,7,1,19,2025-12-20,Screening
5359,1801,4,10,3,2025-03-28,Applied
5360,1046,5,8,4,2025-01-12,Applied
5361,1792,25,3,1,2025-03-24,Rejected
5362,703,16,7,11,2025-02-04,Hired
5363,1474,15,1,17,2025-10-26,Screening
5364,2000,27,5,19,2025-01-19,Offer
5365,232,16,14,9,2025-06-13,Screening
5366,186,25,13,1,2025-07-07,Screening
5367,326,4,2,19,2025-01-19,Screening
5368,1207,6,15,6,2025-07-09,Rejected
5369,397,18,1,2,2025-09-26,Applied
5370,1505,3,14,11,2025-03-08,Rejected
5371,1427,25,2,7,2025-04-03,Applied
5372,1487,22,10,6,2025-08-12,Screening
5373,1441,24,1,6,2025-08-10,Screening
5374,1226,27,2,10,2025-12-08,Screening
5375,1089,5,4,8,2025-09-18,Rejected
5376,956,2,2,1,2025-07-05,Screening
5377,1932,23,9,19,2025-09-07,Offer
5378,555,16,10,6,2025-08-28,Offer
5379,733,6,9,6,2025-11-08,Interview
5380,1041,27,1,15,2025-02-15,Screening
5381,1860,15,8,14,2025-02-13,Hired
5382,797,18,10,8,2025-11-27,Rejected
5383,1207,6,6,6,2025-12-25,Interview
5384,391,13,14,12,2025-09-21,Rejected
5385,44,24,8,18,2025-09-07,Rejected
5386,1997,13,15,4,2025-10-22,Interview
5387,901,1,4,1,2025-07-21,Applied
5388,1724,16,12,2,2025-04-05,Applied
5389,1926,4,6,3,2025-09-17,Rejected
5390,482,17,2,16,2025-06-03,Interview
5391,1287,18,12,12,2025-07-05,Screening
5392,1198,16,4,7,2025-07-11,Applied
5393,1465,1,4,9,2025-05-11,Hired
5394,566,6,12,3,2025-10-02,Screening
5395,220,11,1,16,2025-03-02,Hired
5396,1582,6,9,8,2025-12-14,Rejected
5397,1418,17,1,9,2025-05-15,Offer
5398,772,4,7,5,2025-03-01,Rejected
5399,1219,14,3,1,2025-04-24,Applied
5400,409,30,4,15,2025-07-10,Hired
5401,471,14,1,1,2025-07-13,Screening
5402,1371,20,4,14,2025-08-13,Offer
5403,1486,8,1,6,2025-11-11,Screening
5404,1085,22,1,12,2025-04-25,Offer
5405,166,2,2,1,2025-09-10,Rejected
5406,672,5,6,10,2025-04-24,Screening
5407,1175,4,10,1,2025-04-04,Screening
5408,111,10,6,8,2025-04-20,Applied
5409,1512,20,11,12,2025-03-07,Rejected
5410,549,28,7,17,2025-10-14,Screening
5411,1027,24,5,14,2025-03-21,Interview
5412,1507,21,4,4,2025-01-12,Screening
5413,1037,3,5,18,2025-11-06,Applied
5414,1186,16,2,2,2025-06-24,Rejected
5415,344,10,2,5,2025-03-14,Rejected
5416,1473,28,12,19,2025-06-16,Interview
5417,332,15,4,17,2025-05-27,Applied
5418,264,4,2,17,2025-10-22,Interview
5419,83,1,1,3,2025-07-14,Screening
5420,777,22,15,6,2025-08-10,Screening
5421,924,27,8,14,2025-04-12,Interview
5422,334,29,9,11,2025-12-08,Rejected
5423,1404,15,6,16,2025-03-27,Rejected
5424,1243,10,2,10,2025-05-16,Rejected
5425,658,20,5,17,2025-06-10,Screening
5426,1834,22,3,20,2025-08-08,Rejected
5427,1833,18,7,16,2025-12-26,Screening
5428,454,16,8,9,2025-01-01,Rejected
5429,673,21,4,20,2025-10-21,Rejected
5430,741,27,1,4,2025-11-19,Offer
5431,1770,9,9,13,2025-04-15,Applied
5432,1113,24,4,9,2025-04-03,Screening
5433,333,19,13,15,2025-07-14,Screening
5434,310,17,9,11,2025-01-01,Interview
5435,727,10,1,10,2025-04-23,Rejected
5436,1444,19,5,18,2025-08-19,Interview
5437,1633,8,4,13,2025-10-15,Applied
5438,1749,27,2,4,2025-06-06,Screening
5439,354,19,2,7,2025-05-02,Screening
5440,824,5,2,20,2025-02-26,Hired
5441,1124,2,2,9,2025-08-01,Screening
5442,145,15,3,11,2025-06-28,Rejected
5443,1034,17,5,4,2025-06-13,Interview
5444,1068,27,8,15,2025-09-19,Rejected
5445,1787,10,2,9,2025-02-13,Screening
5446,1410,30,3,4,2025-11-27,Rejected
5447,1763,21,5,4,2025-06-19,Rejected
5448,910,21,1,3,2025-09-10,Screening
5449,761,22,7,18,2025-05-03,Interview
5450,495,2,6,14,2025-08-08,Screening
5451,1517,9,1,9,2025-09-27,Offer
5452,1193,2,4,13,2025-12-26,Rejected
5453,642,18,4,12,2025-07-11,Interview
5454,531,12,3,7,2025-02-20,Interview
5455,1360,15,4,10,2025-11-21,Applied
5456,1771,21,2,2,2025-04-12,Rejected
5457,1881,25,4,13,2025-12-14,Offer
5458,513,20,5,19,2025-04-23,Rejected
5459,130,6,8,7,2025-12-31,Applied
5460,1008,18,1,18,2025-02-20,Rejected
5461,1563,30,2,10,2025-11-09,Rejected
5462,1538,13,1,3,2025-08-08,Offer
5463,1274,4,12,4,2025-05-07,Rejected
5464,734,12,4,12,2025-09-21,Rejected
5465,947,9,4,5,2025-12-17,Rejected
5466,1162,2,1,13,2025-07-28,Applied
5467,1299,16,10,11,2025-04-10,Rejected
5468,1002,1,10,3,2025-11-21,Screening
5469,464,4,2,8,2025-08-30,Screening
5470,141,15,5,7,2025-08-04,Rejected
5471,1968,20,8,13,2025-04-10,Screening
5472,1280,1,3,8,2025-05-25,Rejected
5473,882,20,12,10,2025-06-19,Rejected
5474,1848,15,3,10,2025-08-01,Rejected
5475,456,3,1,4,2025-05-27,Screening
5476,1976,13,7,5,2025-08-12,Interview
5477,434,18,15,5,2025-09-02,Offer
5478,1631,13,2,5,2025-04-11,Applied
5479,173,10,4,2,2025-02-13,Applied
5480,473,20,1,5,2025-11-14,Applied
5481,1979,24,3,4,2025-05-28,Offer
5482,1447,7,10,10,2025-08-11,Applied
5483,1020,25,1,19,2025-12-21,Screening
5484,917,8,5,12,2025-10-10,Applied
5485,439,1,8,2,2025-08-26,Hired
5486,1016,28,8,14,2025-05-11,Interview
5487,1081,18,7,8,2025-04-02,Applied
5488,498,12,9,18,2025-11-16,Rejected
5489,1638,18,10,6,2025-05-25,Offer
5490,169,28,1,16,2025-04-27,Interview
5491,989,24,1,16,2025-04-20,Rejected
5492,1606,12,3,20,2025-02-24,Hired
5493,1874,20,7,10,2025-03-26,Rejected
5494,561,9,12,18,2025-08-30,Hired
5495,428,2,2,3,2025-02-18,Hired
5496,419,14,1,17,2025-06-08,Screening
5497,1371,4,4,5,2025-07-03,Applied
5498,1541,29,5,7,2025-05-10,Applied
5499,455,29,15,1,2025-03-28,Offer
5500,714,15,5,10,2025-05-26,Screening
5501,202,17,6,11,2025-05-19,Screening
5502,179,19,4,2,2025-12-08,Interview
5503,57,6,11,6,2025-07-07,Applied
5504,1722,9,2,10,2025-05-30,Hired
5505,1628,27,11,14,2025-10-29,Screening
5506,1828,17,1,1,2025-01-08,Hired
5507,1930,15,5,20,2025-11-11,Rejected
5508,946,5,2,18,2025-10-06,Screening
5509,501,28,4,9,2025-06-13,Interview
5510,739,18,3,1,2025-10-08,Applied
5511,1957,23,13,14,2025-07-16,Rejected
5512,112,4,1,16,2025-12-14,Applied
5513,1172,21,14,14,2025-05-10,Rejected
5514,1805,24,5,12,2025-10-11,Applied
5515,715,2,1,15,2025-07-24,Screening
5516,1402,19,8,19,2025-12-26,Hired
5517,877,27,13,11,2025-02-07,Rejected
5518,1939,5,3,14,2025-10-10,Applied
5519,1372,26,8,18,2025-11-09,Hired
5520,1382,4,8,15,2025-05-12,Applied
5521,1080,5,3,12,2025-07-27,Offer
5522,813,19,10,1,2025-01-04,Screening
5523,1340,13,3,19,2025-04-15,Screening
5524,964,16,2,19,2025-08-29,Rejected
5525,1209,12,3,9,2025-06-08,Rejected
5526,1078,9,7,17,2025-06-28,Offer
5527,37,24,10,5,2025-07-13,Rejected
5528,1747,16,10,3,2025-03-19,Hired
5529,1829,14,6,2,2025-01-23,Rejected
5530,1013,22,5,14,2025-04-25,Applied
5531,1294,30,2,12,2025-04-19,Rejected
5532,863,1,4,12,2025-03-03,Screening
5533,732,20,2,14,2025-02-22,Rejected
5534,1532,23,11,20,2025-07-03,Interview
5535,1252,26,13,12,2025-08-02,Offer
5536,1452,21,1,10,2025-09-29,Screening
5537,1894,4,4,20,2025-08-14,Applied
5538,1747,9,2,2,2025-08-11,Offer
5539,810,24,3,11,2025-01-15,Applied
5540,1025,19,1,14,2025-08-06,Screening
5541,23,14,8,2,2025-04-30,Applied
5542,1527,22,6,11,2025-12-17,Screening
5543,1472,12,14,16,2025-06-15,Rejected
5544,796,30,11,19,2025-11-01,Screening
5545,496,30,2,9,2025-04-23,Interview
5546,900,28,2,13,2025-03-30,Rejected
5547,425,4,4,15,2025-01-31,Applied
5548,700,7,5,3,2025-03-20,Rejected
5549,18,17,4,8,2025-04-16,Rejected
5550,1983,1,9,9,2025-05-21,Applied
5551,1469,14,1,3,2025-01-30,Applied
5552,1585,15,2,10,2025-02-14,Screening
5553,1583,12,2,8,2025-02-16,Rejected
5554,627,12,3,14,2025-05-03,Hired
5555,1063,6,8,11,2025-01-09,Offer
5556,1753,26,4,5,2025-11-16,Rejected
5557,1234,27,3,3,2025-08-31,Rejected
5558,1798,29,1,12,2025-06-13,Applied
5559,211,13,4,8,2025-10-18,Interview
5560,565,16,10,11,2025-01-22,Screening
5561,972,14,3,17,2025-03-07,Applied
5562,1305,7,11,16,2025-04-20,Interview
5563,1891,29,1,12,2025-02-14,Interview
5564,1857,25,3,2,2025-03-24,Screening
5565,133,16,6,17,2025-02-25,Rejected
5566,449,23,1,16,2025-10-17,Interview
5567,264,9,10,20,2025-07-27,Rejected
5568,1831,26,4,9,2025-11-08,Rejected
5569,111,14,2,14,2025-12-15,Screening
5570,1579,25,1,20,2025-04-07,Screening
5571,850,30,6,4,2025-06-10,Screening
5572,1262,30,10,5,2025-11-01,Applied
5573,1915,24,2,14,2025-12-02,Interview
5574,1481,7,3,1,2025-03-27,Rejected
5575,901,12,6,3,2025-10-22,Rejected
5576,759,3,1,1,2025-10-07,Rejected
5577,1540,27,2,8,2025-10-12,Offer
5578,1900,14,5,2,2025-03-05,Rejected
5579,861,19,6,10,2025-03-26,Interview
5580,897,11,5,1,2025-12-16,Offer
5581,862,5,6,4,2025-02-12,Screening
5582,1848,23,4,2,2025-02-16,Rejected
5583,1197,13,4,9,2025-01-06,Rejected
5584,193,28,4,2,2025-04-17,Hired
5585,515,10,4,2,2025-07-02,Applied
5586,790,7,4,12,2025-08-14,Applied
5587,968,17,12,7,2025-07-20,Rejected
5588,1592,16,14,8,2025-08-22,Rejected
5589,1810,8,5,7,2025-03-04,Rejected
5590,1433,17,2,16,2025-10-13,Applied
5591,1712,13,1,9,2025-10-30,Screening
5592,1652,30,10,15,2025-05-31,Rejected
5593,84,11,1,8,2025-09-07,Offer
5594,1695,20,8,7,2025-06-15,Offer
5595,798,18,10,10,2025-04-18,Screening
5596,80,5,5,8,2025-05-31,Rejected
5597,1602,6,2,13,2025-08-08,Applied
5598,1233,20,2,15,2025-07-02,Interview
5599,522,14,5,1,2025-06-07,Screening
5600,1223,12,2,14,2025-12-24,Rejected
5601,1595,29,1,6,2025-10-25,Screening
5602,234,4,2,17,2025-12-06,Applied
5603,1843,7,8,4,2025-08-04,Rejected
5604,244,11,15,1,2025-02-15,Screening
5605,1915,20,4,5,2025-11-02,Offer
5606,1417,2,2,8,2025-11-22,Interview
5607,1590,4,14,18,2025-07-27,Offer
5608,1470,7,3,10,2025-04-10,Applied
5609,849,1,5,11,2025-12-23,Rejected
5610,393,15,5,19,2025-04-09,Screening
5611,9,20,8,3,2025-10-20,Applied
5612,613,22,5,1,2025-01-10,Screening
5613,1944,24,5,7,2025-09-01,Screening
5614,807,8,5,8,2025-07-16,Applied
5615,715,29,10,10,2025-07-28,Screening
5616,1928,25,5,18,2025-03-07,Applied
5617,1177,5,2,3,2025-02-04,Applied
5618,110,14,2,11,2025-07-17,Screening
5619,834,18,8,8,2025-01-17,Offer
5620,266,3,6,10,2025-12-12,Rejected
5621,1397,2,4,4,2025-02-01,Applied
5622,1176,25,7,13,2025-07-08,Interview
5623,976,22,5,8,2025-10-21,Screening
5624,1619,16,3,10,2025-11-28,Hired
5625,955,14,9,17,2025-10-13,Hired
5626,1439,16,8,3,2025-05-04,Screening
5627,907,11,13,17,2025-11-23,Screening
5628,1670,28,8,8,2025-03-08,Rejected
5629,1350,17,5,9,2025-10-17,Offer
5630,672,3,14,2,2025-04-16,Rejected
5631,1575,23,5,15,2025-04-26,Screening
5632,176,23,5,17,2025-05-14,Rejected
5633,525,5,10,9,2025-08-28,Interview
5634,1339,3,1,9,2025-04-03,Rejected
5635,1091,29,12,4,2025-07-07,Rejected
5636,952,15,8,5,2025-06-17,Rejected
5637,1784,23,4,17,2025-08-22,Screening
5638,1577,5,4,12,2025-01-11,Rejected
5639,1208,22,4,7,2025-03-27,Screening
5640,1059,3,1,2,2025-07-04,Applied
5641,1958,6,2,7,2025-07-30,Hired
5642,505,23,10,9,2025-06-04,Offer
5643,849,14,13,16,2025-11-28,Offer
5644,963,24,14,11,2025-02-24,Rejected
5645,1826,2,14,13,2025-01-26,Offer
5646,1100,18,1,6,2025-04-11,Applied
5647,472,30,1,14,2025-05-30,Screening
5648,1606,6,6,6,2025-01-14,Applied
5649,1770,24,10,19,2025-11-15,Interview
5650,523,5,12,5,2025-12-17,Applied
5651,880,14,2,1,2025-05-28,Offer
5652,1307,17,6,9,2025-07-13,Interview
5653,1840,11,3,12,2025-01-03,Offer
5654,1560,1,5,5,2025-05-15,Rejected
5655,274,10,6,14,2025-03-09,Interview
5656,1563,9,11,6,2025-04-05,Screening
5657,54,20,5,11,2025-10-19,Screening
5658,1079,12,8,18,2025-01-06,Applied
5659,888,26,1,1,2025-03-15,Interview
5660,745,1,8,20,2025-10-27,Rejected
5661,277,27,5,4,2025-05-23,Offer
5662,1467,24,12,2,2025-10-19,Hired
5663,883,18,2,18,2025-03-23,Offer
5664,1442,12,2,1,2025-11-10,Rejected
5665,632,2,4,3,2025-07-02,Rejected
5666,1249,1,12,9,2025-08-11,Interview
5667,570,1,2,13,2025-10-15,Hired
5668,1279,25,8,6,2025-10-05,Screening
5669,176,29,10,8,2025-07-05,Hired
5670,566,1,6,5,2025-10-06,Offer
5671,1170,22,14,1,2025-10-20,Rejected
5672,771,12,2,3,2025-12-12,Applied
5673,1688,7,5,7,2025-01-28,Screening
5674,1409,4,5,7,2025-05-24,Rejected
5675,262,21,10,2,2025-01-14,Applied
5676,531,20,4,16,2025-10-05,Interview
5677,1878,4,1,19,2025-10-26,Offer
5678,1395,26,2,8,2025-09-02,Screening
5679,1707,15,2,6,2025-01-11,Rejected
5680,891,1,2,10,2025-09-30,Hired
5681,1928,6,10,9,2025-06-08,Rejected
5682,1221,14,1,12,2025-02-12,Applied
5683,948,26,5,14,2025-04-13,Hired
5684,585,14,2,9,2025-04-13,Applied
5685,815,10,1,14,2025-10-25,Screening
5686,1621,7,4,12,2025-09-13,Offer
5687,1308,23,7,12,2025-07-30,Hired
5688,302,24,4,11,2025-03-18,Interview
5689,1156,23,11,9,2025-05-10,Rejected
5690,1144,22,1,1,2025-06-10,Rejected
5691,1752,12,2,17,2025-12-07,Offer
5692,1160,24,4,4,2025-10-23,Applied
5693,628,19,4,4,2025-09-27,Rejected
5694,573,9,14,6,2025-10-13,Rejected
5695,529,3,1,1,2025-09-06,Rejected
5696,34,4,5,1,2025-07-21,Screening
5697,532,13,12,7,2025-01-30,Screening
5698,1232,10,2,12,2025-10-03,Rejected
5699,1994,14,2,14,2025-01-14,Screening
5700,1698,6,15,11,2025-01-02,Offer
5701,1323,28,13,3,2025-05-14,Applied
5702,1546,30,1,16,2025-03-06,Offer
5703,1118,28,1,7,2025-01-23,Offer
5704,1438,8,6,5,2025-10-04,Offer
5705,371,19,3,4,2025-04-09,Screening
5706,409,29,4,17,2025-12-31,Screening
5707,1407,10,9,13,2025-10-26,Screening
5708,1465,22,5,17,2025-07-04,Interview
5709,1902,5,14,18,2025-01-30,Screening
5710,1471,5,2,15,2025-05-01,Offer
5711,1643,5,10,19,2025-01-09,Screening
5712,617,9,13,5,2025-05-16,Screening
5713,71,29,1,2,2025-06-11,Applied
5714,1967,23,5,20,2025-01-09,Rejected
5715,84,28,3,2,2025-02-16,Rejected
5716,209,9,6,3,2025-04-03,Rejected
5717,259,15,5,6,2025-05-18,Screening
5718,1263,9,7,5,2025-07-17,Screening
5719,1326,29,14,6,2025-01-25,Applied
5720,1256,14,7,12,2025-12-29,Interview
5721,932,6,8,13,2025-03-31,Interview
5722,282,30,2,11,2025-12-11,Applied
5723,394,22,1,8,2025-04-22,Applied
5724,418,20,5,20,2025-09-12,Offer
5725,1230,8,1,16,2025-11-30,Applied
5726,1288,30,1,3,2025-08-22,Applied
5727,1335,2,10,10,2025-03-28,Interview
5728,859,5,5,6,2025-08-23,Rejected
5729,1930,17,8,14,2025-05-15,Applied
5730,1721,10,1,16,2025-01-11,Rejected
5731,626,14,8,9,2025-11-16,Offer
5732,1103,18,2,5,2025-04-26,Rejected
5733,1893,1,3,16,2025-04-30,Rejected
5734,1366,22,5,20,2025-04-01,Applied
5735,1837,2,5,7,2025-05-19,Rejected
5736,562,28,1,10,2025-11-22,Interview
5737,832,4,2,10,2025-01-06,Rejected
5738,1119,13,3,14,2025-10-06,Applied
5739,1794,16,8,4,2025-10-31,Applied
5740,941,5,3,1,2025-03-01,Rejected
5741,1375,23,4,17,2025-10-31,Interview
5742,62,10,2,8,2025-11-15,Rejected
5743,1166,17,5,2,2025-09-16,Rejected
5744,1866,28,2,1,2025-05-07,Offer
5745,734,11,4,11,2025-09-02,Offer
5746,1892,5,1,15,2025-04-29,Rejected
5747,1135,15,4,2,2025-02-28,Rejected
5748,1640,4,3,12,2025-06-07,Rejected
5749,1551,7,3,14,2025-05-12,Rejected
5750,782,30,3,5,2025-06-23,Screening
5751,1695,10,4,11,2025-06-14,Rejected
5752,1181,23,2,12,2025-02-02,Rejected
5753,539,24,2,13,2025-04-30,Rejected
5754,597,4,5,12,2025-07-18,Screening
5755,9,20,9,10,2025-03-08,Screening
5756,276,26,5,7,2025-02-20,Interview
5757,227,5,11,1,2025-03-21,Rejected
5758,186,5,9,7,2025-10-16,Applied
5759,591,11,11,14,2025-09-09,Rejected
5760,1240,19,11,11,2025-04-10,Rejected
5761,433,5,12,6,2025-05-30,Interview
5762,569,21,2,19,2025-03-04,Rejected
5763,656,8,8,9,2025-12-12,Applied
5764,356,7,2,8,2025-11-09,Screening
5765,843,8,2,12,2025-09-08,Screening
5766,392,13,2,18,2025-01-16,Hired
5767,579,5,9,14,2025-12-23,Applied
5768,1299,28,13,19,2025-02-12,Screening
5769,1518,27,4,1,2025-03-18,Offer
5770,1641,18,3,19,2025-01-21,Rejected
5771,1475,24,3,3,2025-12-21,Rejected
5772,420,9,8,13,2025-08-20,Rejected
5773,1724,2,5,4,2025-11-27,Rejected
5774,164,16,5,14,2025-03-13,Interview
5775,779,14,10,7,2025-04-27,Rejected
5776,1587,17,9,7,2025-05-24,Applied
5777,638,28,7,6,2025-08-02,Hired
5778,1616,6,2,3,2025-06-25,Offer
5779,1207,3,7,10,2025-03-23,Applied
5780,1334,17,3,5,2025-03-22,Screening
5781,17,13,2,4,2025-09-05,Applied
5782,446,6,8,16,2025-04-13,Interview
5783,170,28,2,8,2025-10-10,Rejected
5784,1304,8,2,4,2025-03-22,Applied
5785,1937,25,8,2,2025-03-08,Interview
5786,1840,29,4,16,2025-11-21,Screening
5787,340,6,6,19,2025-11-08,Interview
5788,726,28,9,16,2025-12-31,Interview
5789,1734,16,12,6,2025-08-09,Applied
5790,1543,6,5,19,2025-10-29,Screening
5791,1934,17,2,10,2025-06-16,Offer
5792,1035,21,14,10,2025-07-20,Screening
5793,1548,3,10,6,2025-12-02,Applied
5794,1646,23,1,6,2025-08-17,Applied
5795,133,12,2,5,2025-12-22,Rejected
5796,901,25,4,11,2025-04-21,Applied
5797,640,29,1,13,2025-05-28,Screening
5798,1172,27,2,5,2025-01-07,Screening
5799,1590,6,3,1,2025-06-06,Hired
5800,823,21,10,17,2025-03-14,Rejected
5801,954,7,12,10,2025-08-12,Screening
5802,79,11,12,2,2025-06-05,Screening
5803,346,9,12,12,2025-02-23,Screening
5804,609,16,4,16,2025-08-06,Applied
5805,1273,5,2,18,2025-07-06,Interview
5806,639,15,3,17,2025-09-15,Applied
5807,1566,21,5,15,2025-04-16,Screening
5808,1048,26,7,2,2025-11-19,Applied
5809,1495,4,11,10,2025-12-28,Interview
5810,1225,5,5,11,2025-08-02,Offer
5811,131,7,1,3,2025-05-24,Interview
5812,1658,3,3,16,2025-07-25,Screening
5813,356,4,1,6,2025-05-31,Rejected
5814,944,25,2,8,2025-08-02,Interview
5815,1863,15,1,20,2025-02-27,Rejected
5816,150,28,5,20,2025-03-08,Interview
5817,1550,2,2,3,2025-02-25,Rejected
5818,1328,24,2,1,2025-12-18,Rejected
5819,1565,25,10,3,2025-11-28,Applied
5820,50,5,5,17,2025-01-30,Screening
5821,464,7,15,2,2025-05-02,Rejected
5822,1264,22,5,5,2025-09-06,Rejected
5823,1506,17,4,6,2025-12-10,Applied
5824,1930,8,10,15,2025-05-30,Screening
5825,455,9,2,13,2025-07-14,Offer
5826,1307,10,15,5,2025-12-13,Rejected
5827,335,11,3,2,2025-10-27,Applied
5828,1376,1,3,13,2025-01-28,Rejected
5829,668,15,10,17,2025-02-24,Screening
5830,1673,8,1,20,2025-04-23,Applied
5831,327,19,1,3,2025-03-09,Screening
5832,1016,12,14,20,2025-08-15,Hired
5833,336,6,5,2,2025-02-21,Applied
5834,666,10,3,8,2025-02-24,Interview
5835,995,24,4,12,2025-02-07,Interview
5836,81,5,4,11,2025-04-19,Interview
5837,87,24,4,18,2025-03-14,Hired
5838,1800,7,5,7,2025-04-17,Screening
5839,258,7,1,16,2025-02-18,Interview
5840,991,23,12,3,2025-06-28,Applied
5841,185,25,7,19,2025-09-15,Interview
5842,1716,22,8,7,2025-05-10,Rejected
5843,698,22,8,11,2025-06-09,Interview
5844,123,27,12,14,2025-06-05,Offer
5845,1913,9,5,2,2025-05-01,Rejected
5846,1120,15,4,2,2025-01-31,Applied
5847,605,6,8,4,2025-05-09,Rejected
5848,515,16,2,11,2025-08-18,Applied
5849,904,7,2,8,2025-04-19,Hired
5850,1467,15,5,6,2025-06-10,Applied
5851,1538,23,4,9,2025-09-18,Applied
5852,1982,2,6,8,2025-12-11,Rejected
5853,1395,29,13,10,2025-01-26,Screening
5854,305,28,2,4,2025-06-27,Rejected
5855,1381,8,4,17,2025-02-04,Applied
5856,1172,12,10,8,2025-02-26,Screening
5857,1309,11,3,13,2025-03-27,Applied
5858,657,6,2,7,2025-12-11,Rejected
5859,1866,20,14,17,2025-10-26,Interview
5860,1897,27,7,16,2025-03-29,Screening
5861,1942,13,5,1,2025-07-08,Rejected
5862,262,23,6,15,2025-02-20,Applied
5863,1598,16,4,8,2025-06-16,Interview
5864,491,8,13,9,2025-01-13,Rejected
5865,738,17,4,6,2025-03-22,Screening
5866,1055,26,1,11,2025-05-19,Screening
5867,702,29,3,2,2025-03-13,Applied
5868,887,13,1,4,2025-01-26,Screening
5869,1292,4,5,11,2025-01-16,Applied
5870,12,20,9,5,2025-07-03,Rejected
5871,1215,10,11,8,2025-06-25,Applied
5872,1424,25,5,9,2025-03-09,Offer
5873,1561,29,3,1,2025-04-14,Hired
5874,1942,22,4,18,2025-07-31,Hired
5875,91,20,6,19,2025-05-13,Interview
5876,600,16,7,5,2025-05-19,Offer
5877,1868,29,3,8,2025-11-26,Applied
5878,1525,17,5,9,2025-10-10,Screening
5879,1810,8,5,5,2025-06-08,Applied
5880,301,11,11,3,2025-01-21,Rejected
5881,1135,25,3,16,2025-04-16,Rejected
5882,80,5,4,7,2025-04-23,Rejected
5883,836,21,2,19,2025-09-21,Interview
5884,652,26,9,6,2025-03-27,Rejected
5885,433,16,2,11,2025-08-18,Rejected
5886,417,24,3,16,2025-02-01,Applied
5887,1238,8,8,19,2025-10-25,Screening
5888,1471,21,10,5,2025-03-18,Applied
5889,18,16,13,8,2025-08-01,Offer
5890,1078,4,8,20,2025-11-19,Hired
5891,1904,6,5,13,2025-07-10,Interview
5892,1633,26,1,6,2025-08-07,Hired
5893,1819,21,2,7,2025-05-19,Rejected
5894,746,8,14,8,2025-06-10,Applied
5895,240,9,2,5,2025-06-04,Applied
5896,846,13,6,11,2025-11-21,Applied
5897,1945,17,2,19,2025-12-08,Screening
5898,418,9,2,6,2025-03-15,Rejected
5899,856,13,4,12,2025-12-26,Rejected
5900,1510,9,10,5,2025-08-03,Applied
5901,1468,6,2,6,2025-10-28,Offer
5902,1590,27,5,20,2025-12-02,Rejected
5903,599,10,1,3,2025-03-30,Interview
5904,1797,5,1,4,2025-01-12,Applied
5905,1772,7,3,2,2025-06-05,Interview
5906,1147,11,3,9,2025-05-17,Screening
5907,420,24,1,2,2025-09-28,Rejected
5908,1590,9,3,19,2025-07-20,Rejected
5909,216,25,8,1,2025-09-22,Rejected
5910,1444,10,4,19,2025-04-20,Rejected
5911,709,11,12,11,2025-04-21,Rejected
5912,551,3,13,18,2025-07-16,Rejected
5913,966,29,5,8,2025-02-08,Rejected
5914,1901,8,10,3,2025-10-03,Rejected
5915,1252,17,7,5,2025-11-16,Rejected
5916,1261,7,4,20,2025-04-19,Screening
5917,1668,12,8,20,2025-05-29,Applied
5918,1354,16,7,16,2025-06-05,Rejected
5919,833,15,4,4,2025-02-07,Rejected
5920,1493,21,3,8,2025-02-25,Screening
5921,680,29,4,6,2025-12-28,Interview
5922,487,13,3,13,2025-08-26,Offer
5923,1573,18,2,11,2025-05-25,Screening
5924,1603,18,11,4,2025-03-20,Offer
5925,623,24,4,6,2025-01-27,Rejected
5926,1439,5,14,18,2025-10-06,Interview
5927,219,14,2,1,2025-07-11,Rejected
5928,721,28,1,1,2025-01-29,Rejected
5929,381,11,6,10,2025-05-02,Applied
5930,87,3,3,11,2025-08-18,Offer
5931,1485,17,5,3,2025-02-15,Hired
5932,815,27,10,6,2025-09-13,Offer
5933,411,23,4,19,2025-09-03,Screening
5934,691,27,9,10,2025-08-15,Applied
5935,1940,12,10,20,2025-09-02,Screening
5936,1013,3,2,15,2025-10-05,Offer
5937,525,23,2,1,2025-08-30,Applied
5938,447,28,2,7,2025-12-09,Applied
5939,300,2,9,15,2025-09-30,Screening
5940,408,4,5,16,2025-07-05,Interview
5941,1661,18,7,20,2025-04-28,Offer
5942,375,20,1,9,2025-08-08,Applied
5943,233,21,10,18,2025-11-08,Rejected
5944,1787,14,2,7,2025-02-17,Offer
5945,1923,8,10,8,2025-11-25,Screening
5946,638,2,8,12,2025-03-16,Applied
5947,1771,26,2,1,2025-08-23,Applied
5948,650,19,15,19,2025-04-30,Offer
5949,961,10,5,11,2025-07-05,Rejected
5950,1073,28,2,11,2025-03-14,Offer
5951,1916,29,13,14,2025-05-08,Screening
5952,186,5,4,6,2025-02-03,Rejected
5953,1229,11,1,2,2025-09-13,Rejected
5954,78,28,2,20,2025-07-08,Offer
5955,1505,28,7,9,2025-05-23,Rejected
5956,1410,9,14,9,2025-09-05,Hired
5957,194,16,3,18,2025-01-13,Offer
5958,1127,26,2,19,2025-03-12,Offer
5959,1641,27,4,10,2025-01-16,Rejected
5960,1400,5,3,2,2025-09-24,Applied
5961,287,15,5,6,2025-11-24,Interview
5962,1860,14,2,6,2025-09-19,Screening
5963,1506,9,13,15,2025-08-14,Applied
5964,1747,20,14,17,2025-03-12,Rejected
5965,250,26,3,2,2025-10-20,Screening
5966,1829,5,8,12,2025-02-14,Offer
5967,1225,15,4,10,2025-08-13,Screening
5968,536,9,5,1,2025-10-30,Screening
5969,1485,4,11,12,2025-04-02,Hired
5970,300,21,9,15,2025-06-22,Hired
5971,1502,21,2,16,2025-04-09,Hired
5972,1107,4,13,17,2025-10-16,Offer
5973,809,20,1,20,2025-02-08,Rejected
5974,458,27,11,4,2025-05-16,Offer
5975,691,21,1,4,2025-10-15,Screening
5976,1322,28,8,5,2025-08-19,Rejected
5977,1388,22,4,4,2025-09-23,Applied
5978,718,7,2,9,2025-09-07,Rejected
5979,40,15,2,2,2025-03-04,Applied
5980,1840,22,5,11,2025-10-12,Screening
5981,1649,17,10,15,2025-06-29,Applied
5982,1364,18,7,3,2025-08-14,Applied
5983,1540,7,5,14,2025-08-20,Hired
5984,108,30,1,12,2025-02-24,Rejected
5985,1340,19,8,10,2025-07-22,Rejected
5986,1138,28,6,6,2025-06-06,Applied
5987,1191,10,9,7,2025-04-26,Applied
5988,261,27,2,2,2025-11-07,Interview
5989,1642,13,13,10,2025-09-21,Interview
5990,1248,2,2,1,2025-01-18,Rejected
5991,1286,22,2,5,2025-08-24,Interview
5992,1275,27,8,4,2025-12-21,Applied
5993,526,20,1,10,2025-08-18,Screening
5994,710,28,2,8,2025-09-01,Rejected
5995,126,11,4,10,2025-05-01,Offer
5996,1230,5,10,11,2025-05-07,Interview
5997,1164,6,5,19,2025-04-22,Interview
5998,1086,3,4,17,2025-01-19,Applied
5999,1307,1,5,4,2025-06-03,Offer
6000,54,3,1,16,2025-06-18,Screening
6001,346,3,10,2,2025-02-16,Hired
6002,1548,22,3,9,2025-08-04,Rejected
6003,136,4,3,16,2025-08-01,Rejected
6004,330,7,6,16,2025-04-23,Rejected
6005,1168,29,10,13,2025-11-13,Applied
6006,1460,15,5,14,2025-02-14,Offer
6007,1306,11,4,11,2025-09-04,Applied
6008,136,18,9,6,2025-02-02,Rejected
6009,1513,12,1,7,2025-06-20,Applied
6010,813,4,3,9,2025-06-30,Rejected
6011,1757,24,11,7,2025-02-28,Rejected
6012,852,11,3,1,2025-02-09,Applied
6013,1745,6,2,19,2025-05-16,Interview
6014,1939,26,13,20,2025-06-27,Interview
6015,1425,19,1,10,2025-12-01,Rejected
6016,871,26,13,17,2025-09-03,Rejected
6017,892,28,4,2,2025-04-15,Interview
6018,1473,18,8,11,2025-09-23,Applied
6019,635,15,2,15,2025-12-10,Interview
6020,1652,3,10,9,2025-06-16,Rejected
6021,669,17,9,3,2025-09-11,Rejected
6022,1294,1,8,13,2025-11-15,Hired
6023,1041,2,7,9,2025-11-15,Screening
6024,269,30,1,1,2025-03-26,Hired
6025,861,19,4,12,2025-09-22,Hired
6026,482,29,3,12,2025-01-04,Screening
6027,1243,9,10,5,2025-11-30,Screening
6028,1343,8,7,15,2025-03-23,Rejected
6029,1262,12,5,12,2025-12-10,Screening
6030,1569,27,2,3,2025-09-03,Rejected
6031,285,27,2,17,2025-05-21,Rejected
6032,1061,15,2,17,2025-12-29,Applied
6033,103,25,4,3,2025-09-18,Rejected
6034,1747,23,11,19,2025-12-03,Rejected
6035,1454,7,2,9,2025-10-06,Interview
6036,792,21,15,14,2025-08-04,Hired
6037,1678,16,2,9,2025-11-24,Screening
6038,239,7,11,4,2025-02-02,Interview
6039,741,20,10,20,2025-05-26,Rejected
6040,645,21,10,19,2025-10-27,Interview
6041,1149,12,5,11,2025-11-04,Interview
6042,1589,17,2,11,2025-05-21,Rejected
6043,1624,11,4,4,2025-03-05,Applied
6044,1634,4,5,7,2025-09-30,Hired
6045,882,19,7,17,2025-12-23,Applied
6046,607,2,6,8,2025-01-29,Rejected
6047,1950,2,8,20,2025-11-30,Rejected
6048,188,24,1,4,2025-11-27,Rejected
6049,888,17,6,1,2025-07-02,Rejected
6050,1280,24,2,11,2025-11-05,Rejected
6051,1609,9,2,8,2025-01-29,Screening
6052,987,22,4,2,2025-05-10,Rejected
6053,924,1,4,12,2025-02-28,Rejected
6054,1898,10,4,19,2025-02-03,Rejected
6055,794,28,5,17,2025-11-12,Offer
6056,530,23,4,11,2025-02-14,Applied
6057,676,15,2,7,2025-05-12,Screening
6058,392,21,2,17,2025-02-24,Interview
6059,1682,15,1,1,2025-06-19,Rejected
6060,1492,25,10,8,2025-12-25,Offer
6061,1850,23,3,6,2025-07-08,Interview
6062,1277,21,2,15,2025-06-06,Applied
6063,672,29,7,17,2025-09-18,Rejected
6064,861,2,2,9,2025-06-18,Hired
6065,1585,14,13,3,2025-09-05,Offer
6066,1200,4,2,4,2025-10-12,Applied
6067,466,18,3,7,2025-06-12,Interview
6068,839,9,5,5,2025-04-01,Applied
6069,1601,2,2,2,2025-07-03,Screening
6070,988,2,2,11,2025-02-03,Rejected
6071,1313,18,4,5,2025-10-25,Hired
6072,1074,17,3,2,2025-12-12,Offer
6073,4,9,4,19,2025-01-29,Rejected
6074,1655,8,1,1,2025-09-11,Rejected
6075,852,2,13,8,2025-06-13,Screening
6076,1909,2,2,8,2025-03-29,Interview
6077,1524,5,10,12,2025-11-28,Offer
6078,1700,12,11,8,2025-10-28,Rejected
6079,1247,29,3,20,2025-01-20,Offer
6080,1894,30,5,13,2025-05-18,Offer
6081,1692,28,2,16,2025-01-01,Applied
6082,1923,16,14,9,2025-12-25,Rejected
6083,1286,14,4,18,2025-10-31,Interview
6084,1709,20,10,3,2025-01-24,Rejected
6085,535,2,2,13,2025-02-03,Screening
6086,903,24,2,20,2025-09-25,Rejected
6087,1400,8,15,8,2025-03-02,Rejected
6088,1085,29,5,8,2025-12-12,Interview
6089,1380,4,1,19,2025-07-30,Offer
6090,1857,30,3,18,2025-12-22,Screening
6091,646,20,4,8,2025-05-05,Rejected
6092,24,9,12,12,2025-02-27,Screening
6093,1317,20,5,15,2025-03-03,Screening
6094,557,26,1,2,2025-05-04,Screening
6095,691,27,11,15,2025-11-13,Hired
6096,356,25,11,15,2025-09-23,Interview
6097,870,19,1,12,2025-03-14,Screening
6098,941,2,4,5,2025-03-17,Screening
6099,575,16,13,18,2025-09-19,Hired
6100,29,11,2,18,2025-06-29,Offer
6101,357,8,1,15,2025-01-31,Screening
6102,365,12,2,16,2025-02-11,Screening
6103,608,3,6,1,2025-10-15,Hired
6104,409,13,11,10,2025-11-13,Hired
6105,1290,2,2,18,2025-12-18,Rejected
6106,1315,13,5,14,2025-10-17,Applied
6107,567,27,5,8,2025-06-09,Screening
6108,1177,8,8,19,2025-06-12,Interview
6109,219,15,1,5,2025-12-26,Offer
6110,173,24,1,7,2025-05-06,Rejected
6111,608,21,8,11,2025-02-25,Rejected
6112,1659,9,5,8,2025-11-01,Offer
6113,1036,11,13,16,2025-12-29,Screening
6114,1540,22,8,2,2025-04-28,Applied
6115,1386,21,10,13,2025-11-06,Offer
6116,858,28,8,2,2025-12-21,Offer
6117,1603,3,4,9,2025-06-17,Rejected
6118,657,7,3,7,2025-03-16,Interview
6119,969,14,1,19,2025-07-13,Screening
6120,1501,15,2,1,2025-02-11,Applied
6121,1601,9,8,16,2025-07-20,Rejected
6122,1106,20,10,6,2025-10-20,Screening
6123,1641,11,12,9,2025-11-07,Rejected
6124,1717,7,9,5,2025-01-16,Screening
6125,1364,12,2,1,2025-04-03,Applied
6126,441,19,5,16,2025-10-31,Interview
6127,617,27,5,18,2025-10-11,Offer
6128,226,18,7,19,2025-03-26,Interview
6129,371,13,1,19,2025-08-16,Applied
6130,28,11,8,3,2025-06-13,Rejected
6131,1008,1,9,5,2025-11-15,Screening
6132,995,6,4,17,2025-08-23,Applied
6133,16,21,11,10,2025-10-17,Rejected
6134,1301,2,7,7,2025-05-29,Interview
6135,333,13,5,15,2025-07-09,Screening
6136,483,13,3,11,2025-12-06,Offer
6137,1834,19,4,7,2025-01-10,Screening
6138,566,9,1,19,2025-10-27,Interview
6139,1312,19,2,14,2025-10-08,Applied
6140,114,23,6,9,2025-08-12,Applied
6141,38,1,1,2,2025-06-22,Rejected
6142,454,23,2,9,2025-01-05,Offer
6143,1906,25,5,5,2025-06-02,Rejected
6144,742,28,5,8,2025-02-16,Rejected
6145,166,27,2,18,2025-02-05,Rejected
6146,694,8,6,10,2025-11-15,Interview
6147,1980,23,14,16,2025-01-27,Rejected
6148,205,26,1,7,2025-10-08,Screening
6149,878,14,8,13,2025-01-02,Rejected
6150,245,24,12,16,2025-03-19,Interview
6151,1895,16,4,9,2025-04-24,Rejected
6152,1357,29,9,3,2025-02-16,Offer
6153,943,4,5,18,2025-04-05,Interview
6154,1420,18,15,13,2025-05-01,Interview
6155,821,14,10,11,2025-06-13,Screening
6156,507,30,9,19,2025-03-01,Screening
6157,1953,27,12,12,2025-10-16,Offer
6158,924,9,10,1,2025-07-26,Applied
6159,1145,15,6,15,2025-04-23,Offer
6160,1283,3,5,3,2025-09-04,Screening
6161,1746,30,1,20,2025-05-05,Rejected
6162,410,27,7,2,2025-09-30,Screening
6163,310,4,15,20,2025-03-28,Screening
6164,1832,23,1,14,2025-11-13,Applied
6165,1730,18,14,17,2025-04-19,Rejected
6166,68,14,14,11,2025-06-04,Screening
6167,114,15,2,5,2025-02-08,Rejected
6168,220,8,8,15,2025-03-21,Screening
6169,220,28,1,7,2025-10-08,Interview
6170,1497,10,10,7,2025-06-26,Offer
6171,730,24,2,8,2025-09-12,Rejected
6172,749,12,1,4,2025-01-07,Applied
6173,943,21,4,5,2025-04-13,Applied
6174,386,9,4,20,2025-05-26,Rejected
6175,1322,8,12,19,2025-07-22,Rejected
6176,930,17,1,12,2025-10-02,Rejected
6177,1630,9,4,11,2025-03-07,Screening
6178,1277,13,12,17,2025-08-20,Hired
6179,405,30,2,8,2025-11-11,Rejected
6180,492,14,15,3,2025-05-15,Rejected
6181,357,5,4,20,2025-09-22,Applied
6182,1452,9,8,5,2025-04-06,Screening
6183,215,25,6,4,2025-09-25,Screening
6184,1404,26,1,10,2025-06-23,Rejected
6185,1794,26,3,7,2025-03-23,Interview
6186,1883,16,3,6,2025-08-30,Applied
6187,752,19,7,5,2025-06-29,Offer
6188,827,24,2,2,2025-03-18,Rejected
6189,1238,23,2,12,2025-01-25,Rejected
6190,1122,7,14,8,2025-08-19,Rejected
6191,528,12,3,20,2025-09-12,Screening
6192,916,26,6,6,2025-03-06,Rejected
6193,666,2,1,12,2025-08-20,Interview
6194,1552,18,3,5,2025-05-05,Applied
6195,710,18,5,12,2025-02-01,Screening
6196,1644,16,3,2,2025-03-05,Rejected
6197,535,29,2,20,2025-06-30,Offer
6198,554,11,3,1,2025-08-23,Rejected
6199,1573,2,1,8,2025-11-07,Screening
6200,328,14,7,13,2025-05-29,Interview
6201,902,4,8,13,2025-06-04,Applied
6202,1189,7,5,13,2025-09-15,Screening
6203,1140,2,10,8,2025-10-02,Applied
6204,150,21,4,19,2025-02-18,Hired
6205,1542,14,13,18,2025-03-12,Applied
6206,1056,7,1,10,2025-01-10,Screening
6207,657,9,12,8,2025-10-25,Hired
6208,806,8,1,8,2025-07-05,Screening
6209,1937,9,4,4,2025-01-29,Applied
6210,293,7,2,20,2025-05-19,Offer
6211,919,19,2,4,2025-10-26,Applied
6212,689,17,10,19,2025-05-31,Offer
6213,957,26,1,6,2025-05-29,Rejected
6214,1201,23,8,6,2025-01-05,Applied
6215,1085,13,6,17,2025-10-17,Rejected
6216,1613,11,5,3,2025-05-14,Rejected
6217,416,22,9,2,2025-12-12,Applied
6218,1407,18,8,6,2025-04-11,Offer
6219,598,17,2,5,2025-03-12,Rejected
6220,1727,28,5,1,2025-03-01,Applied
6221,7,16,14,14,2025-12-23,Rejected
6222,918,10,9,17,2025-03-15,Interview
6223,85,4,4,15,2025-08-10,Applied
6224,774,30,2,7,2025-01-07,Applied
6225,957,4,2,2,2025-08-14,Rejected
6226,1422,22,4,5,2025-03-21,Applied
6227,1936,11,4,13,2025-09-17,Applied
6228,1795,21,1,17,2025-11-05,Interview
6229,1417,25,10,20,2025-01-30,Rejected
6230,1071,8,10,11,2025-10-19,Interview
6231,1365,9,6,18,2025-09-18,Applied
6232,1522,16,8,13,2025-03-20,Applied
6233,606,10,1,6,2025-08-24,Screening
6234,1502,23,1,19,2025-11-03,Screening
6235,426,9,1,17,2025-10-08,Rejected
6236,426,3,12,13,2025-01-17,Interview
6237,736,25,1,3,2025-12-04,Offer
6238,791,2,4,12,2025-07-28,Applied
6239,515,9,2,12,2025-06-02,Applied
6240,1153,13,1,17,2025-12-22,Offer
6241,1859,6,9,1,2025-10-31,Interview
6242,1273,4,3,17,2025-03-08,Applied
6243,741,28,10,19,2025-10-27,Rejected
6244,1863,14,6,6,2025-12-01,Interview
6245,131,28,5,17,2025-12-14,Offer
6246,1764,29,14,20,2025-10-11,Offer
6247,1713,11,4,13,2025-06-29,Screening
6248,323,2,5,8,2025-07-24,Screening
6249,823,29,1,8,2025-06-29,Applied
6250,1924,26,1,4,2025-07-20,Interview
6251,543,3,3,3,2025-06-13,Offer
6252,66,5,1,20,2025-12-20,Applied
6253,718,25,2,16,2025-04-23,Screening
6254,1125,7,13,7,2025-12-06,Applied
6255,1856,11,2,4,2025-10-23,Screening
6256,31,12,10,18,2025-04-17,Applied
6257,885,29,5,4,2025-06-17,Rejected
6258,191,11,12,2,2025-09-03,Screening
6259,1602,19,1,17,2025-12-17,Rejected
6260,415,13,4,14,2025-11-13,Interview
6261,1839,4,2,1,2025-10-19,Interview
6262,747,14,2,8,2025-02-07,Screening
6263,1814,12,4,1,2025-04-02,Screening
6264,1738,27,2,15,2025-09-27,Screening
6265,1524,2,6,5,2025-05-27,Interview
6266,1886,30,10,15,2025-06-03,Hired
6267,1761,8,3,4,2025-07-01,Hired
6268,1619,22,4,9,2025-04-30,Rejected
6269,1070,19,13,15,2025-01-26,Screening
6270,1113,13,2,1,2025-07-18,Offer
6271,1722,21,8,4,2025-01-22,Rejected
6272,375,21,5,9,2025-11-11,Screening
6273,1725,28,11,2,2025-09-27,Screening
6274,1270,1,2,3,2025-09-05,Interview
6275,558,29,4,16,2025-10-06,Rejected
6276,1281,5,5,18,2025-03-12,Rejected
6277,1376,22,5,16,2025-02-10,Applied
6278,1945,26,3,8,2025-06-20,Rejected
6279,1597,26,4,6,2025-04-28,Rejected
6280,1129,27,11,20,2025-12-30,Rejected
6281,1361,11,5,7,2025-01-19,Rejected
6282,1550,11,4,11,2025-08-19,Screening
6283,1325,13,12,5,2025-10-01,Offer
6284,1101,2,4,16,2025-09-07,Applied
6285,1535,19,5,12,2025-08-05,Screening
6286,1254,16,8,9,2025-11-25,Hired
6287,1703,26,7,1,2025-08-12,Interview
6288,578,5,14,20,2025-04-28,Applied
6289,32,14,4,13,2025-07-21,Screening
6290,1632,29,3,17,2025-09-01,Applied
6291,58,19,12,9,2025-04-05,Offer
6292,1128,5,2,4,2025-11-03,Screening
6293,312,21,2,16,2025-08-28,Applied
6294,1670,24,4,20,2025-07-02,Interview
6295,1753,26,13,8,2025-10-13,Offer
6296,1091,9,4,12,2025-02-14,Applied
6297,690,24,14,13,2025-01-25,Interview
6298,1398,12,8,15,2025-05-11,Offer
6299,1783,16,6,13,2025-08-26,Screening
6300,1830,19,6,19,2025-03-25,Applied
6301,235,15,10,4,2025-04-10,Offer
6302,643,17,3,10,2025-08-21,Applied
6303,1136,30,5,10,2025-09-19,Offer
6304,1413,15,1,2,2025-07-03,Screening
6305,1432,3,3,18,2025-10-22,Interview
6306,1078,17,5,8,2025-01-14,Applied
6307,802,13,2,4,2025-10-24,Rejected
6308,239,27,2,9,2025-10-04,Rejected
6309,1776,9,15,11,2025-06-20,Interview
6310,1319,28,2,20,2025-10-21,Rejected
6311,112,13,9,2,2025-12-28,Screening
6312,1112,16,1,1,2025-03-05,Interview
6313,1764,19,4,12,2025-03-06,Applied
6314,476,14,10,12,2025-12-17,Applied
6315,304,8,2,4,2025-09-07,Rejected
6316,1329,22,7,6,2025-09-20,Screening
6317,290,19,15,20,2025-02-06,Interview
6318,208,25,1,2,2025-10-20,Applied
6319,868,24,4,17,2025-12-05,Screening
6320,1927,3,5,19,2025-03-07,Interview
6321,1810,23,14,14,2025-05-09,Rejected
6322,582,21,4,17,2025-10-02,Applied
6323,370,18,3,11,2025-03-13,Rejected
6324,220,16,1,3,2025-02-09,Applied
6325,1255,14,10,13,2025-05-13,Screening
6326,802,16,11,15,2025-11-20,Hired
6327,819,24,1,15,2025-05-13,Screening
6328,1897,17,5,1,2025-07-09,Hired
6329,349,20,1,20,2025-12-18,Screening
6330,255,11,8,13,2025-04-10,Rejected
6331,452,13,1,18,2025-10-26,Offer
6332,142,11,1,2,2025-10-03,Hired
6333,1093,28,2,18,2025-09-30,Hired
6334,89,29,1,17,2025-03-11,Screening
6335,871,4,2,14,2025-02-04,Screening
6336,1160,29,4,9,2025-05-28,Offer
6337,1679,26,5,1,2025-04-24,Screening
6338,1875,14,2,14,2025-11-13,Applied
6339,1723,5,8,5,2025-06-14,Screening
6340,523,4,12,14,2025-03-29,Rejected
6341,660,1,1,14,2025-09-01,Hired
6342,951,14,7,17,2025-09-10,Rejected
6343,1828,7,6,18,2025-06-21,Offer
6344,1874,10,14,7,2025-08-18,Applied
6345,910,27,9,4,2025-07-14,Screening
6346,442,2,1,15,2025-08-22,Screening
6347,38,10,4,9,2025-08-17,Applied
6348,1881,3,1,9,2025-08-20,Rejected
6349,1232,21,5,11,2025-12-17,Interview
6350,210,8,8,3,2025-06-23,Interview
6351,513,10,5,13,2025-09-25,Applied
6352,1384,8,4,3,2025-12-12,Screening
6353,1601,14,5,4,2025-01-20,Rejected
6354,1025,18,7,19,2025-12-14,Interview
6355,1779,9,5,7,2025-03-07,Applied
6356,981,22,1,6,2025-08-24,Screening
6357,381,9,1,13,2025-05-22,Interview
6358,828,30,7,17,2025-07-24,Interview
6359,1561,4,2,7,2025-09-07,Rejected
6360,859,3,4,10,2025-02-28,Interview
6361,394,14,6,18,2025-02-22,Applied
6362,1074,14,7,11,2025-05-07,Offer
6363,396,21,3,4,2025-10-13,Applied
6364,1884,16,3,11,2025-01-10,Applied
6365,1777,5,7,20,2025-09-02,Offer
6366,32,20,5,1,2025-05-09,Rejected
6367,545,29,4,4,2025-06-23,Applied
6368,712,23,10,12,2025-12-27,Applied
6369,1258,24,14,11,2025-04-19,Rejected
6370,1050,15,11,2,2025-11-09,Hired
6371,1578,21,1,5,2025-02-18,Rejected
6372,1458,9,1,16,2025-11-14,Offer
6373,1085,7,11,5,2025-08-17,Hired
6374,553,13,8,19,2025-12-28,Rejected
6375,1465,29,2,8,2025-10-12,Screening
6376,1154,23,8,8,2025-06-20,Applied
6377,1891,8,8,13,2025-03-15,Applied
6378,1378,12,2,16,2025-04-06,Rejected
6379,198,4,8,8,2025-09-30,Applied
6380,799,16,8,14,2025-08-17,Rejected
6381,1687,26,5,6,2025-10-01,Interview
6382,1740,29,1,8,2025-11-07,Screening
6383,694,29,9,1,2025-07-28,Applied
6384,1395,6,2,16,2025-01-22,Offer
6385,1948,5,10,7,2025-03-07,Rejected
6386,1743,1,5,17,2025-09-24,Rejected
6387,147,14,1,20,2025-03-20,Applied
6388,1740,29,1,5,2025-02-24,Interview
6389,498,9,10,1,2025-08-17,Offer
6390,48,18,4,5,2025-04-03,Rejected
6391,770,6,9,13,2025-11-15,Rejected
6392,651,15,6,11,2025-09-05,Applied
6393,1196,16,5,13,2025-05-05,Rejected
6394,613,8,1,13,2025-01-15,Hired
6395,699,19,2,4,2025-12-19,Interview
6396,1920,5,10,18,2025-07-17,Rejected
6397,1339,14,3,8,2025-02-02,Offer
6398,376,7,2,19,2025-12-19,Interview
6399,806,4,5,10,2025-10-11,Screening
6400,921,30,3,10,2025-07-29,Interview
6401,875,28,7,13,2025-10-31,Rejected
6402,1557,21,15,11,2025-08-04,Applied
6403,810,1,1,8,2025-12-12,Screening
6404,1444,4,4,2,2025-05-21,Hired
6405,905,30,13,14,2025-04-19,Rejected
6406,1420,14,5,5,2025-08-19,Interview
6407,1546,23,11,10,2025-02-12,Rejected
6408,1211,16,6,13,2025-05-22,Screening
6409,1006,28,4,3,2025-10-04,Rejected
6410,1669,26,1,4,2025-01-13,Offer
6411,33,7,8,6,2025-05-26,Offer
6412,69,10,2,1,2025-05-23,Rejected
6413,592,10,3,17,2025-07-11,Rejected
6414,1215,4,1,1,2025-11-30,Interview
6415,101,12,5,11,2025-05-16,Rejected
6416,1509,6,4,20,2025-01-10,Offer
6417,1309,13,2,2,2025-04-02,Screening
6418,914,21,8,2,2025-12-14,Screening
6419,733,1,6,6,2025-12-17,Screening
6420,390,8,7,2,2025-08-14,Rejected
6421,1589,28,1,6,2025-12-20,Offer
6422,160,23,2,7,2025-07-07,Interview
6423,892,16,4,1,2025-10-28,Applied
6424,1578,5,4,11,2025-01-11,Hired
6425,1071,29,9,10,2025-04-01,Rejected
6426,1183,26,5,20,2025-12-24,Screening
6427,1470,26,5,17,2025-01-08,Interview
6428,696,7,2,8,2025-02-09,Rejected
6429,758,26,5,20,2025-07-02,Applied
6430,523,3,6,13,2025-03-27,Applied
6431,1690,24,2,10,2025-01-13,Offer
6432,732,21,2,8,2025-01-15,Rejected
6433,155,2,10,13,2025-08-11,Interview
6434,339,2,6,12,2025-01-21,Applied
6435,1977,20,5,2,2025-11-05,Interview
6436,1389,23,3,20,2025-04-04,Interview
6437,795,30,12,18,2025-07-10,Offer
6438,1723,10,13,18,2025-05-30,Interview
6439,1598,20,13,10,2025-04-29,Offer
6440,1172,9,5,13,2025-03-08,Screening
6441,899,18,8,13,2025-11-11,Applied
6442,1168,6,8,5,2025-04-03,Offer
6443,103,20,6,13,2025-03-07,Applied
6444,812,6,8,5,2025-12-02,Screening
6445,93,26,1,19,2025-05-13,Offer
6446,975,25,1,15,2025-05-17,Applied
6447,1310,10,13,8,2025-05-17,Rejected
6448,1448,28,7,16,2025-06-10,Screening
6449,119,25,2,10,2025-02-05,Rejected
6450,1985,9,11,15,2025-02-26,Applied
6451,29,9,4,14,2025-04-26,Screening
6452,1013,3,1,16,2025-11-06,Hired
6453,1535,12,3,13,2025-02-24,Offer
6454,1054,11,7,20,2025-03-02,Rejected
6455,872,14,7,3,2025-09-16,Applied
6456,1390,25,11,12,2025-05-23,Rejected
6457,800,19,5,8,2025-08-15,Interview
6458,1162,10,5,18,2025-10-05,Screening
6459,475,19,1,9,2025-01-19,Interview
6460,563,5,1,17,2025-01-19,Hired
6461,1416,22,2,5,2025-02-04,Screening
6462,435,9,4,8,2025-03-14,Interview
6463,804,1,8,16,2025-08-04,Offer
6464,1258,15,1,3,2025-08-05,Interview
6465,55,24,3,3,2025-04-06,Interview
6466,931,30,1,5,2025-08-22,Offer
6467,1316,30,3,6,2025-11-28,Interview
6468,752,4,1,2,2025-12-16,Interview
6469,312,26,3,13,2025-01-17,Applied
6470,1572,7,9,9,2025-10-25,Applied
6471,1113,6,2,6,2025-07-27,Screening
6472,1236,15,1,11,2025-03-07,Screening
6473,957,6,10,19,2025-06-02,Offer
6474,318,7,15,3,2025-04-09,Offer
6475,1901,20,1,8,2025-05-23,Offer
6476,757,22,8,9,2025-03-27,Rejected
6477,465,3,2,8,2025-08-24,Rejected
6478,1111,21,12,18,2025-05-14,Interview
6479,1433,29,2,13,2025-05-04,Screening
6480,1264,29,4,16,2025-09-03,Screening
6481,1856,30,6,12,2025-05-20,Rejected
6482,700,13,2,13,2025-10-20,Interview
6483,1081,2,2,1,2025-03-15,Applied
6484,1137,3,3,7,2025-03-13,Interview
6485,735,13,2,4,2025-07-02,Rejected
6486,1094,9,2,20,2025-09-01,Rejected
6487,739,22,15,14,2025-04-12,Rejected
6488,768,19,12,12,2025-01-28,Interview
6489,1716,18,14,9,2025-04-30,Interview
6490,1208,5,1,12,2025-09-28,Rejected
6491,1727,10,5,4,2025-06-16,Rejected
6492,1988,14,1,17,2025-09-23,Screening
6493,744,21,10,19,2025-12-21,Applied
6494,276,17,8,16,2025-11-06,Applied
6495,233,3,7,10,2025-02-18,Screening
6496,54,7,14,18,2025-01-06,Rejected
6497,257,9,3,9,2025-02-05,Rejected
6498,90,5,1,7,2025-11-09,Applied
6499,1762,4,10,20,2025-02-17,Applied
6500,1783,3,2,18,2025-11-25,Rejected
6501,1930,26,12,14,2025-04-07,Applied
6502,1687,13,2,1,2025-09-22,Rejected
6503,1459,9,1,10,2025-03-24,Applied
6504,1649,30,13,10,2025-06-26,Applied
6505,408,23,1,14,2025-05-04,Rejected
6506,1293,28,2,11,2025-02-04,Hired
6507,1693,7,1,6,2025-01-10,Applied
6508,1978,30,7,14,2025-07-25,Rejected
6509,366,29,5,2,2025-12-26,Rejected
6510,1883,8,8,11,2025-01-24,Screening
6511,351,10,8,9,2025-03-31,Offer
6512,1323,1,5,8,2025-06-22,Offer
6513,1930,27,11,14,2025-06-23,Applied
6514,1183,20,10,15,2025-01-23,Hired
6515,487,29,1,2,2025-02-10,Applied
6516,842,29,10,20,2025-11-12,Rejected
6517,984,21,6,1,2025-11-20,Offer
6518,1761,21,3,5,2025-01-31,Rejected
6519,1550,1,1,13,2025-06-18,Applied
6520,1379,19,4,18,2025-09-09,Offer
6521,621,2,1,13,2025-05-20,Rejected
6522,930,12,2,6,2025-03-17,Applied
6523,401,23,2,17,2025-12-04,Screening
6524,1429,13,2,2,2025-02-24,Applied
6525,1120,14,4,8,2025-05-23,Screening
6526,1731,5,1,14,2025-08-19,Offer
6527,570,3,5,15,2025-05-01,Screening
6528,975,27,2,6,2025-10-04,Rejected
6529,392,24,6,9,2025-06-19,Hired
6530,352,17,8,17,2025-06-13,Applied
6531,806,1,5,2,2025-05-12,Rejected
6532,1690,14,1,4,2025-12-02,Rejected
6533,576,6,7,15,2025-03-20,Applied
6534,1694,17,9,7,2025-02-06,Screening
6535,777,4,14,18,2025-11-20,Rejected
6536,633,6,6,5,2025-03-20,Applied
6537,1312,1,9,13,2025-06-25,Interview
6538,523,29,8,6,2025-07-26,Rejected
6539,726,9,1,15,2025-03-18,Interview
6540,162,4,5,14,2025-01-18,Screening
6541,1641,9,2,11,2025-03-29,Rejected
6542,1938,9,10,11,2025-10-22,Screening
6543,659,29,2,3,2025-08-13,Screening
6544,1206,22,7,1,2025-08-16,Rejected
6545,850,13,3,6,2025-09-07,Interview
6546,1573,23,1,2,2025-02-28,Interview
6547,82,29,6,9,2025-12-04,Interview
6548,524,17,3,4,2025-07-12,Applied
6549,4,21,2,13,2025-03-02,Offer
6550,495,3,1,11,2025-08-11,Applied
6551,1579,26,1,10,2025-09-11,Screening
6552,1947,26,2,3,2025-05-17,Screening
6553,1075,29,7,8,2025-08-19,Applied
6554,1285,6,1,2,2025-02-23,Applied
6555,1158,20,1,13,2025-09-27,Rejected
6556,1997,15,3,10,2025-12-05,Screening
6557,1623,29,10,4,2025-10-17,Screening
6558,1386,14,3,17,2025-09-17,Rejected
6559,568,13,5,2,2025-09-22,Screening
6560,1241,9,1,10,2025-12-08,Screening
6561,878,23,1,3,2025-02-22,Rejected
6562,1092,15,6,14,2025-03-24,Screening
6563,1012,14,6,19,2025-11-20,Offer
6564,1015,4,3,11,2025-09-03,Applied
6565,864,29,6,16,2025-06-12,Applied
6566,1580,11,13,20,2025-06-05,Rejected
6567,1167,22,5,19,2025-10-23,Rejected
6568,1370,2,13,12,2025-07-31,Hired
6569,1578,30,6,4,2025-06-15,Screening
6570,1675,16,10,6,2025-03-17,Rejected
6571,1609,19,2,16,2025-08-27,Rejected
6572,779,16,14,13,2025-09-09,Rejected
6573,1218,27,8,18,2025-04-30,Offer
6574,1005,7,2,12,2025-09-20,Rejected
6575,1691,11,5,8,2025-01-31,Rejected
6576,1270,12,5,6,2025-08-22,Screening
6577,314,4,9,8,2025-11-29,Applied
6578,730,30,5,6,2025-04-09,Applied
6579,1992,16,8,16,2025-07-18,Hired
6580,384,28,2,16,2025-08-31,Rejected
6581,1789,26,2,20,2025-01-29,Screening
6582,1813,16,2,9,2025-12-13,Rejected
6583,277,7,4,1,2025-01-26,Rejected
6584,1096,25,5,3,2025-01-30,Screening
6585,1153,30,1,8,2025-01-06,Interview
6586,1382,13,14,7,2025-07-15,Rejected
6587,698,5,9,15,2025-02-02,Interview
6588,1549,30,8,13,2025-10-03,Hired
6589,1865,1,3,15,2025-01-01,Rejected
6590,1244,5,4,11,2025-08-30,Interview
6591,1030,22,3,3,2025-08-06,Screening
6592,751,14,6,10,2025-05-15,Rejected
6593,983,11,4,12,2025-10-14,Applied
6594,624,2,9,17,2025-01-08,Applied
6595,228,24,9,19,2025-01-11,Rejected
6596,1978,29,5,4,2025-07-25,Rejected
6597,17,18,8,5,2025-01-12,Rejected
6598,1609,15,6,20,2025-01-08,Screening
6599,12,14,2,4,2025-08-21,Interview
6600,1622,25,11,7,2025-05-25,Rejected
6601,1523,30,4,5,2025-02-13,Offer
6602,692,13,9,19,2025-09-13,Offer
6603,1658,2,10,19,2025-04-10,Rejected
6604,1740,19,12,18,2025-03-31,Rejected
6605,1526,8,10,6,2025-04-21,Screening
6606,70,27,1,10,2025-03-29,Screening
6607,108,22,4,17,2025-05-27,Applied
6608,201,17,2,2,2025-09-08,Applied
6609,1076,15,3,5,2025-02-19,Rejected
6610,1573,20,1,14,2025-08-29,Interview
6611,629,21,2,11,2025-09-27,Rejected
6612,1283,14,5,12,2025-12-30,Rejected
6613,1506,27,2,10,2025-06-13,Applied
6614,1288,3,6,2,2025-08-01,Interview
6615,906,17,4,16,2025-06-28,Screening
6616,303,3,6,17,2025-06-18,Screening
6617,937,13,2,8,2025-07-12,Applied
6618,576,25,7,14,2025-08-16,Interview
6619,1578,18,2,6,2025-12-13,Applied
6620,555,1,2,10,2025-03-24,Rejected
6621,125,7,1,11,2025-08-26,Offer
6622,1929,29,2,14,2025-11-20,Offer
6623,1294,23,7,11,2025-12-12,Interview
6624,859,5,14,1,2025-07-06,Screening
6625,745,2,2,8,2025-07-12,Offer
6626,480,30,4,7,2025-08-12,Applied
6627,132,17,4,19,2025-11-14,Rejected
6628,1026,29,3,8,2025-08-03,Hired
6629,115,21,8,5,2025-03-16,Screening
6630,481,10,5,6,2025-11-02,Interview
6631,981,4,2,12,2025-04-19,Screening
6632,1025,9,8,2,2025-09-05,Screening
6633,331,21,2,2,2025-07-14,Rejected
6634,1601,11,4,7,2025-12-30,Applied
6635,942,26,14,6,2025-10-15,Applied
6636,955,12,4,4,2025-02-04,Applied
6637,1995,12,4,11,2025-05-13,Applied
6638,1661,18,2,14,2025-03-10,Interview
6639,768,4,4,2,2025-09-30,Offer
6640,391,29,11,5,2025-04-05,Applied
6641,834,28,6,9,2025-04-26,Rejected
6642,143,9,6,20,2025-11-11,Rejected
6643,328,8,3,4,2025-10-02,Rejected
6644,1782,19,2,20,2025-12-26,Screening
6645,628,24,12,20,2025-02-13,Interview
6646,377,13,10,15,2025-03-04,Rejected
6647,1839,2,7,18,2025-01-27,Offer
6648,90,19,3,17,2025-10-20,Hired
6649,808,14,1,1,2025-11-22,Applied
6650,1021,5,13,13,2025-07-14,Applied
6651,1066,27,10,5,2025-12-09,Screening
6652,1971,28,6,7,2025-05-20,Interview
6653,1059,30,2,2,2025-09-03,Screening
6654,1012,26,4,13,2025-11-06,Offer
6655,1518,10,9,1,2025-08-22,Offer
6656,553,24,3,10,2025-11-21,Screening
6657,1877,17,3,9,2025-04-17,Interview
6658,124,20,2,19,2025-11-30,Rejected
6659,57,16,7,20,2025-04-28,Screening
6660,806,17,7,15,2025-10-20,Rejected
6661,1480,1,5,10,2025-03-02,Screening
6662,235,28,1,15,2025-09-16,Applied
6663,608,21,1,7,2025-02-01,Applied
6664,392,22,7,6,2025-12-14,Rejected
6665,1516,15,3,19,2025-11-03,Screening
6666,970,17,2,17,2025-04-23,Applied
6667,1855,11,11,16,2025-01-15,Interview
6668,1367,22,1,1,2025-08-30,Rejected
6669,1668,5,6,10,2025-11-21,Screening
6670,1200,4,4,15,2025-03-31,Offer
6671,52,26,3,12,2025-03-10,Rejected
6672,1574,21,2,5,2025-03-06,Rejected
6673,1502,24,4,8,2025-07-05,Applied
6674,489,9,2,9,2025-04-11,Screening
6675,1879,27,1,19,2025-05-29,Interview
6676,5,16,10,12,2025-06-30,Rejected
6677,1749,30,5,9,2025-03-21,Interview
6678,632,12,1,20,2025-02-04,Screening
6679,1862,18,5,4,2025-04-02,Applied
6680,1905,22,3,18,2025-09-14,Rejected
6681,1233,3,5,16,2025-11-04,Screening
6682,217,15,2,2,2025-11-08,Interview
6683,536,18,7,15,2025-09-03,Rejected
6684,1366,12,2,13,2025-09-18,Offer
6685,1741,30,1,14,2025-03-24,Rejected
6686,1425,13,13,11,2025-10-22,Rejected
6687,1486,1,3,3,2025-06-24,Screening
6688,738,4,2,17,2025-11-19,Offer
6689,730,8,14,4,2025-12-06,Screening
6690,1235,19,1,7,2025-08-08,Screening
6691,1050,21,1,1,2025-05-17,Applied
6692,1276,30,4,15,2025-10-18,Hired
6693,3,26,1,18,2025-07-09,Rejected
6694,1026,21,1,9,2025-09-16,Rejected
6695,1628,5,11,13,2025-09-10,Rejected
6696,1026,11,7,11,2025-09-18,Rejected
6697,150,25,14,15,2025-01-22,Interview
6698,1607,24,10,4,2025-10-07,Rejected
6699,4,24,4,6,2025-10-13,Offer
6700,1521,29,1,6,2025-05-26,Interview
6701,1574,29,7,11,2025-05-29,Offer
6702,1895,17,6,10,2025-10-10,Applied
6703,468,17,11,2,2025-07-14,Rejected
6704,70,2,2,17,2025-07-25,Screening
6705,201,30,8,16,2025-09-06,Screening
6706,308,24,8,20,2025-08-16,Hired
6707,1276,26,8,17,2025-08-09,Rejected
6708,1311,1,2,2,2025-01-12,Interview
6709,922,4,10,11,2025-07-29,Rejected
6710,292,9,2,8,2025-01-01,Screening
6711,1178,2,12,13,2025-09-30,Interview
6712,924,3,5,8,2025-11-29,Hired
6713,1157,27,10,14,2025-02-24,Interview
6714,883,6,11,15,2025-12-28,Interview
6715,586,13,7,14,2025-01-01,Offer
6716,1298,15,11,19,2025-01-13,Applied
6717,1807,11,9,7,2025-07-30,Rejected
6718,1721,10,1,2,2025-07-25,Rejected
6719,509,3,4,15,2025-06-05,Rejected
6720,1377,20,5,14,2025-03-02,Rejected
6721,5,9,15,17,2025-01-25,Interview
6722,293,25,6,7,2025-01-27,Rejected
6723,360,10,4,20,2025-02-26,Interview
6724,1622,21,6,2,2025-06-17,Rejected
6725,214,23,5,20,2025-10-31,Screening
6726,1430,25,6,10,2025-04-07,Offer
6727,1460,24,5,8,2025-01-13,Rejected
6728,1039,27,8,4,2025-09-08,Applied
6729,1297,23,4,17,2025-03-12,Screening
6730,563,12,6,1,2025-03-10,Interview
6731,765,8,5,17,2025-02-22,Rejected
6732,45,21,1,9,2025-09-18,Screening
6733,703,21,8,11,2025-01-05,Offer
6734,634,21,15,2,2025-09-25,Rejected
6735,1436,17,2,9,2025-01-18,Applied
6736,1211,22,4,15,2025-04-18,Screening
6737,1750,5,8,8,2025-06-25,Interview
6738,661,24,8,4,2025-11-08,Applied
6739,1194,8,6,2,2025-01-06,Applied
6740,721,18,15,3,2025-01-20,Rejected
6741,1989,11,5,16,2025-06-11,Rejected
6742,594,22,1,9,2025-04-18,Rejected
6743,1425,28,1,3,2025-07-23,Rejected
6744,1732,27,12,6,2025-09-08,Rejected
6745,246,10,2,19,2025-06-30,Hired
6746,1927,26,2,13,2025-08-12,Rejected
6747,857,15,4,19,2025-11-04,Offer
6748,1893,6,2,14,2025-09-16,Screening
6749,552,19,9,16,2025-08-18,Rejected
6750,1704,17,10,18,2025-10-06,Screening
6751,43,23,4,1,2025-02-27,Screening
6752,841,10,4,14,2025-02-23,Interview
6753,1747,5,1,17,2025-06-21,Screening
6754,179,28,4,19,2025-01-16,Applied
6755,1481,16,5,5,2025-10-13,Rejected
6756,535,12,2,3,2025-02-24,Screening
6757,607,26,13,7,2025-04-22,Hired
6758,672,21,1,3,2025-11-26,Interview
6759,1268,27,1,19,2025-01-31,Offer
6760,927,24,1,7,2025-12-23,Screening
6761,17,28,8,10,2025-06-20,Rejected
6762,1136,5,6,1,2025-05-11,Rejected
6763,1639,21,10,14,2025-04-30,Applied
6764,826,1,4,7,2025-09-28,Offer
6765,1622,2,5,16,2025-12-10,Screening
6766,547,5,2,4,2025-03-03,Hired
6767,1054,23,1,9,2025-06-12,Screening
6768,1216,19,13,16,2025-05-09,Rejected
6769,437,28,5,16,2025-01-15,Hired
6770,179,15,4,19,2025-10-19,Rejected
6771,616,1,3,8,2025-02-10,Rejected
6772,677,11,15,16,2025-03-29,Rejected
6773,1498,28,1,12,2025-03-12,Interview
6774,634,18,8,13,2025-12-02,Rejected
6775,1158,3,2,15,2025-10-24,Interview
6776,802,28,10,6,2025-04-09,Rejected
6777,312,9,2,9,2025-07-04,Rejected
6778,1760,24,8,18,2025-02-24,Applied
6779,25,4,11,3,2025-08-30,Applied
6780,371,24,11,13,2025-10-09,Screening
6781,525,13,1,15,2025-02-28,Rejected
6782,1343,9,5,19,2025-11-29,Rejected
6783,230,3,5,4,2025-09-13,Screening
6784,1126,16,4,12,2025-06-20,Rejected
6785,1474,22,6,20,2025-08-03,Screening
6786,378,8,2,19,2025-09-29,Applied
6787,888,26,8,1,2025-09-26,Screening
6788,1925,7,9,13,2025-01-22,Interview
6789,1227,25,10,17,2025-02-13,Applied
6790,1291,23,3,9,2025-09-18,Rejected
6791,462,17,13,7,2025-04-06,Applied
6792,365,25,3,13,2025-06-20,Offer
6793,1758,28,5,2,2025-07-05,Applied
6794,104,16,7,10,2025-02-14,Rejected
6795,1135,21,11,9,2025-10-13,Screening
6796,428,22,14,2,2025-07-15,Interview
6797,469,18,4,12,2025-02-10,Screening
6798,1015,16,2,8,2025-05-19,Interview
6799,1605,15,4,19,2025-03-08,Rejected
6800,870,2,14,19,2025-07-30,Screening
6801,770,29,10,6,2025-11-08,Rejected
6802,680,20,1,13,2025-05-06,Applied
6803,805,4,7,1,2025-07-24,Applied
6804,886,5,5,3,2025-12-19,Applied
6805,561,7,4,9,2025-01-30,Screening
6806,1274,29,10,14,2025-11-18,Rejected
6807,1506,27,4,18,2025-01-19,Interview
6808,331,28,3,16,2025-06-05,Interview
6809,1956,15,1,9,2025-07-02,Interview
6810,587,17,11,10,2025-06-23,Applied
6811,201,10,6,16,2025-09-14,Interview
6812,454,20,2,11,2025-01-05,Offer
6813,1528,29,1,16,2025-06-02,Applied
6814,1570,9,4,5,2025-07-31,Screening
6815,826,16,8,18,2025-09-13,Rejected
6816,111,24,2,20,2025-10-18,Offer
6817,1957,3,5,7,2025-05-28,Applied
6818,864,22,5,16,2025-09-14,Offer
6819,1852,27,2,9,2025-07-24,Hired
6820,908,9,2,6,2025-11-30,Rejected
6821,1773,8,5,17,2025-06-01,Hired
6822,1568,23,2,8,2025-03-08,Applied
6823,1233,7,11,19,2025-07-31,Applied
6824,1668,17,1,2,2025-12-31,Rejected
6825,1642,5,2,11,2025-11-26,Rejected
6826,33,7,8,1,2025-09-10,Screening
6827,555,30,1,8,2025-10-31,Hired
6828,1904,13,2,18,2025-12-23,Interview
6829,107,18,10,19,2025-04-18,Rejected
6830,1289,22,2,13,2025-10-03,Rejected
6831,226,14,4,6,2025-02-11,Hired
6832,487,18,6,11,2025-10-21,Screening
6833,179,3,6,9,2025-05-03,Rejected
6834,1246,17,13,20,2025-12-15,Offer
6835,1394,19,1,17,2025-11-03,Interview
6836,637,7,8,8,2025-03-13,Rejected
6837,788,21,6,3,2025-08-15,Interview
6838,167,4,2,20,2025-03-13,Applied
6839,663,15,8,5,2025-09-20,Screening
6840,1577,29,4,13,2025-06-24,Interview
6841,300,28,11,18,2025-03-24,Applied
6842,1405,24,1,15,2025-08-03,Screening
6843,35,8,9,20,2025-02-25,Rejected
6844,407,16,1,10,2025-09-06,Applied
6845,1526,1,11,6,2025-06-07,Rejected
6846,314,25,7,14,2025-02-25,Interview
6847,816,16,15,2,2025-12-18,Screening
6848,743,30,12,20,2025-07-09,Applied
6849,727,25,9,2,2025-01-07,Screening
6850,826,2,1,8,2025-10-29,Screening
6851,1125,2,3,6,2025-09-04,Interview
6852,569,8,14,7,2025-06-16,Interview
6853,1239,12,8,17,2025-02-01,Screening
6854,1959,11,2,18,2025-05-29,Rejected
6855,1692,6,2,1,2025-08-17,Applied
6856,576,19,2,8,2025-03-01,Screening
6857,62,28,2,7,2025-01-07,Rejected
6858,1875,18,11,15,2025-01-20,Interview
6859,369,5,14,11,2025-07-29,Offer
6860,1392,15,7,3,2025-11-17,Hired
6861,1598,8,11,16,2025-05-11,Rejected
6862,94,6,15,3,2025-01-17,Offer
6863,1493,12,4,18,2025-06-04,Applied
6864,984,19,8,2,2025-01-03,Interview
6865,1877,12,5,19,2025-02-17,Interview
6866,1050,12,3,11,2025-06-29,Screening
6867,1459,9,4,18,2025-12-19,Hired
6868,1145,24,4,18,2025-10-24,Screening
6869,50,10,11,14,2025-03-25,Offer
6870,883,22,1,20,2025-12-12,Interview
6871,764,17,1,9,2025-06-18,Applied
6872,36,18,2,14,2025-07-15,Offer
6873,1434,16,4,11,2025-02-06,Interview
6874,1313,4,7,2,2025-11-06,Rejected
6875,1403,18,6,17,2025-09-07,Rejected
6876,100,3,3,9,2025-12-07,Applied
6877,1348,16,6,14,2025-09-16,Interview
6878,329,14,2,7,2025-07-31,Hired
6879,1672,24,4,9,2025-12-16,Screening
6880,706,9,6,18,2025-03-28,Screening
6881,221,6,3,19,2025-07-23,Rejected
6882,1815,4,1,12,2025-08-01,Screening
6883,1862,27,1,1,2025-02-03,Interview
6884,567,2,8,18,2025-11-08,Rejected
6885,1963,23,2,2,2025-04-17,Rejected
6886,996,10,9,4,2025-10-13,Offer
6887,1022,11,2,8,2025-12-05,Rejected
6888,110,7,6,16,2025-03-18,Rejected
6889,149,26,5,6,2025-02-19,Rejected
6890,406,25,7,5,2025-11-17,Rejected
6891,1801,5,2,6,2025-10-10,Interview
6892,1698,26,11,10,2025-12-18,Applied
6893,699,4,4,13,2025-09-14,Screening
6894,1017,26,2,16,2025-06-08,Rejected
6895,1434,6,8,17,2025-03-23,Screening
6896,1153,28,11,6,2025-10-11,Screening
6897,1508,2,13,9,2025-01-21,Applied
6898,108,2,2,4,2025-08-12,Applied
6899,389,16,14,20,2025-06-02,Rejected
6900,425,28,5,19,2025-10-28,Interview
6901,447,25,4,3,2025-04-08,Applied
6902,918,23,11,8,2025-08-28,Applied
6903,1092,23,1,5,2025-11-28,Screening
6904,1968,13,1,8,2025-02-26,Rejected
6905,1090,21,1,6,2025-06-05,Interview
6906,656,7,1,6,2025-07-24,Screening
6907,2000,25,8,10,2025-05-18,Rejected
6908,1589,26,8,3,2025-02-26,Interview
6909,1664,5,2,1,2025-07-12,Applied
6910,1528,25,2,2,2025-10-02,Rejected
6911,1528,17,1,15,2025-07-02,Screening
6912,321,13,1,9,2025-10-25,Applied
6913,719,15,2,17,2025-10-07,Interview
6914,1856,28,1,6,2025-03-31,Offer
6915,728,3,1,19,2025-07-10,Applied
6916,580,23,5,17,2025-01-02,Rejected
6917,447,4,5,10,2025-08-27,Applied
6918,1598,15,2,8,2025-03-04,Hired
6919,210,18,2,7,2025-09-27,Offer
6920,849,28,1,2,2025-08-05,Interview
6921,1863,30,4,16,2025-07-30,Screening
6922,370,3,5,12,2025-07-04,Rejected
6923,1965,7,10,13,2025-11-01,Rejected
6924,1588,8,6,16,2025-06-26,Interview
6925,1652,11,12,6,2025-04-11,Interview
6926,1917,25,8,2,2025-12-28,Applied
6927,1482,22,5,11,2025-04-06,Interview
6928,1919,26,1,18,2025-07-17,Screening
6929,577,9,2,13,2025-10-29,Hired
6930,1666,20,2,6,2025-05-25,Hired
6931,689,12,2,20,2025-10-16,Interview
6932,790,5,2,20,2025-08-13,Rejected
6933,992,1,14,3,2025-02-25,Screening
6934,1949,14,11,18,2025-04-29,Screening
6935,163,25,4,3,2025-08-25,Applied
6936,977,25,4,5,2025-12-24,Interview
6937,1356,25,2,13,2025-02-20,Rejected
6938,1688,3,1,10,2025-04-23,Interview
6939,350,29,15,1,2025-04-30,Offer
6940,1772,15,3,12,2025-08-16,Offer
6941,670,10,5,7,2025-03-16,Screening
6942,1492,26,13,13,2025-02-22,Interview
6943,426,10,6,8,2025-11-30,Interview
6944,327,24,2,15,2025-04-25,Offer
6945,1130,3,8,12,2025-01-27,Applied
6946,1842,29,1,16,2025-02-21,Applied
6947,255,6,14,7,2025-12-03,Applied
6948,358,5,1,18,2025-09-19,Offer
6949,1991,24,5,15,2025-01-29,Interview
6950,444,19,3,17,2025-05-03,Screening
6951,113,14,5,8,2025-11-11,Applied
6952,1054,17,7,2,2025-11-27,Rejected
6953,524,12,4,16,2025-02-15,Screening
6954,689,9,6,1,2025-02-12,Applied
6955,991,26,2,11,2025-01-07,Screening
6956,1874,25,1,15,2025-05-01,Rejected
6957,46,3,5,18,2025-11-07,Screening
6958,1195,18,11,14,2025-04-27,Interview
6959,1154,4,2,16,2025-04-29,Interview
6960,757,14,1,2,2025-11-06,Rejected
6961,1377,24,2,4,2025-03-20,Hired
6962,1227,6,2,9,2025-09-25,Applied
6963,1250,26,1,19,2025-10-08,Interview
6964,1104,15,1,15,2025-02-19,Offer
6965,1334,17,5,14,2025-11-07,Applied
6966,1059,24,2,20,2025-01-06,Interview
6967,564,5,3,17,2025-05-24,Rejected
6968,161,29,4,16,2025-06-29,Rejected
6969,1620,6,10,10,2025-01-21,Rejected
6970,840,21,2,7,2025-10-15,Rejected
6971,1459,26,5,15,2025-08-17,Screening
6972,538,5,4,16,2025-05-16,Rejected
6973,225,19,7,11,2025-09-29,Screening
6974,1470,14,13,14,2025-11-23,Screening
6975,1341,4,1,7,2025-06-26,Applied
6976,1690,5,14,17,2025-02-07,Rejected
6977,1829,11,8,12,2025-08-13,Offer
6978,1438,27,8,12,2025-12-03,Screening
6979,95,2,13,8,2025-10-23,Rejected
6980,1249,22,5,13,2025-01-31,Rejected
6981,1803,2,12,17,2025-04-07,Hired
6982,949,20,5,15,2025-01-17,Screening
6983,553,12,4,14,2025-11-16,Applied
6984,645,16,1,9,2025-01-27,Rejected
6985,66,17,2,17,2025-11-11,Rejected
6986,1421,4,10,11,2025-12-30,Rejected
6987,1983,14,2,6,2025-02-09,Screening
6988,1234,7,4,13,2025-04-20,Interview
6989,1498,15,6,3,2025-11-01,Rejected
6990,665,30,5,9,2025-01-11,Screening
6991,684,16,5,10,2025-07-17,Rejected
6992,910,8,4,18,2025-02-12,Interview
6993,837,2,9,15,2025-07-10,Rejected
6994,571,19,11,14,2025-07-01,Offer
6995,696,1,10,14,2025-11-03,Interview
6996,1514,23,10,11,2025-09-30,Rejected
6997,180,4,6,11,2025-09-04,Applied
6998,834,27,1,20,2025-02-12,Rejected
6999,1860,26,1,16,2025-02-25,Interview
7000,1548,24,7,19,2025-03-09,Screening
7001,1483,21,2,2,2025-01-26,Rejected
7002,1092,25,5,16,2025-04-12,Offer
7003,1963,22,8,12,2025-08-09,Screening
7004,1353,11,1,5,2025-06-25,Screening
7005,202,10,10,3,2025-07-29,Rejected
7006,1499,18,11,10,2025-11-21,Hired
7007,1542,1,4,10,2025-08-25,Screening
7008,1039,17,14,10,2025-07-01,Offer
7009,1066,16,11,18,2025-04-19,Rejected
7010,543,12,6,5,2025-12-08,Rejected
7011,982,28,4,19,2025-11-25,Applied
7012,1717,30,14,9,2025-01-07,Interview
7013,774,30,1,11,2025-07-19,Rejected
7014,1313,16,1,3,2025-10-27,Offer
7015,1949,9,1,16,2025-10-22,Rejected
7016,1557,17,1,2,2025-11-05,Applied
7017,1916,3,10,2,2025-09-07,Applied
7018,694,28,8,17,2025-06-19,Applied
7019,1720,18,9,16,2025-10-12,Applied
7020,1268,15,2,19,2025-02-13,Applied
7021,1886,15,6,10,2025-06-22,Rejected
7022,1685,16,9,14,2025-08-17,Screening
7023,1792,28,9,12,2025-10-24,Rejected
7024,612,20,6,15,2025-01-24,Screening
7025,1591,1,5,18,2025-07-09,Interview
7026,1722,1,5,18,2025-01-07,Interview
7027,1856,4,4,3,2025-07-08,Interview
7028,1622,29,3,6,2025-05-29,Screening
7029,1198,13,13,6,2025-01-28,Rejected
7030,1558,30,11,11,2025-07-28,Rejected
7031,1533,4,8,9,2025-09-14,Screening
7032,244,23,6,3,2025-01-13,Screening
7033,60,8,2,12,2025-08-04,Applied
7034,104,13,1,4,2025-01-30,Rejected
7035,651,24,4,20,2025-07-22,Rejected
7036,1327,8,2,13,2025-12-06,Applied
7037,1695,14,11,18,2025-07-28,Rejected
7038,1011,30,10,18,2025-04-17,Applied
7039,1768,28,4,15,2025-07-21,Screening
7040,77,30,1,6,2025-04-26,Offer
7041,1042,25,11,15,2025-08-20,Rejected
7042,1558,1,9,2,2025-12-30,Rejected
7043,1208,9,2,13,2025-07-30,Rejected
7044,1681,26,8,6,2025-06-14,Hired
7045,1574,24,5,6,2025-01-18,Applied
7046,1305,1,6,6,2025-01-17,Rejected
7047,1312,7,4,13,2025-01-31,Rejected
7048,1679,25,10,13,2025-07-26,Interview
7049,1549,20,3,11,2025-08-02,Applied
7050,698,13,7,2,2025-01-10,Hired
7051,1498,15,11,6,2025-08-05,Rejected
7052,946,29,2,19,2025-03-17,Applied
7053,267,9,3,4,2025-01-02,Interview
7054,781,16,8,6,2025-09-16,Screening
7055,609,17,6,1,2025-11-22,Rejected
7056,946,9,2,6,2025-03-29,Screening
7057,1381,6,2,12,2025-04-20,Rejected
7058,1830,20,5,14,2025-04-13,Applied
7059,1025,12,13,11,2025-08-12,Screening
7060,1831,16,4,2,2025-08-02,Interview
7061,1051,28,4,8,2025-09-28,Screening
7062,548,21,1,10,2025-07-22,Screening
7063,160,15,5,13,2025-08-10,Offer
7064,937,7,3,14,2025-10-07,Applied
7065,399,10,5,6,2025-06-21,Interview
7066,543,29,2,20,2025-10-14,Rejected
7067,127,4,2,13,2025-06-29,Rejected
7068,1798,24,14,7,2025-08-10,Rejected
7069,1881,3,13,9,2025-12-04,Screening
7070,1009,18,2,11,2025-01-16,Rejected
7071,948,1,6,8,2025-03-29,Screening
7072,210,30,6,1,2025-03-09,Rejected
7073,150,13,6,10,2025-04-14,Offer
7074,31,22,2,14,2025-07-23,Screening
7075,612,18,2,1,2025-04-14,Applied
7076,1865,8,1,8,2025-02-26,Screening
7077,302,11,3,7,2025-12-23,Offer
7078,963,10,3,20,2025-12-08,Rejected
7079,865,29,13,19,2025-07-14,Screening
7080,1755,4,9,15,2025-11-04,Interview
7081,765,25,5,19,2025-04-27,Applied
7082,683,4,7,7,2025-04-24,Rejected
7083,257,4,15,12,2025-09-09,Offer
7084,940,29,2,14,2025-01-09,Rejected
7085,1081,12,2,10,2025-08-02,Offer
7086,9,8,2,1,2025-12-02,Screening
7087,1029,28,5,11,2025-11-05,Rejected
7088,847,13,10,7,2025-06-04,Offer
7089,1138,8,1,5,2025-11-29,Applied
7090,777,21,1,14,2025-09-18,Interview
7091,685,3,7,17,2025-07-21,Rejected
7092,732,12,11,14,2025-07-16,Interview
7093,1229,18,3,5,2025-10-28,Interview
7094,24,15,6,14,2025-12-01,Interview
7095,493,25,13,6,2025-06-24,Applied
7096,970,14,7,11,2025-05-16,Offer
7097,1706,9,2,14,2025-07-21,Applied
7098,1430,5,3,16,2025-10-28,Rejected
7099,103,30,4,11,2025-11-20,Applied
7100,1084,29,14,18,2025-03-16,Rejected
7101,1110,15,8,13,2025-07-07,Rejected
7102,767,8,12,18,2025-06-14,Offer
7103,1023,23,15,9,2025-09-30,Hired
7104,1701,3,1,10,2025-03-05,Screening
7105,372,12,1,3,2025-08-25,Screening
7106,679,5,2,12,2025-09-30,Rejected
7107,596,29,2,12,2025-04-17,Screening
7108,1994,9,2,3,2025-02-18,Screening
7109,202,20,8,4,2025-12-15,Offer
7110,1626,3,8,3,2025-01-15,Offer
7111,89,23,6,17,2025-02-15,Screening
7112,437,8,10,16,2025-07-27,Rejected
7113,120,21,4,3,2025-09-12,Applied
7114,156,13,5,19,2025-02-28,Interview
7115,1997,8,1,12,2025-01-22,Rejected
7116,399,5,10,8,2025-01-05,Rejected
7117,1724,25,3,5,2025-12-02,Interview
7118,188,7,8,4,2025-06-08,Applied
7119,1798,5,8,9,2025-10-20,Screening
7120,1076,29,5,11,2025-10-09,Hired
7121,652,9,2,8,2025-07-09,Rejected
7122,1555,5,5,5,2025-08-02,Rejected
7123,1504,8,2,6,2025-02-15,Rejected
7124,587,12,1,20,2025-05-25,Screening
7125,230,4,10,15,2025-12-16,Rejected
7126,1505,9,2,9,2025-04-11,Rejected
7127,1154,28,2,19,2025-03-10,Applied
7128,55,22,3,1,2025-07-27,Interview
7129,271,22,1,17,2025-09-12,Offer
7130,1984,14,14,14,2025-11-01,Screening
7131,1124,19,2,18,2025-03-05,Offer
7132,1093,13,10,12,2025-04-07,Screening
7133,1935,3,5,15,2025-08-02,Rejected
7134,1323,4,4,6,2025-04-14,Offer
7135,970,1,8,18,2025-12-09,Offer
7136,1553,22,2,13,2025-11-03,Screening
7137,1378,1,5,6,2025-10-22,Screening
7138,1652,11,8,13,2025-05-31,Screening
7139,1176,16,2,10,2025-05-27,Applied
7140,330,4,15,5,2025-05-11,Screening
7141,116,29,2,6,2025-08-07,Screening
7142,1566,7,1,5,2025-09-18,Rejected
7143,323,12,5,10,2025-10-10,Screening
7144,563,6,3,20,2025-12-20,Screening
7145,1596,24,2,19,2025-09-05,Applied
7146,229,20,2,8,2025-08-07,Rejected
7147,1795,9,2,18,2025-06-21,Applied
7148,360,26,2,10,2025-11-26,Interview
7149,1029,8,2,12,2025-02-28,Hired
7150,28,14,1,2,2025-03-24,Screening
7151,1790,15,4,15,2025-08-18,Applied
7152,1388,21,5,16,2025-03-21,Rejected
7153,1486,30,1,10,2025-03-14,Screening
7154,1255,22,2,14,2025-05-19,Applied
7155,1419,5,2,13,2025-11-24,Rejected
7156,1992,15,5,15,2025-11-07,Screening
7157,869,6,2,15,2025-07-03,Screening
7158,1736,1,6,11,2025-07-17,Interview
7159,1868,20,4,9,2025-07-12,Applied
7160,1295,9,2,18,2025-08-16,Applied
7161,1875,4,4,13,2025-09-07,Offer
7162,1328,2,3,9,2025-08-24,Interview
7163,1407,6,5,11,2025-09-23,Applied
7164,1582,2,6,4,2025-02-04,Applied
7165,28,3,2,14,2025-11-18,Screening
7166,1543,7,1,16,2025-07-04,Applied
7167,744,20,9,3,2025-05-28,Interview
7168,1223,17,8,8,2025-04-20,Rejected
7169,1630,9,1,15,2025-04-25,Rejected
7170,1106,22,4,7,2025-02-11,Rejected
7171,1112,9,11,10,2025-03-07,Screening
7172,1414,19,2,9,2025-07-24,Interview
7173,1722,5,8,13,2025-07-03,Screening
7174,1779,25,2,6,2025-05-11,Hired
7175,580,6,8,1,2025-08-30,Applied
7176,1847,18,8,13,2025-10-12,Applied
7177,451,1,3,15,2025-11-25,Screening
7178,433,25,1,2,2025-10-25,Screening
7179,374,17,4,15,2025-09-12,Rejected
7180,435,14,2,13,2025-02-12,Screening
7181,1211,15,3,5,2025-03-21,Rejected
7182,1775,5,12,16,2025-06-14,Interview
7183,1414,17,11,5,2025-05-07,Offer
7184,218,21,14,8,2025-03-18,Interview
7185,1132,21,11,7,2025-02-26,Rejected
7186,1843,23,10,5,2025-11-28,Interview
7187,1574,23,1,12,2025-12-23,Rejected
7188,1931,11,8,8,2025-04-17,Applied
7189,948,10,1,15,2025-06-12,Offer
7190,349,17,10,10,2025-10-06,Applied
7191,788,25,1,20,2025-02-28,Screening
7192,1546,1,14,6,2025-10-27,Applied
7193,26,5,11,3,2025-11-26,Interview
7194,1072,16,14,19,2025-02-11,Applied
7195,859,7,10,16,2025-12-19,Interview
7196,370,12,4,18,2025-11-14,Screening
7197,1038,8,3,12,2025-04-22,Applied
7198,1636,18,1,17,2025-06-14,Applied
7199,1211,30,3,4,2025-10-25,Screening
7200,1548,1,4,8,2025-06-12,Applied
7201,884,20,1,4,2025-03-17,Interview
7202,1915,12,2,10,2025-09-17,Rejected
7203,279,4,3,18,2025-09-25,Screening
7204,341,26,8,15,2025-08-24,Interview
7205,1352,12,6,12,2025-11-17,Applied
7206,1703,22,11,1,2025-12-17,Screening
7207,1658,1,8,19,2025-11-26,Applied
7208,1929,30,8,18,2025-10-14,Applied
7209,607,1,1,9,2025-09-08,Screening
7210,1049,3,1,4,2025-02-26,Rejected
7211,529,21,1,17,2025-11-20,Applied
7212,426,12,12,3,2025-09-03,Interview
7213,29,22,5,16,2025-08-24,Hired
7214,956,21,3,3,2025-10-28,Applied
7215,323,13,8,3,2025-05-26,Rejected
7216,1877,29,3,11,2025-07-09,Hired
7217,313,13,1,18,2025-01-25,Applied
7218,584,21,2,7,2025-08-07,Applied
7219,1294,9,3,4,2025-12-04,Rejected
7220,762,18,4,3,2025-07-03,Applied
7221,295,28,3,17,2025-09-04,Applied
7222,656,28,1,3,2025-01-18,Applied
7223,786,1,2,7,2025-05-03,Screening
7224,223,6,10,15,2025-07-27,Applied
7225,75,25,8,18,2025-10-31,Hired
7226,102,23,4,13,2025-12-19,Rejected
7227,1556,24,7,8,2025-11-13,Rejected
7228,1653,5,10,8,2025-05-11,Applied
7229,1710,26,11,12,2025-07-04,Screening
7230,885,4,12,3,2025-10-04,Screening
7231,173,6,2,10,2025-09-12,Offer
7232,1028,3,3,20,2025-07-11,Rejected
7233,1876,17,4,20,2025-06-05,Rejected
7234,1503,11,4,6,2025-09-07,Offer
7235,1684,4,1,12,2025-10-15,Screening
7236,395,25,9,16,2025-12-09,Rejected
7237,1650,20,8,5,2025-04-07,Interview
7238,833,1,6,20,2025-03-06,Interview
7239,1004,30,15,7,2025-01-24,Rejected
7240,1938,4,5,8,2025-01-04,Interview
7241,167,23,8,2,2025-02-21,Rejected
7242,300,3,15,4,2025-07-01,Offer
7243,118,10,4,5,2025-10-23,Applied
7244,512,22,4,4,2025-07-22,Rejected
7245,612,30,2,6,2025-12-27,Applied
7246,1810,1,2,4,2025-04-26,Offer
7247,1199,27,2,15,2025-11-20,Screening
7248,159,4,14,10,2025-11-09,Hired
7249,1408,19,6,19,2025-09-17,Rejected
7250,1251,30,3,14,2025-03-29,Applied
7251,1959,1,15,7,2025-12-26,Interview
7252,1062,16,4,14,2025-07-04,Applied
7253,463,19,2,4,2025-10-31,Screening
7254,1455,20,4,18,2025-12-22,Rejected
7255,1734,21,1,13,2025-03-16,Rejected
7256,1672,22,8,4,2025-02-24,Rejected
7257,104,18,2,4,2025-10-26,Screening
7258,982,2,1,1,2025-05-25,Screening
7259,1217,6,2,8,2025-09-03,Rejected
7260,250,21,6,16,2025-01-08,Screening
7261,1037,1,1,9,2025-01-18,Interview
7262,567,19,2,2,2025-08-25,Screening
7263,1880,27,2,16,2025-09-16,Rejected
7264,597,5,1,9,2025-07-25,Interview
7265,621,29,5,7,2025-02-09,Rejected
7266,555,28,2,3,2025-10-31,Screening
7267,1412,28,6,10,2025-06-01,Rejected
7268,71,2,10,1,2025-02-19,Offer
7269,956,1,2,6,2025-11-20,Applied
7270,1804,16,8,17,2025-11-12,Applied
7271,1595,25,1,18,2025-02-03,Rejected
7272,973,21,10,13,2025-06-11,Screening
7273,438,2,12,15,2025-11-27,Screening
7274,1068,26,1,14,2025-02-04,Rejected
7275,1296,4,4,20,2025-07-17,Rejected
7276,1926,3,6,20,2025-10-28,Hired
7277,1038,23,2,11,2025-09-15,Offer
7278,1395,17,10,5,2025-03-24,Hired
7279,1136,15,8,20,2025-05-22,Rejected
7280,1403,10,7,5,2025-10-01,Offer
7281,314,12,3,8,2025-12-01,Rejected
7282,1439,12,6,12,2025-08-08,Applied
7283,1764,20,5,7,2025-07-14,Interview
7284,485,7,5,17,2025-07-10,Rejected
7285,169,27,8,7,2025-10-28,Screening
7286,888,10,3,18,2025-11-02,Offer
7287,803,29,11,9,2025-12-02,Applied
7288,246,5,10,6,2025-11-18,Applied
7289,266,20,1,17,2025-01-25,Screening
7290,849,20,2,16,2025-04-10,Screening
7291,243,11,5,4,2025-03-13,Interview
7292,1694,28,3,20,2025-06-02,Interview
7293,1324,30,4,7,2025-11-06,Applied
7294,1975,2,15,3,2025-12-27,Rejected
7295,1351,24,8,13,2025-12-03,Rejected
7296,530,16,1,6,2025-05-11,Screening
7297,1619,12,4,2,2025-04-21,Rejected
7298,847,16,3,8,2025-04-20,Rejected
7299,1767,4,3,8,2025-05-05,Interview
7300,1004,2,2,2,2025-03-21,Screening
7301,342,25,2,20,2025-02-22,Offer
7302,1789,30,3,8,2025-11-09,Rejected
7303,1703,30,1,4,2025-12-02,Offer
7304,1578,29,3,7,2025-12-26,Hired
7305,1273,28,5,18,2025-07-31,Offer
7306,760,10,10,13,2025-03-31,Applied
7307,1974,13,2,10,2025-01-07,Screening
7308,1404,23,1,9,2025-12-03,Applied
7309,798,19,7,18,2025-10-19,Interview
7310,532,15,13,20,2025-05-06,Interview
7311,1918,23,1,19,2025-06-19,Interview
7312,864,1,8,5,2025-09-14,Screening
7313,1405,28,7,17,2025-11-23,Applied
7314,42,17,11,2,2025-02-18,Applied
7315,1369,20,12,11,2025-03-15,Applied
7316,599,4,15,8,2025-09-23,Rejected
7317,1285,20,2,7,2025-11-27,Applied
7318,306,9,3,12,2025-05-29,Interview
7319,809,6,4,20,2025-12-23,Applied
7320,862,3,5,8,2025-07-28,Screening
7321,1264,22,8,6,2025-09-06,Applied
7322,679,2,1,10,2025-01-08,Screening
7323,1337,18,5,1,2025-12-10,Rejected
7324,731,23,5,12,2025-11-26,Rejected
7325,441,30,12,20,2025-02-06,Rejected
7326,933,19,4,4,2025-08-06,Rejected
7327,903,7,2,12,2025-07-30,Screening
7328,133,3,3,19,2025-05-08,Applied
7329,719,28,3,12,2025-03-08,Offer
7330,51,28,10,14,2025-09-13,Screening
7331,618,18,1,7,2025-12-17,Interview
7332,392,20,2,8,2025-02-21,Screening
7333,696,20,4,6,2025-12-03,Applied
7334,1737,19,2,20,2025-09-15,Applied
7335,523,9,10,1,2025-09-29,Rejected
7336,1790,16,11,14,2025-09-26,Offer
7337,508,6,2,11,2025-12-12,Applied
7338,1686,21,10,1,2025-08-07,Rejected
7339,354,29,12,2,2025-02-15,Screening
7340,867,12,11,16,2025-02-23,Hired
7341,973,28,10,7,2025-03-21,Interview
7342,1419,6,6,17,2025-03-14,Applied
7343,956,13,2,16,2025-10-10,Applied
7344,96,27,6,2,2025-04-02,Applied
7345,106,24,2,13,2025-09-16,Interview
7346,1679,5,14,18,2025-07-15,Screening
7347,678,29,10,12,2025-03-12,Applied
7348,513,13,7,6,2025-05-03,Rejected
7349,1582,20,11,8,2025-03-04,Rejected
7350,1266,7,1,7,2025-09-02,Applied
7351,856,12,10,1,2025-05-04,Rejected
7352,1963,30,12,17,2025-11-06,Screening
7353,1512,21,5,18,2025-04-25,Interview
7354,790,4,5,18,2025-11-27,Rejected
7355,515,30,3,19,2025-06-04,Rejected
7356,1678,5,7,2,2025-06-17,Rejected
7357,898,16,7,8,2025-07-24,Rejected
7358,1085,27,2,7,2025-08-21,Offer
7359,1440,4,8,10,2025-10-25,Rejected
7360,1008,8,1,9,2025-11-28,Rejected
7361,1318,16,5,7,2025-06-29,Hired
7362,737,8,14,3,2025-09-08,Interview
7363,302,17,11,18,2025-12-18,Applied
7364,1194,14,8,1,2025-08-31,Interview
7365,646,12,6,20,2025-10-10,Applied
7366,1065,3,5,9,2025-11-02,Rejected
7367,231,27,10,4,2025-02-15,Rejected
7368,1433,20,1,8,2025-05-24,Offer
7369,738,2,2,20,2025-05-19,Screening
7370,1675,30,2,17,2025-07-13,Interview
7371,1646,13,4,4,2025-05-25,Rejected
7372,997,21,2,15,2025-05-14,Offer
7373,297,11,11,7,2025-06-15,Applied
7374,455,24,1,5,2025-08-10,Interview
7375,1081,12,1,1,2025-09-17,Rejected
7376,942,18,5,13,2025-04-25,Rejected
7377,1659,30,2,18,2025-08-27,Applied
7378,240,9,6,12,2025-12-07,Rejected
7379,1622,29,1,18,2025-10-03,Offer
7380,1200,7,3,2,2025-07-17,Screening
7381,1087,6,12,14,2025-03-20,Applied
7382,551,24,6,8,2025-01-17,Rejected
7383,138,14,8,16,2025-07-18,Applied
7384,454,18,11,2,2025-11-26,Rejected
7385,1777,14,4,17,2025-10-24,Applied
7386,1473,5,11,13,2025-11-15,Applied
7387,1250,20,4,7,2025-01-07,Interview
7388,443,24,1,8,2025-01-30,Screening
7389,1230,13,7,12,2025-01-07,Rejected
7390,1700,1,13,6,2025-05-27,Rejected
7391,27,12,1,9,2025-07-17,Screening
7392,457,19,5,10,2025-02-19,Rejected
7393,695,10,4,19,2025-12-26,Screening
7394,710,24,1,5,2025-08-21,Screening
7395,849,5,13,17,2025-04-23,Screening
7396,949,20,1,1,2025-09-24,Rejected
7397,107,6,5,10,2025-09-11,Applied
7398,444,12,8,5,2025-01-20,Interview
7399,1725,21,8,15,2025-07-17,Rejected
7400,36,3,1,13,2025-07-27,Rejected
7401,597,29,13,5,2025-01-08,Rejected
7402,155,27,1,19,2025-11-24,Offer
7403,1193,14,1,10,2025-08-05,Rejected
7404,796,21,10,16,2025-10-31,Interview
7405,272,4,13,2,2025-05-03,Applied
7406,1571,17,4,9,2025-10-06,Offer
7407,1444,17,4,17,2025-12-04,Interview
7408,1208,14,4,11,2025-08-04,Rejected
7409,1635,15,6,11,2025-05-14,Rejected
7410,1261,7,7,4,2025-04-06,Offer
7411,1939,4,4,18,2025-02-07,Interview
7412,1533,17,3,6,2025-03-22,Offer
7413,1465,6,8,18,2025-02-12,Offer
7414,981,11,2,9,2025-08-12,Offer
7415,122,12,14,4,2025-05-21,Interview
7416,1441,15,8,1,2025-06-27,Rejected
7417,1559,27,1,10,2025-08-23,Rejected
7418,1399,12,3,9,2025-07-29,Interview
7419,1599,11,2,5,2025-12-28,Applied
7420,1350,27,3,2,2025-05-30,Screening
7421,1504,17,2,4,2025-02-12,Interview
7422,150,8,2,18,2025-08-20,Screening
7423,707,12,5,10,2025-03-05,Interview
7424,995,29,1,1,2025-08-21,Applied
7425,1616,9,5,14,2025-10-13,Offer
7426,1514,11,2,18,2025-01-31,Offer
7427,1851,3,3,7,2025-07-13,Screening
7428,153,7,2,8,2025-03-15,Rejected
7429,1041,29,8,15,2025-04-01,Rejected
7430,551,21,12,17,2025-10-04,Applied
7431,845,3,2,5,2025-12-20,Applied
7432,1372,21,1,8,2025-12-31,Interview
7433,1483,16,6,10,2025-06-19,Rejected
7434,1226,10,10,3,2025-12-17,Applied
7435,1447,23,3,11,2025-10-24,Screening
7436,280,7,7,2,2025-09-21,Rejected
7437,422,25,14,12,2025-01-09,Screening
7438,1624,24,5,11,2025-12-21,Screening
7439,993,20,9,13,2025-12-20,Rejected
7440,1489,15,12,9,2025-09-07,Screening
7441,1977,21,1,20,2025-11-16,Rejected
7442,1836,21,6,12,2025-01-04,Applied
7443,804,10,2,8,2025-05-25,Rejected
7444,355,12,2,14,2025-01-08,Applied
7445,1606,18,5,5,2025-12-13,Applied
7446,378,28,7,1,2025-12-08,Applied
7447,1148,23,1,11,2025-08-15,Interview
7448,80,23,8,20,2025-02-10,Rejected
7449,1581,9,2,5,2025-04-17,Screening
7450,988,29,7,5,2025-08-03,Screening
7451,233,9,14,6,2025-08-27,Rejected
7452,1504,4,13,16,2025-10-21,Screening
7453,154,5,10,3,2025-03-11,Rejected
7454,907,7,2,8,2025-10-07,Applied
7455,1716,26,1,14,2025-02-23,Offer
7456,1433,7,2,7,2025-04-20,Interview
7457,1055,11,3,1,2025-02-09,Applied
7458,1621,10,6,7,2025-07-23,Screening
7459,1581,11,5,17,2025-10-13,Rejected
7460,1527,24,2,6,2025-03-08,Offer
7461,371,24,14,14,2025-08-26,Offer
7462,323,18,1,14,2025-11-05,Screening
7463,332,12,10,5,2025-04-20,Offer
7464,243,25,3,7,2025-08-29,Rejected
7465,1576,16,15,14,2025-05-07,Screening
7466,430,27,5,3,2025-09-16,Rejected
7467,1206,4,6,3,2025-05-03,Screening
7468,809,17,6,20,2025-10-14,Screening
7469,1497,17,2,19,2025-12-30,Rejected
7470,376,21,8,5,2025-12-03,Applied
7471,81,23,1,9,2025-04-10,Screening
7472,1574,5,13,16,2025-11-11,Applied
7473,1892,13,3,19,2025-05-10,Applied
7474,420,3,3,9,2025-12-05,Hired
7475,467,27,2,16,2025-05-31,Hired
7476,1452,23,2,13,2025-09-25,Rejected
7477,1081,17,6,3,2025-07-29,Rejected
7478,1346,11,10,5,2025-01-29,Applied
7479,1566,1,8,2,2025-03-26,Screening
7480,1519,28,2,6,2025-09-27,Screening
7481,1290,18,12,18,2025-05-13,Interview
7482,1251,17,1,3,2025-09-24,Screening
7483,829,9,5,4,2025-09-06,Rejected
7484,1983,20,9,4,2025-02-06,Screening
7485,804,7,7,6,2025-08-07,Rejected
7486,1078,5,2,18,2025-03-06,Applied
7487,1633,30,2,12,2025-08-26,Offer
7488,1985,16,5,13,2025-01-01,Screening
7489,978,7,10,2,2025-10-03,Applied
7490,4,13,7,13,2025-01-06,Offer
7491,1463,13,5,10,2025-03-11,Applied
7492,1334,15,1,19,2025-11-27,Rejected
7493,1903,23,3,8,2025-03-15,Applied
7494,603,17,2,5,2025-07-31,Interview
7495,1113,17,5,11,2025-12-15,Screening
7496,320,27,1,14,2025-04-25,Applied
7497,1399,19,10,12,2025-08-14,Offer
7498,1628,10,8,19,2025-05-17,Interview
7499,501,2,1,17,2025-11-04,Rejected
7500,1686,14,13,19,2025-11-26,Offer
7501,1258,23,2,17,2025-04-04,Offer
7502,1945,3,1,11,2025-06-14,Applied
7503,1361,7,15,20,2025-10-31,Rejected
7504,571,25,7,16,2025-07-21,Rejected
7505,185,28,2,9,2025-05-31,Applied
7506,1462,11,8,18,2025-11-06,Rejected
7507,556,17,4,15,2025-08-18,Rejected
7508,1204,15,2,11,2025-07-20,Interview
7509,1100,19,14,15,2025-02-14,Screening
7510,1680,29,8,15,2025-08-19,Screening
7511,1637,11,4,2,2025-12-25,Rejected
7512,893,15,1,14,2025-10-08,Offer
7513,1296,15,8,19,2025-06-09,Offer
7514,55,6,9,3,2025-10-30,Rejected
7515,1725,15,7,7,2025-02-10,Screening
7516,863,29,2,19,2025-04-25,Applied
7517,1871,9,7,12,2025-11-23,Applied
7518,77,5,6,16,2025-07-01,Applied
7519,296,19,2,6,2025-03-31,Screening
7520,1243,24,13,7,2025-08-18,Rejected
7521,1301,29,8,18,2025-08-07,Screening
7522,1602,30,11,11,2025-12-18,Screening
7523,1672,28,7,17,2025-07-21,Applied
7524,746,5,13,17,2025-06-26,Applied
7525,1735,22,2,16,2025-05-19,Interview
7526,1290,13,2,4,2025-09-08,Interview
7527,1977,18,2,1,2025-04-04,Offer
7528,900,20,11,13,2025-08-07,Applied
7529,43,17,1,5,2025-01-10,Hired
7530,1385,15,4,3,2025-04-13,Offer
7531,1252,14,7,18,2025-07-02,Interview
7532,227,29,2,16,2025-01-21,Screening
7533,1087,16,2,15,2025-02-13,Screening
7534,171,4,3,16,2025-04-11,Rejected
7535,963,17,11,16,2025-05-04,Screening
7536,762,20,4,11,2025-09-03,Applied
7537,850,14,7,3,2025-06-05,Rejected
7538,1786,18,13,3,2025-12-17,Rejected
7539,307,6,2,12,2025-12-22,Applied
7540,1774,22,2,2,2025-06-23,Rejected
7541,568,8,1,20,2025-04-09,Applied
7542,1707,9,2,6,2025-10-31,Rejected
7543,1944,24,8,10,2025-02-01,Interview
7544,992,1,7,18,2025-08-15,Interview
7545,34,13,3,20,2025-11-05,Applied
7546,827,3,7,16,2025-08-17,Rejected
7547,1666,6,2,14,2025-07-09,Rejected
7548,130,17,2,13,2025-11-21,Rejected
7549,1418,8,4,8,2025-06-05,Rejected
7550,1175,30,2,7,2025-01-04,Interview
7551,655,6,1,3,2025-04-02,Screening
7552,630,16,11,15,2025-03-04,Interview
7553,1740,1,14,4,2025-11-17,Interview
7554,1408,10,4,1,2025-02-05,Rejected
7555,1771,18,6,14,2025-10-30,Rejected
7556,1041,22,4,7,2025-03-20,Hired
7557,594,26,3,4,2025-11-29,Rejected
7558,1038,14,1,14,2025-11-02,Applied
7559,81,24,3,6,2025-08-25,Applied
7560,1231,5,6,11,2025-11-14,Interview
7561,204,17,10,16,2025-11-03,Rejected
7562,1403,14,7,3,2025-06-21,Hired
7563,1808,26,2,2,2025-11-24,Rejected
7564,1568,18,1,10,2025-01-29,Offer
7565,23,4,10,19,2025-11-11,Rejected
7566,614,20,5,1,2025-06-09,Rejected
7567,1186,23,5,18,2025-12-16,Screening
7568,1634,2,1,6,2025-04-04,Rejected
7569,144,7,4,20,2025-03-02,Screening
7570,1954,7,4,20,2025-02-15,Applied
7571,104,7,2,17,2025-10-05,Rejected
7572,1406,13,4,18,2025-12-11,Screening
7573,1479,19,1,13,2025-09-23,Interview
7574,1441,22,7,18,2025-04-28,Rejected
7575,324,28,2,11,2025-01-23,Rejected
7576,1195,6,3,14,2025-12-18,Rejected
7577,576,20,13,6,2025-12-26,Rejected
7578,1780,17,1,11,2025-02-24,Rejected
7579,1607,25,4,17,2025-06-16,Interview
7580,274,18,4,14,2025-07-04,Hired
7581,452,25,2,5,2025-09-30,Rejected
7582,881,24,4,7,2025-08-15,Rejected
7583,125,1,1,17,2025-01-11,Hired
7584,1407,27,3,18,2025-11-04,Rejected
7585,317,23,13,19,2025-01-01,Rejected
7586,1867,13,5,9,2025-10-25,Interview
7587,107,26,2,14,2025-05-28,Rejected
7588,1684,19,10,2,2025-04-08,Screening
7589,907,16,3,14,2025-04-23,Rejected
7590,1487,10,15,19,2025-09-03,Rejected
7591,430,13,1,3,2025-06-25,Applied
7592,704,10,2,7,2025-03-09,Screening
7593,1361,30,6,17,2025-07-03,Applied
7594,1762,30,1,11,2025-12-01,Offer
7595,1778,14,7,14,2025-01-07,Rejected
7596,1520,9,1,6,2025-06-19,Screening
7597,972,21,7,16,2025-02-25,Applied
7598,362,11,5,3,2025-03-13,Screening
7599,796,3,5,13,2025-11-30,Hired
7600,432,8,10,18,2025-08-19,Screening
7601,675,12,1,11,2025-01-07,Applied
7602,1544,3,1,13,2025-03-18,Rejected
7603,859,7,1,5,2025-08-12,Rejected
7604,1430,14,10,11,2025-04-09,Rejected
7605,1014,7,2,16,2025-12-05,Rejected
7606,1401,7,15,17,2025-09-11,Rejected
7607,1176,14,10,2,2025-01-19,Applied
7608,1346,12,13,18,2025-12-01,Applied
7609,1631,1,7,5,2025-07-08,Rejected
7610,1238,27,2,1,2025-08-10,Screening
7611,576,5,8,7,2025-05-30,Interview
7612,1089,28,9,18,2025-03-22,Rejected
7613,893,11,4,9,2025-10-13,Applied
7614,270,1,11,7,2025-06-02,Applied
7615,1561,23,2,13,2025-08-02,Rejected
7616,1124,13,2,3,2025-09-01,Rejected
7617,1129,29,5,15,2025-09-07,Rejected
7618,1155,24,5,19,2025-10-11,Rejected
7619,1413,23,5,1,2025-01-08,Rejected
7620,1345,17,2,7,2025-01-19,Interview
7621,438,3,2,10,2025-04-26,Applied
7622,1043,10,8,10,2025-06-10,Screening
7623,225,19,5,19,2025-04-24,Rejected
7624,1642,7,5,2,2025-09-22,Applied
7625,1590,20,13,18,2025-03-06,Applied
7626,990,28,5,11,2025-09-07,Applied
7627,460,3,6,4,2025-12-06,Screening
7628,394,22,6,20,2025-10-27,Interview
7629,1250,12,2,12,2025-06-11,Screening
7630,912,26,2,8,2025-10-21,Rejected
7631,1384,22,9,4,2025-04-14,Screening
7632,1454,10,2,8,2025-01-16,Rejected
7633,1949,21,11,19,2025-07-24,Screening
7634,15,12,11,8,2025-05-18,Screening
7635,560,15,4,1,2025-10-17,Interview
7636,1675,6,11,4,2025-10-02,Rejected
7637,1004,19,4,11,2025-08-04,Rejected
7638,1570,30,13,2,2025-10-28,Applied
7639,1956,29,5,4,2025-03-19,Interview
7640,414,26,2,7,2025-07-31,Rejected
7641,1379,5,3,7,2025-01-01,Screening
7642,1481,25,9,9,2025-04-18,Rejected
7643,1746,20,15,13,2025-04-29,Screening
7644,1555,27,1,2,2025-05-06,Offer
7645,999,2,2,12,2025-01-06,Rejected
7646,1220,21,14,16,2025-02-10,Hired
7647,1862,19,1,8,2025-12-17,Interview
7648,115,28,2,13,2025-12-26,Interview
7649,1441,19,11,7,2025-02-09,Offer
7650,1376,4,1,16,2025-06-28,Offer
7651,976,28,1,20,2025-02-13,Applied
7652,1099,20,2,9,2025-01-22,Rejected
7653,1686,5,13,18,2025-11-08,Applied
7654,36,7,9,7,2025-04-19,Screening
7655,242,4,8,4,2025-04-19,Screening
7656,1687,11,14,2,2025-04-03,Screening
7657,63,23,2,12,2025-12-22,Rejected
7658,666,25,2,12,2025-07-09,Screening
7659,509,3,4,15,2025-03-03,Applied
7660,188,5,3,1,2025-12-06,Screening
7661,735,20,13,9,2025-08-21,Rejected
7662,93,15,8,12,2025-07-05,Rejected
7663,5,25,2,2,2025-05-21,Applied
7664,1462,21,4,16,2025-10-31,Rejected
7665,1190,26,6,13,2025-01-23,Rejected
7666,1470,18,3,5,2025-09-29,Applied
7667,25,16,2,15,2025-06-12,Rejected
7668,508,16,1,10,2025-10-19,Screening
7669,98,10,13,15,2025-09-14,Screening
7670,1292,1,7,3,2025-09-12,Screening
7671,662,23,2,14,2025-04-25,Hired
7672,1417,11,1,15,2025-04-09,Applied
7673,1788,17,4,1,2025-06-01,Screening
7674,1620,24,13,10,2025-09-27,Rejected
7675,1309,15,13,19,2025-02-17,Screening
7676,684,25,2,5,2025-01-09,Offer
7677,1757,7,8,15,2025-07-18,Rejected
7678,1133,25,2,8,2025-09-10,Screening
7679,27,26,2,7,2025-08-17,Rejected
7680,1782,6,2,5,2025-01-02,Rejected
7681,55,15,10,12,2025-04-13,Screening
7682,1157,15,4,5,2025-02-23,Screening
7683,1076,7,7,12,2025-10-07,Screening
7684,1517,3,5,12,2025-07-25,Offer
7685,1789,14,1,19,2025-06-27,Applied
7686,781,30,4,4,2025-04-27,Interview
7687,298,9,2,4,2025-09-12,Screening
7688,1423,3,1,17,2025-01-19,Offer
7689,1615,6,2,9,2025-06-04,Offer
7690,1042,20,1,5,2025-02-12,Screening
7691,818,9,2,19,2025-07-18,Offer
7692,1794,1,11,4,2025-03-29,Applied
7693,855,9,2,8,2025-06-26,Screening
7694,1643,12,8,5,2025-06-25,Interview
7695,1933,4,3,5,2025-10-24,Rejected
7696,1988,26,9,17,2025-01-18,Screening
7697,559,16,3,5,2025-05-16,Rejected
7698,1270,5,4,6,2025-11-13,Rejected
7699,503,27,4,6,2025-09-20,Screening
7700,1113,29,1,18,2025-09-15,Interview
7701,203,17,2,8,2025-04-16,Rejected
7702,946,30,2,4,2025-10-24,Interview
7703,240,17,15,5,2025-12-02,Screening
7704,490,6,8,2,2025-08-15,Applied
7705,1804,26,5,5,2025-02-21,Screening
7706,1037,29,2,15,2025-07-05,Offer
7707,649,15,1,20,2025-12-03,Rejected
7708,1339,1,3,5,2025-12-10,Interview
7709,685,13,4,11,2025-11-12,Applied
7710,1766,16,8,6,2025-06-24,Interview
7711,1222,2,2,19,2025-04-22,Interview
7712,243,29,13,16,2025-03-28,Screening
7713,507,30,2,12,2025-01-07,Rejected
7714,1067,19,3,6,2025-12-13,Screening
7715,1354,23,2,13,2025-11-18,Screening
7716,1815,2,1,16,2025-05-27,Offer
7717,1615,21,2,16,2025-08-03,Rejected
7718,1453,25,5,12,2025-03-19,Hired
7719,1815,12,1,9,2025-01-31,Rejected
7720,1768,12,1,17,2025-12-15,Applied
7721,613,26,8,9,2025-01-13,Applied
7722,162,8,1,9,2025-12-30,Rejected
7723,656,12,1,4,2025-10-09,Screening
7724,959,24,2,11,2025-07-31,Applied
7725,621,11,4,10,2025-06-11,Interview
7726,1459,2,2,18,2025-11-09,Rejected
7727,1257,1,3,18,2025-05-03,Screening
7728,111,25,1,16,2025-05-10,Rejected
7729,1952,26,6,18,2025-11-01,Hired
7730,934,28,8,15,2025-11-17,Applied
7731,1256,4,4,9,2025-07-11,Interview
7732,1976,9,6,12,2025-01-15,Interview
7733,750,27,1,20,2025-06-29,Applied
7734,709,30,13,6,2025-07-09,Applied
7735,273,28,13,5,2025-07-24,Rejected
7736,1622,27,2,4,2025-05-19,Screening
7737,807,7,11,6,2025-07-03,Applied
7738,41,28,6,9,2025-07-17,Applied
7739,560,22,8,5,2025-03-28,Rejected
7740,466,26,13,3,2025-07-14,Offer
7741,1948,29,2,17,2025-02-10,Applied
7742,1101,25,5,9,2025-08-20,Interview
7743,1714,10,2,2,2025-01-10,Screening
7744,490,20,5,9,2025-07-26,Rejected
7745,1793,14,8,12,2025-01-30,Applied
7746,117,1,4,10,2025-11-13,Screening
7747,434,5,4,19,2025-05-25,Interview
7748,1043,13,2,13,2025-03-31,Applied
7749,994,6,2,2,2025-10-01,Interview
7750,1595,22,5,4,2025-04-14,Applied
7751,196,28,3,5,2025-06-22,Rejected
7752,619,17,6,4,2025-05-29,Screening
7753,1475,15,1,10,2025-02-27,Screening
7754,425,7,11,1,2025-04-23,Offer
7755,1418,8,3,15,2025-04-08,Applied
7756,1308,28,6,17,2025-10-06,Hired
7757,34,21,15,15,2025-08-04,Rejected
7758,295,2,12,7,2025-12-15,Rejected
7759,1007,18,5,10,2025-01-15,Rejected
7760,1275,27,1,19,2025-05-26,Applied
7761,1662,21,4,20,2025-01-10,Applied
7762,339,23,4,7,2025-03-22,Applied
7763,618,7,1,18,2025-10-27,Interview
7764,1464,29,2,16,2025-03-15,Screening
7765,180,20,4,9,2025-09-14,Offer
7766,622,27,4,10,2025-04-18,Applied
7767,1252,16,1,10,2025-04-06,Interview
7768,1657,30,2,11,2025-10-31,Rejected
7769,619,19,1,15,2025-06-06,Screening
7770,643,9,3,16,2025-10-11,Rejected
7771,23,12,7,5,2025-04-10,Applied
7772,1681,14,11,19,2025-08-01,Rejected
7773,1351,30,10,20,2025-10-18,Screening
7774,1178,7,8,6,2025-06-15,Rejected
7775,619,2,8,5,2025-09-10,Offer
7776,1170,17,6,19,2025-09-30,Rejected
7777,252,11,1,13,2025-01-09,Interview
7778,302,18,4,10,2025-04-30,Screening
7779,1094,29,14,19,2025-08-05,Applied
7780,1567,12,4,12,2025-05-29,Screening
7781,1117,3,6,1,2025-06-23,Offer
7782,1673,21,13,18,2025-06-22,Rejected
7783,1910,14,8,10,2025-08-03,Offer
7784,163,15,11,5,2025-05-28,Hired
7785,1105,19,1,2,2025-08-31,Rejected
7786,1852,10,13,12,2025-05-31,Offer
7787,1612,9,7,11,2025-08-25,Applied
7788,1087,10,6,2,2025-09-07,Applied
7789,612,20,2,13,2025-03-01,Rejected
7790,1460,23,6,3,2025-04-25,Rejected
7791,1072,4,2,14,2025-11-06,Interview
7792,445,19,8,3,2025-03-29,Screening
7793,1944,10,1,13,2025-11-20,Interview
7794,74,17,2,1,2025-11-08,Rejected
7795,826,30,7,3,2025-12-27,Offer
7796,1728,12,3,9,2025-01-22,Screening
7797,542,25,3,3,2025-02-23,Applied
7798,157,29,5,5,2025-03-24,Rejected
7799,1511,27,2,10,2025-04-22,Hired
7800,1290,1,12,20,2025-12-28,Applied
7801,256,11,15,19,2025-07-24,Rejected
7802,1063,13,7,13,2025-12-01,Screening
7803,1079,1,2,11,2025-03-25,Applied
7804,1052,1,1,8,2025-02-19,Rejected
7805,1938,30,8,3,2025-05-26,Hired
7806,937,21,10,9,2025-01-23,Applied
7807,118,16,14,4,2025-11-19,Applied
7808,370,7,2,7,2025-10-25,Interview
7809,209,23,8,1,2025-03-28,Applied
7810,587,10,2,7,2025-07-01,Rejected
7811,1601,16,5,10,2025-01-24,Applied
7812,849,1,3,20,2025-05-29,Interview
7813,1892,22,8,11,2025-08-30,Applied
7814,1636,9,1,5,2025-09-05,Rejected
7815,1582,6,3,7,2025-04-29,Hired
7816,316,15,12,18,2025-01-01,Rejected
7817,1417,4,3,14,2025-07-13,Rejected
7818,1965,15,6,3,2025-09-29,Screening
7819,444,10,10,19,2025-04-08,Screening
7820,1692,25,7,12,2025-05-28,Applied
7821,1776,16,1,11,2025-08-26,Interview
7822,1889,13,14,14,2025-03-29,Screening
7823,1283,19,15,3,2025-06-18,Screening
7824,1971,29,3,13,2025-02-26,Interview
7825,1672,26,8,17,2025-03-30,Rejected
7826,1906,20,8,2,2025-05-23,Applied
7827,1222,4,3,13,2025-10-19,Applied
7828,1723,20,1,7,2025-09-04,Screening
7829,628,22,3,8,2025-01-26,Applied
7830,445,29,2,15,2025-12-27,Rejected
7831,570,16,6,4,2025-06-08,Hired
7832,582,11,2,14,2025-05-23,Applied
7833,605,15,14,16,2025-03-06,Applied
7834,741,11,3,19,2025-12-09,Applied
7835,908,23,7,17,2025-01-29,Rejected
7836,649,30,14,18,2025-02-23,Interview
7837,1641,25,8,15,2025-11-21,Screening
7838,305,30,10,14,2025-11-05,Rejected
7839,339,11,1,11,2025-12-25,Rejected
7840,529,3,5,14,2025-11-19,Interview
7841,54,24,2,19,2025-02-16,Interview
7842,1136,24,2,15,2025-05-20,Offer
7843,684,17,5,8,2025-05-22,Applied
7844,1952,5,3,4,2025-11-29,Hired
7845,419,13,12,19,2025-09-29,Interview
7846,1998,10,7,5,2025-08-12,Rejected
7847,305,5,9,1,2025-12-07,Applied
7848,1462,12,9,17,2025-08-23,Rejected
7849,1680,8,4,10,2025-04-02,Rejected
7850,85,24,7,2,2025-05-01,Applied
7851,1548,12,1,15,2025-10-11,Applied
7852,252,16,4,20,2025-08-11,Rejected
7853,1752,2,7,12,2025-11-29,Applied
7854,126,3,2,19,2025-07-23,Screening
7855,610,18,2,1,2025-09-02,Screening
7856,1928,17,4,10,2025-02-19,Offer
7857,1429,2,6,4,2025-12-08,Interview
7858,304,26,5,19,2025-12-20,Rejected
7859,1928,22,4,20,2025-10-05,Applied
7860,1052,12,4,15,2025-08-18,Applied
7861,848,17,4,19,2025-06-20,Interview
7862,1290,6,1,16,2025-11-28,Interview
7863,1076,17,5,10,2025-05-08,Rejected
7864,655,2,8,15,2025-03-01,Interview
7865,644,8,12,14,2025-03-13,Rejected
7866,858,14,9,7,2025-04-22,Screening
7867,511,6,10,19,2025-04-23,Hired
7868,207,9,7,17,2025-04-29,Rejected
7869,574,1,5,1,2025-06-13,Screening
7870,875,5,2,7,2025-08-20,Interview
7871,511,7,4,2,2025-11-20,Interview
7872,1668,9,1,1,2025-02-06,Screening
7873,1577,14,3,4,2025-04-13,Interview
7874,201,27,6,17,2025-05-17,Rejected
7875,1635,9,3,9,2025-12-28,Screening
7876,823,4,8,13,2025-06-05,Rejected
7877,1308,29,3,1,2025-02-28,Rejected
7878,1381,20,2,4,2025-11-05,Screening
7879,1071,15,10,2,2025-08-01,Rejected
7880,1020,4,10,20,2025-03-02,Screening
7881,137,3,1,17,2025-09-17,Rejected
7882,130,24,1,2,2025-06-15,Rejected
7883,1219,21,2,2,2025-01-27,Screening
7884,1018,23,15,19,2025-03-30,Screening
7885,1653,26,3,19,2025-07-17,Offer
7886,1388,22,4,5,2025-03-19,Offer
7887,432,14,7,6,2025-01-02,Rejected
7888,1093,9,4,6,2025-05-04,Screening
7889,1482,30,4,10,2025-10-19,Rejected
7890,540,19,11,17,2025-01-24,Rejected
7891,335,6,2,5,2025-10-16,Rejected
7892,526,3,2,1,2025-08-04,Screening
7893,558,18,1,6,2025-11-02,Hired
7894,909,16,2,2,2025-07-19,Offer
7895,1040,3,7,18,2025-07-08,Screening
7896,1960,2,6,15,2025-07-30,Screening
7897,1480,2,12,8,2025-07-21,Hired
7898,510,26,5,14,2025-11-17,Hired
7899,209,27,1,11,2025-06-16,Hired
7900,1182,23,1,7,2025-02-21,Screening
7901,1361,10,4,5,2025-05-20,Rejected
7902,1763,15,7,4,2025-12-13,Screening
7903,1985,3,1,3,2025-10-04,Interview
7904,1265,8,2,2,2025-07-07,Applied
7905,58,29,4,8,2025-06-06,Offer
7906,816,18,10,19,2025-11-02,Applied
7907,1329,27,7,15,2025-02-18,Rejected
7908,1369,11,4,7,2025-11-12,Screening
7909,1666,7,6,7,2025-04-29,Rejected
7910,1753,19,5,1,2025-08-23,Interview
7911,1038,25,5,4,2025-04-05,Rejected
7912,1383,7,8,11,2025-06-25,Applied
7913,377,25,13,1,2025-07-12,Interview
7914,243,2,2,3,2025-01-06,Interview
7915,993,6,5,12,2025-12-05,Applied
7916,1169,5,9,9,2025-11-17,Screening
7917,891,14,3,16,2025-03-23,Applied
7918,415,18,3,3,2025-12-21,Applied
7919,394,4,6,3,2025-05-07,Offer
7920,1862,4,2,2,2025-05-08,Interview
7921,1639,24,7,12,2025-08-28,Interview
7922,729,13,2,1,2025-03-05,Applied
7923,358,23,2,19,2025-11-21,Rejected
7924,1957,29,8,14,2025-04-02,Interview
7925,1600,21,6,17,2025-02-03,Offer
7926,1182,25,10,6,2025-12-01,Screening
7927,674,1,4,7,2025-01-21,Screening
7928,18,20,6,9,2025-07-27,Rejected
7929,728,5,12,18,2025-05-18,Interview
7930,1855,24,5,13,2025-07-04,Applied
7931,561,3,4,6,2025-07-09,Offer
7932,1592,30,1,19,2025-09-17,Rejected
7933,1371,28,4,4,2025-09-11,Hired
7934,1082,21,11,9,2025-08-15,Interview
7935,155,19,7,13,2025-10-02,Rejected
7936,1591,13,1,2,2025-10-06,Offer
7937,1511,7,1,8,2025-02-12,Rejected
7938,1877,10,1,4,2025-04-09,Screening
7939,1555,3,4,17,2025-10-23,Screening
7940,487,23,12,11,2025-12-23,Applied
7941,151,30,4,4,2025-11-06,Screening
7942,1383,2,1,13,2025-05-21,Applied
7943,368,7,5,1,2025-08-19,Rejected
7944,1644,9,14,17,2025-02-17,Screening
7945,1071,28,2,3,2025-06-22,Screening
7946,207,21,2,16,2025-02-02,Rejected
7947,1899,12,11,5,2025-05-09,Rejected
7948,450,22,11,13,2025-03-16,Rejected
7949,1507,29,12,15,2025-04-06,Screening
7950,1971,10,3,16,2025-03-13,Applied
7951,1876,27,4,3,2025-06-04,Rejected
7952,924,19,5,5,2025-07-28,Rejected
7953,1664,13,1,16,2025-09-10,Applied
7954,697,10,1,1,2025-12-18,Rejected
7955,570,5,10,14,2025-12-11,Offer
7956,143,29,7,13,2025-10-13,Hired
7957,1424,15,1,10,2025-03-30,Applied
7958,1121,21,3,3,2025-11-01,Rejected
7959,1071,3,1,19,2025-01-19,Applied
7960,191,8,12,10,2025-07-07,Offer
7961,140,6,1,7,2025-06-07,Rejected
7962,615,29,1,6,2025-04-28,Screening
7963,1255,19,5,19,2025-05-12,Rejected
7964,1963,17,11,18,2025-09-15,Rejected
7965,1364,10,4,16,2025-12-26,Rejected
7966,925,1,1,15,2025-06-10,Screening
7967,1515,13,6,2,2025-02-21,Screening
7968,1073,27,1,5,2025-07-28,Screening
7969,1923,10,2,6,2025-05-06,Rejected
7970,624,12,9,15,2025-07-07,Rejected
7971,1477,2,5,18,2025-07-01,Screening
7972,1340,10,2,6,2025-09-08,Screening
7973,1346,21,3,10,2025-05-14,Applied
7974,87,23,8,9,2025-01-22,Interview
7975,1918,1,2,13,2025-06-19,Rejected
7976,1498,1,12,3,2025-02-11,Rejected
7977,282,20,8,4,2025-12-05,Applied
7978,1863,29,1,11,2025-05-07,Rejected
7979,764,26,3,3,2025-05-01,Interview
7980,1098,15,9,20,2025-08-23,Screening
7981,453,22,10,14,2025-08-24,Applied
7982,47,25,7,2,2025-06-25,Applied
7983,1612,1,3,9,2025-12-26,Interview
7984,1120,27,6,17,2025-09-24,Screening
7985,938,26,2,3,2025-06-03,Rejected
7986,31,21,1,2,2025-12-17,Applied
7987,534,9,10,7,2025-12-26,Hired
7988,17,24,2,14,2025-06-10,Offer
7989,1236,7,14,9,2025-03-07,Rejected
7990,1684,16,8,13,2025-07-18,Rejected
7991,1259,16,9,6,2025-12-26,Screening
7992,392,13,6,19,2025-11-14,Applied
7993,1007,10,2,1,2025-03-24,Offer
7994,354,18,13,15,2025-03-10,Screening
7995,305,9,5,10,2025-12-07,Rejected
7996,1623,12,9,13,2025-04-01,Interview
7997,1574,29,5,4,2025-01-02,Interview
7998,1589,24,14,3,2025-02-15,Hired
7999,1564,13,1,4,2025-04-29,Interview
8000,1613,11,2,1,2025-10-18,Interview
8001,1949,15,7,3,2025-05-26,Applied
8002,509,10,15,18,2025-01-10,Screening
8003,712,10,1,2,2025-01-12,Rejected
8004,1419,9,8,2,2025-09-30,Interview
8005,1455,25,11,1,2025-01-27,Rejected
8006,685,25,2,8,2025-04-05,Applied
8007,786,3,8,10,2025-11-04,Screening
8008,1586,23,8,17,2025-07-11,Interview
8009,857,16,5,16,2025-04-20,Interview
8010,177,12,10,1,2025-12-03,Interview
8011,1430,17,2,6,2025-09-30,Screening
8012,301,25,2,1,2025-05-07,Rejected
8013,445,30,2,11,2025-09-23,Rejected
8014,1763,15,3,11,2025-05-11,Offer
8015,1151,25,10,16,2025-04-23,Screening
8016,1373,3,5,2,2025-12-03,Offer
8017,21,5,2,5,2025-09-01,Interview
8018,1016,28,5,8,2025-09-28,Rejected
8019,711,13,7,7,2025-09-11,Offer
8020,701,24,5,8,2025-04-01,Applied
8021,1868,6,12,3,2025-06-24,Applied
8022,1444,26,8,18,2025-03-17,Interview
8023,152,26,7,19,2025-01-23,Applied
8024,1184,9,2,17,2025-06-15,Screening
8025,859,30,2,2,2025-08-31,Rejected
8026,1504,29,7,13,2025-12-21,Screening
8027,1467,19,11,13,2025-09-04,Offer
8028,96,28,10,3,2025-02-07,Rejected
8029,1376,7,8,7,2025-05-01,Applied
8030,1099,13,15,17,2025-08-24,Rejected
8031,878,22,13,16,2025-10-27,Screening
8032,1618,30,7,5,2025-09-06,Rejected
8033,640,5,10,7,2025-06-22,Offer
8034,1383,16,5,20,2025-01-20,Screening
8035,1157,4,8,15,2025-06-16,Interview
8036,400,5,2,12,2025-04-06,Applied
8037,1163,29,1,13,2025-02-22,Applied
8038,246,20,1,4,2025-03-02,Applied
8039,1315,19,9,9,2025-03-11,Applied
8040,112,23,6,16,2025-06-01,Hired
8041,1739,6,6,5,2025-10-01,Offer
8042,1194,4,2,3,2025-08-21,Offer
8043,1623,25,4,10,2025-07-17,Hired
8044,1655,1,3,20,2025-12-02,Interview
8045,1634,17,11,8,2025-01-08,Interview
8046,1264,9,5,19,2025-04-18,Screening
8047,1361,16,3,14,2025-11-09,Applied
8048,1162,23,11,6,2025-07-08,Rejected
8049,1618,2,4,4,2025-12-06,Rejected
8050,1260,11,5,11,2025-09-08,Rejected
8051,1672,26,12,4,2025-06-29,Rejected
8052,794,5,7,16,2025-06-29,Rejected
8053,1027,13,1,12,2025-06-30,Applied
8054,1595,20,4,11,2025-08-24,Rejected
8055,116,17,2,15,2025-04-21,Interview
8056,1496,28,2,6,2025-09-15,Offer
8057,1155,29,1,17,2025-04-05,Rejected
8058,934,25,4,14,2025-02-24,Interview
8059,1922,15,2,5,2025-08-01,Rejected
8060,1507,22,2,11,2025-04-06,Rejected
8061,1425,27,10,9,2025-08-30,Applied
8062,1225,29,4,20,2025-12-08,Screening
8063,292,30,1,10,2025-10-30,Rejected
8064,342,12,1,4,2025-03-12,Rejected
8065,1015,6,1,5,2025-08-16,Offer
8066,1634,20,1,1,2025-08-28,Screening
8067,1240,13,3,6,2025-06-14,Screening
8068,1660,18,7,16,2025-09-20,Applied
8069,585,24,12,6,2025-12-08,Offer
8070,1390,15,1,6,2025-09-19,Rejected
8071,1914,15,2,5,2025-09-12,Offer
8072,1666,8,10,7,2025-08-18,Applied
8073,1493,19,2,3,2025-03-02,Hired
8074,1442,23,9,12,2025-08-27,Rejected
8075,27,14,2,7,2025-01-28,Applied
8076,1701,7,2,10,2025-06-04,Interview
8077,455,14,10,15,2025-06-16,Rejected
8078,918,5,2,13,2025-11-04,Hired
8079,580,15,15,6,2025-10-03,Offer
8080,14,21,1,20,2025-06-01,Applied
8081,98,15,11,7,2025-06-30,Screening
8082,279,24,3,2,2025-05-04,Screening
8083,1964,4,12,6,2025-06-12,Screening
8084,490,1,5,9,2025-12-23,Screening
8085,985,17,1,16,2025-09-16,Offer
8086,961,25,1,4,2025-10-12,Applied
8087,1907,20,10,14,2025-01-24,Rejected
8088,1783,1,2,11,2025-08-28,Interview
8089,624,16,1,5,2025-02-24,Applied
8090,207,13,1,13,2025-02-03,Interview
8091,1888,18,4,4,2025-09-25,Rejected
8092,1870,10,1,4,2025-05-06,Rejected
8093,1257,23,7,11,2025-11-04,Hired
8094,1597,18,13,9,2025-12-12,Offer
8095,597,17,2,20,2025-10-24,Offer
8096,695,26,10,19,2025-04-03,Screening
8097,1263,30,2,19,2025-04-28,Offer
8098,250,9,6,18,2025-03-07,Offer
8099,1607,14,8,19,2025-12-02,Rejected
8100,740,21,7,2,2025-05-07,Applied
8101,1621,30,2,16,2025-06-30,Applied
8102,306,13,5,14,2025-03-23,Applied
8103,1932,20,4,12,2025-03-22,Rejected
8104,1487,20,7,16,2025-03-31,Rejected
8105,1807,14,7,6,2025-12-18,Applied
8106,1937,11,5,3,2025-03-24,Screening
8107,1826,13,1,18,2025-06-16,Rejected
8108,1260,17,7,7,2025-04-05,Offer
8109,1315,3,5,9,2025-09-11,Interview
8110,1063,29,1,19,2025-07-06,Applied
8111,998,1,4,18,2025-12-17,Offer
8112,718,21,10,4,2025-03-06,Offer
8113,183,5,12,5,2025-06-10,Offer
8114,1723,25,4,5,2025-08-25,Interview
8115,645,13,6,16,2025-12-23,Applied
8116,30,24,15,8,2025-10-20,Hired
8117,1412,5,4,8,2025-08-13,Applied
8118,767,5,7,20,2025-04-05,Hired
8119,1167,23,5,2,2025-04-06,Screening
8120,615,12,4,17,2025-10-16,Applied
8121,1443,2,15,10,2025-11-13,Hired
8122,1005,29,2,18,2025-08-27,Offer
8123,74,23,1,11,2025-03-07,Applied
8124,1079,16,2,3,2025-07-01,Applied
8125,962,17,12,4,2025-04-24,Interview
8126,1772,30,7,16,2025-11-16,Screening
8127,1596,5,5,11,2025-10-02,Rejected
8128,24,12,8,14,2025-04-05,Applied
8129,1046,15,11,4,2025-08-11,Rejected
8130,428,28,9,1,2025-08-18,Rejected
8131,1056,6,8,16,2025-03-17,Interview
8132,863,13,6,10,2025-07-13,Rejected
8133,339,11,8,12,2025-09-24,Applied
8134,1971,30,8,14,2025-02-13,Offer
8135,1539,26,1,11,2025-10-19,Offer
8136,512,17,7,8,2025-03-10,Interview
8137,1094,9,5,6,2025-11-06,Screening
8138,672,25,2,12,2025-07-13,Screening
8139,1922,16,2,15,2025-04-05,Rejected
8140,1112,17,1,11,2025-12-17,Applied
8141,877,20,1,15,2025-12-28,Screening
8142,571,24,2,13,2025-03-02,Screening
8143,764,18,1,10,2025-03-06,Rejected
8144,1243,13,1,18,2025-07-20,Screening
8145,713,29,1,19,2025-11-23,Rejected
8146,589,11,4,6,2025-10-31,Rejected
8147,767,13,3,17,2025-09-06,Rejected
8148,1783,24,15,4,2025-08-18,Hired
8149,1294,26,2,1,2025-02-22,Rejected
8150,819,13,1,3,2025-11-07,Interview
8151,1675,12,2,1,2025-12-08,Interview
8152,78,14,15,15,2025-05-21,Rejected
8153,1616,13,14,18,2025-12-06,Rejected
8154,10,25,8,7,2025-05-09,Applied
8155,1492,9,14,11,2025-02-12,Screening
8156,1360,14,3,18,2025-05-13,Applied
8157,636,1,15,1,2025-08-03,Rejected
8158,1210,9,3,6,2025-06-05,Offer
8159,1570,4,2,16,2025-03-23,Rejected
8160,1145,28,11,3,2025-02-19,Applied
8161,592,12,3,17,2025-04-26,Interview
8162,718,24,1,20,2025-04-18,Applied
8163,565,29,2,2,2025-04-19,Hired
8164,1692,14,1,20,2025-08-08,Applied
8165,1298,9,4,13,2025-09-29,Rejected
8166,410,3,10,16,2025-07-29,Offer
8167,358,6,1,3,2025-04-17,Interview
8168,1671,3,5,17,2025-06-28,Rejected
8169,1965,1,3,19,2025-02-09,Interview
8170,98,26,12,4,2025-05-09,Screening
8171,1007,22,2,7,2025-03-25,Screening
8172,241,21,3,16,2025-05-25,Interview
8173,557,3,1,17,2025-12-14,Offer
8174,711,30,1,19,2025-02-15,Interview
8175,1827,14,11,7,2025-01-20,Offer
8176,1972,20,4,16,2025-09-25,Interview
8177,1138,2,10,3,2025-01-02,Screening
8178,1511,12,11,17,2025-09-21,Interview
8179,1813,26,11,14,2025-08-05,Rejected
8180,1265,10,11,2,2025-12-22,Interview
8181,156,13,6,3,2025-03-26,Interview
8182,352,30,2,20,2025-11-06,Applied
8183,44,20,5,2,2025-08-06,Interview
8184,592,4,2,8,2025-01-12,Applied
8185,1336,19,12,18,2025-08-08,Applied
8186,138,22,2,15,2025-10-27,Offer
8187,1687,1,15,18,2025-03-18,Applied
8188,1968,25,3,1,2025-10-07,Applied
8189,436,11,3,1,2025-03-14,Rejected
8190,754,26,14,19,2025-02-21,Rejected
8191,143,16,1,11,2025-09-15,Screening
8192,1024,19,8,3,2025-05-24,Screening
8193,1847,19,13,9,2025-09-16,Applied
8194,1323,12,5,1,2025-10-20,Screening
8195,1586,3,4,13,2025-06-12,Screening
8196,262,23,3,11,2025-04-03,Screening
8197,512,24,1,17,2025-07-24,Interview
8198,673,18,10,11,2025-02-16,Rejected
8199,62,17,11,8,2025-10-12,Interview
8200,1591,5,1,3,2025-02-26,Applied
8201,1447,16,11,8,2025-10-19,Hired
8202,1420,24,9,20,2025-09-15,Applied
8203,1908,14,5,18,2025-11-12,Rejected
8204,31,19,3,18,2025-02-12,Screening
8205,1354,6,15,3,2025-09-29,Rejected
8206,949,3,2,5,2025-03-30,Rejected
8207,802,6,4,17,2025-09-04,Screening
8208,1193,12,1,18,2025-05-30,Applied
8209,266,20,2,11,2025-12-27,Applied
8210,308,30,8,10,2025-11-22,Rejected
8211,459,11,6,2,2025-12-31,Rejected
8212,1209,7,3,20,2025-11-08,Rejected
8213,334,27,5,17,2025-10-07,Rejected
8214,515,26,4,20,2025-11-21,Interview
8215,441,1,5,8,2025-02-23,Screening
8216,673,16,1,6,2025-12-02,Interview
8217,391,16,9,7,2025-10-18,Interview
8218,1796,17,10,3,2025-11-30,Rejected
8219,935,15,6,16,2025-07-16,Rejected
8220,560,21,8,18,2025-04-12,Applied
8221,254,9,8,17,2025-01-24,Offer
8222,1610,5,1,9,2025-09-13,Interview
8223,1359,20,7,13,2025-01-06,Screening
8224,1424,8,10,18,2025-05-25,Offer
8225,1190,29,10,15,2025-08-16,Applied
8226,1284,21,11,2,2025-02-14,Offer
8227,1028,1,9,16,2025-02-04,Screening
8228,1912,7,1,16,2025-11-12,Rejected
8229,119,11,7,9,2025-09-24,Applied
8230,996,20,1,8,2025-02-12,Interview
8231,1947,26,10,6,2025-02-20,Interview
8232,470,21,2,15,2025-11-12,Applied
8233,1494,13,6,19,2025-04-24,Hired
8234,785,22,11,15,2025-02-27,Rejected
8235,1517,13,1,2,2025-04-21,Rejected
8236,1762,7,5,8,2025-12-01,Applied
8237,1888,11,3,4,2025-02-26,Screening
8238,1524,18,9,19,2025-06-28,Rejected
8239,1094,30,1,2,2025-04-17,Rejected
8240,694,1,5,4,2025-02-15,Applied
8241,865,12,2,3,2025-01-01,Interview
8242,776,3,2,4,2025-03-26,Rejected
8243,1394,26,10,8,2025-11-13,Interview
8244,181,28,1,11,2025-12-11,Applied
8245,1029,1,2,18,2025-04-14,Screening
8246,1221,4,5,3,2025-11-26,Screening
8247,47,6,4,18,2025-05-09,Rejected
8248,1994,5,1,9,2025-10-13,Screening
8249,1576,29,2,7,2025-10-05,Applied
8250,634,11,3,4,2025-11-19,Rejected
8251,1671,20,2,19,2025-05-27,Rejected
8252,1164,23,1,15,2025-06-10,Applied
8253,1886,13,10,14,2025-07-10,Interview
8254,1689,11,2,17,2025-01-06,Rejected
8255,1564,27,4,13,2025-01-16,Screening
8256,1451,6,6,16,2025-09-07,Interview
8257,589,19,5,10,2025-04-08,Screening
8258,1711,25,2,11,2025-11-02,Screening
8259,1585,15,6,1,2025-09-18,Offer
8260,1878,21,3,15,2025-07-26,Rejected
8261,310,13,10,9,2025-10-01,Applied
8262,274,10,3,9,2025-06-18,Interview
8263,1563,1,7,12,2025-07-13,Rejected
8264,840,13,1,5,2025-07-21,Applied
8265,1414,6,6,4,2025-04-30,Interview
8266,459,21,2,4,2025-01-13,Rejected
8267,733,26,1,14,2025-10-01,Applied
8268,1658,24,10,20,2025-05-25,Applied
8269,361,20,2,14,2025-01-22,Rejected
8270,1018,12,6,3,2025-02-13,Interview
8271,1093,17,2,9,2025-09-22,Applied
8272,1607,27,2,8,2025-12-03,Rejected
8273,662,18,2,4,2025-07-14,Rejected
8274,699,24,8,12,2025-12-26,Rejected
8275,1455,26,7,13,2025-05-01,Screening
8276,885,8,15,12,2025-11-29,Rejected
8277,758,29,9,20,2025-07-10,Applied
8278,1732,14,8,11,2025-01-28,Interview
8279,1056,5,10,13,2025-02-11,Offer
8280,621,22,2,3,2025-04-24,Offer
8281,1889,2,1,13,2025-10-31,Screening
8282,1537,27,3,7,2025-08-26,Applied
8283,182,28,2,8,2025-11-02,Rejected
8284,686,25,1,13,2025-04-29,Rejected
8285,681,22,1,15,2025-01-25,Applied
8286,248,28,10,18,2025-08-04,Hired
8287,620,25,7,7,2025-07-31,Applied
8288,1906,11,12,16,2025-01-17,Applied
8289,1321,26,4,3,2025-02-28,Applied
8290,1800,3,10,20,2025-05-03,Screening
8291,1952,22,10,7,2025-03-15,Rejected
8292,30,26,4,9,2025-06-26,Rejected
8293,1326,16,1,4,2025-12-30,Interview
8294,1500,21,11,17,2025-07-09,Rejected
8295,873,16,10,10,2025-06-21,Interview
8296,948,9,4,13,2025-02-21,Rejected
8297,1376,13,10,19,2025-06-03,Applied
8298,985,10,9,19,2025-08-03,Screening
8299,1506,17,5,16,2025-06-25,Interview
8300,317,25,15,3,2025-03-12,Applied
8301,737,21,3,18,2025-01-17,Screening
8302,1421,17,9,8,2025-12-17,Offer
8303,1113,10,5,8,2025-06-01,Rejected
8304,1258,8,6,14,2025-03-10,Offer
8305,168,7,10,9,2025-08-22,Offer
8306,743,14,5,5,2025-05-27,Offer
8307,126,22,4,4,2025-04-13,Applied
8308,573,18,2,17,2025-07-06,Screening
8309,120,21,2,8,2025-07-06,Hired
8310,1452,19,4,17,2025-12-11,Applied
8311,1009,18,3,20,2025-09-25,Applied
8312,1214,14,4,4,2025-01-27,Offer
8313,1657,10,10,4,2025-08-08,Rejected
8314,1452,1,4,8,2025-03-20,Rejected
8315,560,9,8,17,2025-06-01,Screening
8316,1226,18,10,15,2025-12-11,Applied
8317,1083,13,1,19,2025-01-25,Interview
8318,697,27,8,16,2025-10-30,Applied
8319,223,17,8,16,2025-04-16,Applied
8320,1516,30,4,5,2025-05-10,Screening
8321,1035,23,2,6,2025-01-28,Rejected
8322,793,25,3,20,2025-07-29,Screening
8323,1725,22,11,6,2025-05-03,Applied
8324,1536,16,6,11,2025-01-04,Hired
8325,814,24,2,17,2025-08-26,Rejected
8326,310,11,2,17,2025-01-04,Screening
8327,1012,23,2,12,2025-10-30,Offer
8328,749,9,3,5,2025-11-23,Screening
8329,1058,7,14,15,2025-02-25,Screening
8330,1019,29,10,1,2025-05-10,Interview
8331,1364,22,6,2,2025-02-01,Applied
8332,1671,1,13,1,2025-08-13,Rejected
8333,481,9,2,8,2025-08-20,Offer
8334,574,10,8,19,2025-12-12,Applied
8335,825,16,1,6,2025-05-06,Applied
8336,1763,21,10,18,2025-12-25,Rejected
8337,1117,29,14,17,2025-07-28,Offer
8338,628,18,3,16,2025-07-30,Applied
8339,1868,14,4,18,2025-07-10,Screening
8340,1157,28,5,16,2025-12-27,Rejected
8341,844,11,2,11,2025-11-01,Applied
8342,989,24,1,2,2025-11-22,Applied
8343,419,29,1,9,2025-01-03,Rejected
8344,1492,4,5,5,2025-09-25,Applied
8345,1829,30,7,14,2025-12-26,Screening
8346,1468,19,3,15,2025-06-30,Interview
8347,1729,13,5,9,2025-11-13,Interview
8348,1936,1,4,4,2025-09-09,Applied
8349,30,21,5,1,2025-09-28,Applied
8350,1993,19,1,13,2025-11-17,Applied
8351,298,15,2,13,2025-10-28,Rejected
8352,1085,20,8,5,2025-04-27,Screening
8353,458,15,14,7,2025-03-15,Interview
8354,1997,25,1,20,2025-11-07,Rejected
8355,304,11,2,10,2025-04-14,Rejected
8356,958,30,1,19,2025-07-26,Rejected
8357,340,23,1,10,2025-09-20,Rejected
8358,1885,27,9,4,2025-02-11,Screening
8359,448,5,9,15,2025-04-07,Screening
8360,1977,24,8,14,2025-12-21,Screening
8361,1860,22,10,4,2025-05-25,Applied
8362,1326,10,10,20,2025-11-27,Offer
8363,881,18,14,17,2025-04-18,Rejected
8364,540,7,9,3,2025-08-01,Offer
8365,485,1,5,13,2025-02-24,Hired
8366,77,3,1,5,2025-01-24,Offer
8367,1657,28,3,15,2025-09-29,Offer
8368,515,1,6,18,2025-01-13,Screening
8369,1573,30,5,7,2025-07-20,Rejected
8370,944,17,8,5,2025-05-27,Interview
8371,659,15,2,19,2025-11-28,Rejected
8372,92,5,2,20,2025-09-28,Offer
8373,1875,22,1,3,2025-01-04,Applied
8374,1809,16,3,20,2025-02-13,Interview
8375,466,12,2,5,2025-02-01,Interview
8376,466,19,5,10,2025-12-19,Screening
8377,1913,14,5,14,2025-07-18,Applied
8378,1623,3,10,5,2025-08-19,Hired
8379,1064,19,7,19,2025-10-06,Offer
8380,690,1,12,7,2025-05-03,Screening
8381,1353,21,2,10,2025-11-20,Rejected
8382,1309,1,1,13,2025-09-26,Rejected
8383,947,26,14,5,2025-08-31,Rejected
8384,554,10,1,7,2025-08-05,Applied
8385,1821,3,9,18,2025-02-11,Screening
8386,1090,13,1,2,2025-12-27,Offer
8387,1660,6,10,8,2025-01-18,Rejected
8388,1681,11,4,14,2025-07-11,Rejected
8389,1656,6,4,8,2025-03-31,Rejected
8390,109,3,9,6,2025-09-22,Offer
8391,1439,16,2,18,2025-06-08,Screening
8392,92,9,7,5,2025-11-14,Interview
8393,1003,8,3,18,2025-06-17,Rejected
8394,368,27,7,10,2025-08-21,Rejected
8395,820,3,3,16,2025-06-05,Rejected
8396,423,5,5,20,2025-11-11,Interview
8397,572,21,8,12,2025-09-30,Rejected
8398,862,14,11,17,2025-03-29,Applied
8399,1763,5,6,9,2025-04-16,Offer
8400,1264,19,12,15,2025-11-18,Rejected
8401,435,5,6,15,2025-08-25,Rejected
8402,212,21,4,9,2025-08-26,Rejected
8403,1424,20,4,2,2025-11-09,Rejected
8404,1634,20,6,19,2025-09-14,Rejected
8405,526,2,3,20,2025-01-18,Rejected
8406,1754,25,13,6,2025-11-25,Interview
8407,468,7,3,18,2025-10-08,Rejected
8408,1194,1,5,20,2025-05-08,Screening
8409,1843,21,4,7,2025-09-07,Offer
8410,792,18,5,3,2025-11-03,Interview
8411,875,10,13,8,2025-03-18,Rejected
8412,210,6,1,5,2025-01-29,Screening
8413,256,7,2,11,2025-11-21,Rejected
8414,1707,12,6,6,2025-05-31,Rejected
8415,73,18,1,16,2025-04-15,Rejected
8416,147,11,1,15,2025-11-18,Rejected
8417,1364,22,3,9,2025-03-02,Interview
8418,317,29,10,5,2025-07-20,Rejected
8419,1642,19,1,11,2025-12-03,Applied
8420,606,25,11,10,2025-06-29,Hired
8421,575,4,4,12,2025-09-14,Interview
8422,1178,19,2,11,2025-04-19,Interview
8423,1279,13,3,14,2025-02-28,Interview
8424,1375,27,4,3,2025-12-22,Applied
8425,547,19,1,11,2025-12-06,Rejected
8426,835,2,4,12,2025-08-11,Rejected
8427,312,28,8,3,2025-12-19,Rejected
8428,808,9,10,4,2025-05-16,Offer
8429,765,8,7,14,2025-11-09,Rejected
8430,1693,21,1,9,2025-10-11,Rejected
8431,134,14,1,19,2025-10-21,Applied
8432,948,30,2,5,2025-01-27,Interview
8433,1153,29,9,4,2025-08-15,Rejected
8434,436,9,10,15,2025-03-08,Hired
8435,1304,13,14,19,2025-04-24,Screening
8436,358,18,7,1,2025-07-12,Rejected
8437,930,6,2,5,2025-02-21,Applied
8438,883,23,12,12,2025-05-03,Interview
8439,252,22,5,20,2025-04-18,Rejected
8440,135,3,14,14,2025-06-23,Offer
8441,1867,10,10,6,2025-08-29,Applied
8442,523,30,2,4,2025-09-30,Interview
8443,804,10,2,12,2025-06-19,Screening
8444,660,10,5,2,2025-07-22,Applied
8445,319,9,2,3,2025-12-08,Screening
8446,80,30,8,7,2025-05-25,Rejected
8447,1215,12,1,17,2025-09-22,Rejected
8448,1477,24,2,18,2025-12-13,Rejected
8449,1368,8,2,14,2025-05-28,Offer
8450,1054,24,1,15,2025-10-30,Rejected
8451,414,9,14,5,2025-01-18,Screening
8452,1895,17,1,17,2025-06-14,Rejected
8453,368,8,2,2,2025-02-15,Interview
8454,1007,18,9,2,2025-09-16,Hired
8455,1765,20,10,14,2025-09-21,Offer
8456,993,17,5,13,2025-02-18,Rejected
8457,596,28,5,14,2025-12-21,Rejected
8458,1526,6,1,2,2025-05-16,Screening
8459,1686,10,1,16,2025-11-21,Interview
8460,1897,1,8,8,2025-09-25,Applied
8461,1018,28,2,10,2025-06-20,Rejected
8462,701,21,12,17,2025-12-13,Interview
8463,1045,25,5,9,2025-07-01,Applied
8464,549,1,2,3,2025-12-24,Screening
8465,246,9,4,17,2025-10-16,Screening
8466,283,20,4,16,2025-03-14,Rejected
8467,614,3,5,5,2025-04-19,Interview
8468,931,24,2,7,2025-05-25,Offer
8469,806,6,5,7,2025-08-28,Screening
8470,232,7,4,14,2025-10-03,Screening
8471,316,9,4,17,2025-07-09,Applied
8472,838,5,12,8,2025-03-31,Rejected
8473,1824,29,7,4,2025-08-06,Applied
8474,1360,16,13,10,2025-01-24,Interview
8475,2000,2,6,1,2025-04-21,Rejected
8476,411,3,8,12,2025-01-31,Rejected
8477,245,3,1,6,2025-06-24,Applied
8478,387,20,10,3,2025-01-12,Interview
8479,689,26,2,13,2025-04-10,Rejected
8480,1749,23,5,3,2025-07-03,Applied
8481,358,28,9,12,2025-08-13,Rejected
8482,1022,10,3,18,2025-02-15,Offer
8483,614,22,2,6,2025-05-24,Rejected
8484,798,3,2,17,2025-05-23,Rejected
8485,22,15,5,20,2025-03-23,Rejected
8486,19,14,6,12,2025-12-31,Applied
8487,1311,23,1,5,2025-12-15,Offer
8488,276,4,4,7,2025-12-14,Rejected
8489,659,10,10,16,2025-03-11,Rejected
8490,898,11,9,7,2025-08-21,Rejected
8491,552,11,4,17,2025-06-02,Screening
8492,679,8,8,16,2025-05-11,Screening
8493,603,23,4,6,2025-05-31,Rejected
8494,1096,23,1,9,2025-03-17,Screening
8495,365,9,7,7,2025-08-04,Screening
8496,1974,8,3,13,2025-01-17,Hired
8497,795,12,1,13,2025-03-14,Interview
8498,1359,17,7,12,2025-12-13,Interview
8499,652,23,1,6,2025-10-31,Screening
8500,1775,15,6,20,2025-03-21,Applied
8501,590,19,8,2,2025-10-15,Offer
8502,199,28,1,5,2025-12-15,Offer
8503,17,20,7,15,2025-07-19,Applied
8504,218,6,4,4,2025-09-02,Screening
8505,741,5,2,13,2025-09-28,Interview
8506,1876,8,3,8,2025-06-18,Rejected
8507,650,18,2,7,2025-01-26,Hired
8508,147,21,1,2,2025-10-14,Rejected
8509,1234,21,10,2,2025-11-30,Applied
8510,670,15,2,1,2025-03-01,Screening
8511,1438,3,2,6,2025-10-02,Rejected
8512,665,14,3,10,2025-04-02,Applied
8513,856,26,14,18,2025-08-13,Applied
8514,330,15,4,5,2025-03-19,Offer
8515,895,13,8,7,2025-01-17,Interview
8516,1986,21,6,9,2025-03-12,Rejected
8517,1894,20,3,10,2025-02-19,Screening
8518,1376,27,2,18,2025-07-06,Rejected
8519,1187,21,8,10,2025-07-25,Offer
8520,1843,26,2,7,2025-07-10,Screening
8521,101,9,2,13,2025-11-02,Applied
8522,327,23,14,2,2025-02-01,Rejected
8523,327,17,1,11,2025-10-26,Interview
8524,1179,19,2,3,2025-06-23,Rejected
8525,10,25,14,2,2025-12-31,Applied
8526,353,4,11,15,2025-05-29,Interview
8527,1963,20,2,5,2025-11-28,Applied
8528,183,10,10,8,2025-03-30,Rejected
8529,455,22,5,4,2025-05-27,Offer
8530,1670,3,1,14,2025-06-03,Interview
8531,6,19,2,18,2025-07-20,Rejected
8532,1357,9,2,4,2025-06-19,Screening
8533,1968,29,9,11,2025-05-08,Rejected
8534,1357,5,4,9,2025-01-12,Offer
8535,1282,14,4,4,2025-12-20,Rejected
8536,211,7,5,13,2025-10-24,Rejected
8537,51,21,11,8,2025-06-05,Hired
8538,1469,6,2,18,2025-05-01,Rejected
8539,1683,24,2,16,2025-11-02,Screening
8540,1010,8,1,18,2025-07-01,Rejected
8541,377,2,4,7,2025-08-01,Offer
8542,640,27,2,1,2025-08-04,Offer
8543,1510,25,1,18,2025-06-10,Screening
8544,770,26,3,17,2025-10-11,Applied
8545,1075,28,5,18,2025-11-26,Hired
8546,154,28,1,1,2025-09-21,Interview
8547,582,28,14,3,2025-04-17,Applied
8548,788,14,4,3,2025-12-26,Applied
8549,791,22,4,15,2025-06-16,Rejected
8550,1334,7,11,20,2025-10-29,Rejected
8551,1423,3,5,8,2025-04-06,Screening
8552,134,20,7,3,2025-06-30,Applied
8553,220,22,3,17,2025-06-01,Interview
8554,163,23,12,10,2025-11-26,Rejected
8555,971,6,4,15,2025-08-21,Offer
8556,648,21,8,14,2025-04-20,Offer
8557,569,14,14,17,2025-03-11,Screening
8558,1526,12,14,4,2025-08-11,Rejected
8559,946,18,4,1,2025-02-03,Screening
8560,689,12,9,12,2025-02-24,Applied
8561,115,7,1,19,2025-04-10,Rejected
8562,1523,5,8,8,2025-11-11,Applied
8563,1496,12,11,11,2025-02-12,Screening
8564,1173,9,4,18,2025-07-19,Rejected
8565,1265,29,6,20,2025-02-18,Screening
8566,123,11,2,7,2025-12-13,Interview
8567,804,4,5,13,2025-09-01,Rejected
8568,839,14,5,17,2025-09-25,Applied
8569,1093,26,5,4,2025-11-14,Applied
8570,826,12,8,8,2025-03-05,Rejected
8571,63,18,8,4,2025-11-10,Screening
8572,733,7,3,14,2025-04-10,Interview
8573,1040,23,8,14,2025-04-16,Screening
8574,1414,1,4,6,2025-09-08,Rejected
8575,590,27,9,16,2025-08-20,Interview
8576,1658,30,12,3,2025-11-24,Rejected
8577,948,13,2,1,2025-08-30,Offer
8578,1282,16,10,6,2025-04-25,Screening
8579,217,5,3,15,2025-10-21,Screening
8580,479,19,2,2,2025-03-06,Applied
8581,1138,25,7,11,2025-03-15,Screening
8582,1906,9,4,13,2025-10-19,Rejected
8583,1997,23,3,12,2025-04-09,Rejected
8584,1404,28,4,7,2025-05-20,Applied
8585,1682,9,2,10,2025-08-21,Rejected
8586,977,12,2,12,2025-05-03,Screening
8587,237,18,2,4,2025-09-04,Rejected
8588,476,27,2,18,2025-02-17,Rejected
8589,1996,26,2,10,2025-03-01,Applied
8590,1955,24,3,5,2025-02-24,Hired
8591,598,26,5,9,2025-01-28,Rejected
8592,1703,10,5,16,2025-03-11,Interview
8593,129,26,1,3,2025-06-08,Applied
8594,510,29,4,18,2025-12-08,Hired
8595,165,17,1,2,2025-09-17,Applied
8596,277,19,6,11,2025-12-16,Applied
8597,257,24,14,19,2025-11-01,Screening
8598,1156,11,2,1,2025-04-28,Applied
8599,992,16,1,11,2025-07-09,Interview
8600,570,8,10,16,2025-03-25,Offer
8601,1281,30,2,17,2025-02-11,Screening
8602,141,26,1,16,2025-06-28,Applied
8603,686,24,3,15,2025-04-20,Interview
8604,687,27,8,3,2025-04-21,Rejected
8605,1233,15,3,12,2025-03-01,Rejected
8606,716,28,5,18,2025-05-14,Rejected
8607,1023,11,2,18,2025-09-14,Interview
8608,1543,7,14,19,2025-02-27,Offer
8609,1075,2,5,9,2025-05-04,Rejected
8610,1527,19,1,9,2025-07-09,Hired
8611,1283,9,7,18,2025-03-02,Rejected
8612,178,18,7,7,2025-08-02,Rejected
8613,922,13,6,1,2025-06-05,Offer
8614,543,23,1,8,2025-05-10,Rejected
8615,1380,1,2,2,2025-12-14,Rejected
8616,1342,19,5,6,2025-07-16,Rejected
8617,1690,13,8,7,2025-05-19,Interview
8618,963,14,8,12,2025-06-18,Applied
8619,364,17,11,2,2025-06-24,Applied
8620,1079,22,7,18,2025-09-05,Hired
8621,1180,20,4,20,2025-07-15,Rejected
8622,1068,1,6,19,2025-06-10,Screening
8623,593,5,14,19,2025-03-06,Hired
8624,1702,30,5,12,2025-09-30,Rejected
8625,542,20,15,17,2025-04-13,Applied
8626,322,14,2,10,2025-05-19,Interview
8627,648,27,3,17,2025-04-06,Offer
8628,14,26,9,12,2025-05-21,Rejected
8629,1381,30,2,12,2025-03-17,Rejected
8630,1507,27,2,2,2025-04-10,Interview
8631,618,26,13,9,2025-10-16,Interview
8632,359,18,7,3,2025-06-08,Applied
8633,1342,13,11,4,2025-10-15,Rejected
8634,1099,23,14,20,2025-08-31,Applied
8635,1983,12,11,2,2025-03-14,Applied
8636,1615,15,9,2,2025-10-13,Interview
8637,194,24,2,7,2025-07-06,Offer
8638,363,4,1,14,2025-05-14,Screening
8639,1120,9,12,13,2025-09-10,Rejected
8640,1064,3,2,2,2025-09-05,Rejected
8641,768,29,8,9,2025-03-19,Rejected
8642,397,22,10,16,2025-01-13,Screening
8643,107,11,5,15,2025-02-13,Applied
8644,1041,30,1,13,2025-03-25,Applied
8645,527,15,10,15,2025-04-16,Rejected
8646,1953,16,8,4,2025-10-27,Applied
8647,1011,30,1,17,2025-03-20,Rejected
8648,784,7,15,18,2025-04-30,Screening
8649,1523,7,8,17,2025-11-16,Applied
8650,525,22,10,1,2025-02-28,Applied
8651,1783,9,12,6,2025-01-22,Interview
8652,1750,17,2,17,2025-08-04,Interview
8653,1687,13,1,12,2025-02-26,Interview
8654,1828,9,1,18,2025-03-07,Applied
8655,1067,29,1,6,2025-01-01,Applied
8656,1970,9,5,14,2025-08-14,Screening
8657,626,20,1,8,2025-11-28,Offer
8658,1866,29,8,4,2025-12-17,Rejected
8659,1617,28,5,6,2025-03-11,Rejected
8660,350,12,9,13,2025-11-08,Screening
8661,1677,21,3,11,2025-05-29,Applied
8662,1054,19,3,20,2025-12-31,Applied
8663,1465,23,1,11,2025-04-01,Interview
8664,1006,15,4,5,2025-11-12,Offer
8665,542,18,8,15,2025-10-05,Offer
8666,1479,8,2,2,2025-08-09,Applied
8667,1802,25,3,6,2025-08-02,Rejected
8668,1635,6,6,17,2025-11-29,Interview
8669,962,25,2,3,2025-12-23,Screening
8670,94,6,15,15,2025-05-07,Interview
8671,1747,3,9,11,2025-06-22,Screening
8672,1319,26,1,18,2025-01-09,Applied
8673,1573,3,1,12,2025-12-02,Offer
8674,899,2,6,12,2025-01-05,Rejected
8675,89,5,5,12,2025-03-10,Screening
8676,1954,29,5,9,2025-07-16,Applied
8677,503,30,5,15,2025-08-13,Rejected
8678,767,20,4,12,2025-06-14,Rejected
8679,214,12,4,3,2025-08-19,Applied
8680,1446,6,5,4,2025-04-22,Applied
8681,526,16,13,17,2025-07-27,Rejected
8682,192,5,5,20,2025-08-15,Offer
8683,1831,6,5,9,2025-01-10,Offer
8684,694,4,6,6,2025-03-31,Applied
8685,642,14,4,8,2025-05-26,Rejected
8686,1248,29,9,2,2025-04-17,Hired
8687,555,3,4,19,2025-04-23,Rejected
8688,1717,17,1,2,2025-03-24,Rejected
8689,387,5,5,11,2025-11-11,Rejected
8690,681,22,4,20,2025-09-11,Interview
8691,776,21,1,5,2025-11-05,Applied
8692,1498,21,1,5,2025-04-22,Interview
8693,1632,28,4,6,2025-01-26,Interview
8694,203,6,11,1,2025-11-21,Screening
8695,1010,20,9,15,2025-09-01,Applied
8696,447,30,3,9,2025-10-03,Applied
8697,1857,28,5,20,2025-01-31,Offer
8698,1871,4,5,8,2025-08-15,Rejected
8699,900,27,1,18,2025-03-15,Rejected
8700,1092,13,1,17,2025-08-17,Screening
8701,1116,8,4,2,2025-08-05,Applied
8702,778,11,4,11,2025-08-17,Rejected
8703,1867,24,12,9,2025-09-09,Applied
8704,178,28,7,5,2025-06-22,Rejected
8705,1687,19,2,20,2025-04-05,Applied
8706,829,23,3,20,2025-03-13,Rejected
8707,559,5,1,20,2025-01-25,Applied
8708,1027,5,2,4,2025-11-22,Screening
8709,103,28,7,19,2025-09-13,Screening
8710,1297,29,7,13,2025-10-21,Rejected
8711,1558,3,1,10,2025-11-11,Offer
8712,116,2,11,9,2025-05-11,Rejected
8713,859,29,2,4,2025-07-16,Rejected
8714,1936,3,5,5,2025-07-03,Interview
8715,464,15,2,12,2025-10-27,Applied
8716,104,7,9,15,2025-09-28,Rejected
8717,259,3,4,19,2025-07-26,Interview
8718,1332,15,4,1,2025-02-01,Hired
8719,1391,11,1,2,2025-02-24,Hired
8720,929,16,10,12,2025-01-17,Applied
8721,810,13,1,19,2025-02-01,Rejected
8722,642,2,5,2,2025-09-25,Rejected
8723,807,20,2,13,2025-09-10,Applied
8724,1023,12,5,14,2025-10-07,Applied
8725,1326,21,15,3,2025-09-22,Applied
8726,560,29,11,10,2025-03-10,Offer
8727,27,7,2,18,2025-05-19,Offer
8728,508,1,3,14,2025-09-07,Applied
8729,527,14,7,8,2025-01-03,Interview
8730,775,24,5,4,2025-08-26,Rejected
8731,1389,10,14,18,2025-10-15,Screening
8732,953,3,8,13,2025-08-25,Applied
8733,298,30,2,9,2025-09-27,Screening
8734,777,11,15,14,2025-11-11,Screening
8735,361,22,13,20,2025-07-29,Screening
8736,1670,20,1,20,2025-08-03,Rejected
8737,504,30,2,11,2025-02-19,Rejected
8738,1977,21,2,4,2025-04-15,Screening
8739,588,26,6,1,2025-04-22,Applied
8740,30,28,10,4,2025-03-14,Offer
8741,1463,15,9,11,2025-08-12,Screening
8742,1364,6,4,4,2025-09-30,Interview
8743,126,18,4,7,2025-07-23,Interview
8744,596,13,4,10,2025-12-25,Applied
8745,1590,15,9,19,2025-09-09,Screening
8746,1390,3,8,7,2025-03-27,Offer
8747,1819,15,1,11,2025-04-28,Rejected
8748,1876,24,5,12,2025-12-22,Rejected
8749,1467,24,1,20,2025-11-15,Screening
8750,263,1,1,7,2025-10-07,Rejected
8751,936,10,1,2,2025-12-10,Applied
8752,872,24,1,13,2025-09-21,Screening
8753,1246,27,1,20,2025-08-16,Interview
8754,1864,18,14,4,2025-05-31,Applied
8755,2,26,3,6,2025-09-15,Screening
8756,1934,26,1,10,2025-01-25,Screening
8757,394,29,1,7,2025-07-28,Offer
8758,306,8,13,1,2025-03-01,Interview
8759,1170,12,3,4,2025-08-02,Applied
8760,530,26,1,19,2025-10-18,Rejected
8761,528,5,3,7,2025-12-29,Applied
8762,1332,1,2,16,2025-08-30,Hired
8763,965,8,9,12,2025-03-31,Hired
8764,1972,28,7,3,2025-02-10,Offer
8765,671,5,6,5,2025-08-18,Offer
8766,1364,17,5,7,2025-02-15,Offer
8767,1943,15,14,18,2025-11-15,Screening
8768,352,4,12,2,2025-12-16,Applied
8769,810,13,5,5,2025-10-05,Applied
8770,209,17,2,15,2025-03-05,Rejected
8771,958,13,1,6,2025-12-13,Rejected
8772,205,25,3,5,2025-02-08,Screening
8773,625,26,2,13,2025-10-17,Rejected
8774,1714,2,7,17,2025-06-19,Interview
8775,1997,24,8,11,2025-12-14,Applied
8776,721,4,11,18,2025-07-17,Interview
8777,636,25,2,18,2025-10-08,Interview
8778,1039,2,3,14,2025-05-25,Applied
8779,858,12,11,8,2025-12-22,Interview
8780,1452,19,2,6,2025-08-09,Rejected
8781,476,18,5,17,2025-01-25,Interview
8782,298,10,6,12,2025-03-30,Interview
8783,557,30,2,15,2025-01-28,Screening
8784,1118,5,5,10,2025-10-19,Rejected
8785,107,11,14,14,2025-04-01,Screening
8786,1443,1,10,5,2025-07-05,Applied
8787,1302,28,6,5,2025-12-12,Screening
8788,128,3,1,17,2025-12-10,Rejected
8789,1994,17,2,13,2025-09-01,Applied
8790,459,26,6,10,2025-01-06,Rejected
8791,38,15,1,9,2025-01-16,Applied
8792,1633,14,10,7,2025-04-10,Interview
8793,198,24,2,15,2025-01-05,Applied
8794,1728,15,8,19,2025-02-07,Screening
8795,357,16,13,15,2025-06-12,Screening
8796,7,28,15,5,2025-08-31,Interview
8797,1580,4,8,20,2025-05-19,Offer
8798,1356,19,9,16,2025-09-03,Interview
8799,519,24,2,17,2025-09-14,Screening
8800,194,29,2,5,2025-06-17,Hired
8801,316,25,4,20,2025-04-01,Interview
8802,1025,8,8,12,2025-04-20,Screening
8803,1086,6,4,5,2025-03-08,Rejected
8804,343,16,8,15,2025-09-27,Screening
8805,601,30,10,20,2025-03-23,Applied
8806,1042,3,10,9,2025-03-11,Screening
8807,620,8,14,17,2025-04-24,Offer
8808,1671,29,1,7,2025-01-18,Offer
8809,1395,5,2,18,2025-08-09,Interview
8810,822,5,1,15,2025-03-19,Screening
8811,1603,12,2,13,2025-01-26,Interview
8812,1629,25,3,9,2025-11-10,Offer
8813,1674,1,7,8,2025-10-30,Applied
8814,1725,7,8,2,2025-01-02,Applied
8815,1595,24,3,10,2025-02-11,Rejected
8816,1723,11,6,16,2025-08-09,Rejected
8817,235,10,5,19,2025-05-08,Rejected
8818,1093,3,6,20,2025-08-05,Interview
8819,447,8,3,15,2025-10-27,Screening
8820,610,1,1,16,2025-04-20,Screening
8821,8,8,11,14,2025-05-09,Interview
8822,462,23,3,15,2025-09-05,Interview
8823,1000,20,6,10,2025-08-14,Applied
8824,1335,11,10,1,2025-01-17,Screening
8825,134,7,1,16,2025-04-29,Interview
8826,385,26,2,10,2025-04-27,Interview
8827,56,30,2,1,2025-01-22,Screening
8828,993,27,5,20,2025-12-08,Screening
8829,1384,16,5,12,2025-12-06,Rejected
8830,1995,7,1,18,2025-07-07,Screening
8831,1138,13,11,11,2025-09-26,Rejected
8832,1112,10,1,3,2025-11-22,Hired
8833,138,29,7,12,2025-09-08,Rejected
8834,1132,28,8,10,2025-10-05,Offer
8835,1524,17,5,20,2025-06-19,Applied
8836,535,3,3,4,2025-12-02,Interview
8837,144,7,1,1,2025-08-22,Offer
8838,869,11,3,11,2025-05-03,Applied
8839,656,13,8,17,2025-08-06,Interview
8840,56,5,5,7,2025-01-18,Rejected
8841,620,25,2,2,2025-01-01,Rejected
8842,1887,23,3,11,2025-08-14,Screening
8843,1030,19,1,15,2025-01-08,Rejected
8844,542,15,1,18,2025-01-28,Screening
8845,447,1,6,2,2025-11-09,Screening
8846,1409,5,7,20,2025-11-10,Screening
8847,1331,30,9,16,2025-04-24,Interview
8848,874,13,5,15,2025-04-17,Rejected
8849,1881,10,5,19,2025-05-30,Screening
8850,639,29,10,6,2025-11-07,Rejected
8851,1326,5,4,4,2025-09-14,Interview
8852,1657,23,1,13,2025-01-15,Screening
8853,1429,30,1,18,2025-01-30,Screening
8854,611,1,2,13,2025-05-10,Screening
8855,1702,10,2,19,2025-06-15,Rejected
8856,837,18,10,20,2025-06-05,Screening
8857,1855,27,11,6,2025-03-28,Interview
8858,1777,22,1,15,2025-06-22,Applied
8859,1586,8,1,9,2025-06-03,Screening
8860,780,20,3,3,2025-05-05,Applied
8861,837,3,8,13,2025-10-02,Offer
8862,510,19,2,2,2025-05-03,Applied
8863,1097,19,2,4,2025-07-10,Applied
8864,812,2,3,7,2025-09-22,Rejected
8865,564,17,1,13,2025-01-23,Applied
8866,265,16,1,20,2025-09-23,Screening
8867,1251,21,3,5,2025-05-09,Screening
8868,1217,10,6,10,2025-11-28,Applied
8869,1398,21,10,6,2025-06-02,Rejected
8870,1775,16,13,2,2025-09-28,Screening
8871,10,5,1,15,2025-09-20,Interview
8872,302,20,10,6,2025-02-07,Rejected
8873,1383,3,5,7,2025-07-08,Rejected
8874,1764,28,4,17,2025-07-25,Interview
8875,1978,3,5,4,2025-10-01,Applied
8876,805,2,8,10,2025-11-17,Rejected
8877,1076,21,4,5,2025-05-17,Interview
8878,1776,4,5,17,2025-09-20,Interview
8879,99,22,2,18,2025-11-30,Screening
8880,593,18,4,5,2025-04-20,Rejected
8881,1037,2,11,17,2025-01-03,Hired
8882,1414,24,10,20,2025-03-24,Rejected
8883,1978,6,5,13,2025-04-19,Screening
8884,357,3,6,17,2025-05-31,Screening
8885,1664,21,1,7,2025-12-06,Rejected
8886,1840,3,1,18,2025-07-17,Rejected
8887,928,27,2,11,2025-01-02,Rejected
8888,11,2,2,17,2025-08-04,Interview
8889,81,3,2,7,2025-06-21,Screening
8890,1285,17,4,19,2025-12-12,Rejected
8891,6,14,11,4,2025-09-15,Screening
8892,1482,7,4,17,2025-04-14,Offer
8893,373,22,10,18,2025-10-18,Offer
8894,481,21,2,6,2025-03-23,Rejected
8895,222,6,5,4,2025-08-13,Screening
8896,1941,8,13,20,2025-08-28,Hired
8897,1834,19,1,7,2025-12-09,Interview
8898,1105,19,1,4,2025-01-14,Rejected
8899,1947,12,12,9,2025-10-12,Applied
8900,515,5,5,6,2025-05-12,Interview
8901,1084,5,4,6,2025-05-12,Rejected
8902,221,14,2,9,2025-10-24,Screening
8903,1986,27,9,19,2025-04-06,Applied
8904,349,17,5,7,2025-09-12,Rejected
8905,1585,16,8,3,2025-05-22,Applied
8906,228,4,10,12,2025-02-08,Rejected
8907,290,25,1,19,2025-05-08,Rejected
8908,293,8,2,18,2025-04-12,Offer
8909,810,3,7,1,2025-02-17,Rejected
8910,1217,21,10,7,2025-04-07,Screening
8911,956,5,2,12,2025-04-10,Offer
8912,1498,23,2,5,2025-06-13,Rejected
8913,1281,24,11,12,2025-10-29,Applied
8914,1979,25,5,20,2025-06-05,Interview
8915,1530,7,13,3,2025-02-03,Applied
8916,388,18,1,16,2025-02-06,Applied
8917,615,24,10,19,2025-10-22,Screening
8918,1422,8,4,2,2025-04-02,Hired
8919,366,11,3,16,2025-03-29,Applied
8920,658,29,10,20,2025-12-22,Screening
8921,290,14,5,12,2025-02-15,Rejected
8922,1793,18,5,11,2025-09-06,Rejected
8923,1333,13,1,20,2025-12-18,Offer
8924,1302,6,14,15,2025-06-06,Hired
8925,1488,13,2,19,2025-06-08,Applied
8926,189,26,4,18,2025-11-22,Interview
8927,918,1,9,19,2025-02-02,Rejected
8928,1202,11,6,8,2025-03-04,Rejected
8929,1552,7,4,11,2025-12-28,Rejected
8930,924,10,10,16,2025-09-04,Screening
8931,988,2,2,13,2025-01-14,Rejected
8932,375,16,3,12,2025-06-09,Screening
8933,1622,5,3,2,2025-06-02,Rejected
8934,760,16,7,17,2025-12-23,Applied
8935,1478,30,6,14,2025-01-04,Rejected
8936,217,23,2,2,2025-12-12,Rejected
8937,1066,26,4,18,2025-06-25,Applied
8938,194,16,3,13,2025-06-28,Screening
8939,1351,27,15,1,2025-11-23,Hired
8940,1397,15,8,13,2025-12-26,Offer
8941,1489,9,1,19,2025-08-21,Hired
8942,163,30,13,8,2025-06-10,Rejected
8943,276,1,10,15,2025-11-29,Interview
8944,364,9,8,7,2025-11-08,Rejected
8945,1666,11,1,4,2025-08-04,Offer
8946,775,5,6,4,2025-03-02,Rejected
8947,480,6,7,19,2025-05-09,Applied
8948,689,30,13,1,2025-02-12,Rejected
8949,460,8,13,12,2025-03-02,Offer
8950,1289,15,4,11,2025-01-01,Offer
8951,539,27,1,9,2025-05-18,Interview
8952,974,16,10,10,2025-04-23,Rejected
8953,1410,30,6,14,2025-09-03,Interview
8954,85,18,7,4,2025-12-25,Rejected
8955,1732,12,3,9,2025-05-12,Offer
8956,1340,23,11,17,2025-10-08,Applied
8957,243,28,14,11,2025-03-06,Screening
8958,1493,4,5,19,2025-04-06,Applied
8959,880,25,7,8,2025-06-12,Applied
8960,1366,22,1,3,2025-04-29,Interview
8961,1201,16,2,16,2025-10-20,Screening
8962,1154,23,6,16,2025-11-05,Rejected
8963,657,11,5,14,2025-08-13,Applied
8964,1107,22,2,15,2025-12-04,Screening
8965,1384,27,2,10,2025-05-26,Screening
8966,88,24,4,14,2025-01-15,Applied
8967,1556,22,5,9,2025-11-27,Applied
8968,742,7,8,9,2025-03-08,Screening
8969,1996,24,11,11,2025-07-28,Rejected
8970,985,15,11,17,2025-04-12,Interview
8971,1662,17,1,1,2025-05-12,Interview
8972,471,15,5,12,2025-09-12,Interview
8973,1522,10,5,20,2025-04-07,Applied
8974,1531,28,7,13,2025-06-02,Screening
8975,1378,4,2,15,2025-01-26,Interview
8976,416,22,2,8,2025-07-27,Rejected
8977,1075,17,6,4,2025-08-03,Applied
8978,1624,4,2,18,2025-08-11,Rejected
8979,682,22,5,8,2025-10-31,Interview
8980,1087,23,9,19,2025-05-29,Screening
8981,1113,29,13,12,2025-03-27,Rejected
8982,1725,22,2,15,2025-07-18,Screening
8983,1214,11,4,17,2025-05-24,Screening
8984,899,4,6,12,2025-06-15,Interview
8985,601,12,2,17,2025-11-09,Rejected
8986,1372,29,15,6,2025-11-18,Rejected
8987,1868,23,4,2,2025-12-03,Rejected
8988,1562,10,2,17,2025-08-22,Applied
8989,1200,14,10,6,2025-01-25,Rejected
8990,1388,18,12,2,2025-05-11,Applied
8991,776,6,3,11,2025-03-06,Hired
8992,901,5,8,10,2025-09-11,Screening
8993,1931,2,1,15,2025-09-06,Rejected
8994,1578,25,1,12,2025-02-17,Interview
8995,483,13,12,11,2025-09-11,Applied
8996,1143,23,5,8,2025-07-22,Screening
8997,169,14,2,13,2025-01-08,Applied
8998,1644,3,9,19,2025-05-02,Offer
8999,147,23,10,10,2025-07-07,Rejected
9000,1712,11,6,19,2025-03-12,Screening
9001,1461,27,6,4,2025-06-10,Screening
9002,439,22,10,8,2025-02-23,Screening
9003,888,23,2,3,2025-05-14,Screening
9004,1213,4,1,19,2025-12-20,Applied
9005,160,13,6,4,2025-11-20,Applied
9006,814,29,2,7,2025-11-30,Hired
9007,1884,26,11,8,2025-01-22,Rejected
9008,1956,29,1,2,2025-11-09,Screening
9009,402,8,5,1,2025-02-13,Interview
9010,586,8,2,4,2025-11-28,Interview
9011,864,23,6,3,2025-11-25,Applied
9012,1042,13,3,8,2025-04-04,Rejected
9013,140,23,3,3,2025-03-16,Applied
9014,1139,10,5,6,2025-01-07,Rejected
9015,328,13,2,2,2025-07-30,Interview
9016,225,13,5,2,2025-03-24,Applied
9017,558,24,1,12,2025-09-27,Offer
9018,439,17,1,18,2025-08-18,Screening
9019,1574,6,5,9,2025-04-16,Offer
9020,1742,2,1,3,2025-05-17,Applied
9021,386,17,8,3,2025-06-03,Interview
9022,521,12,2,13,2025-10-13,Interview
9023,1277,26,10,6,2025-06-29,Rejected
9024,620,23,5,5,2025-07-02,Rejected
9025,1925,6,14,14,2025-03-30,Hired
9026,1122,5,4,8,2025-03-31,Interview
9027,787,5,11,1,2025-05-28,Rejected
9028,1095,25,4,14,2025-03-21,Offer
9029,551,9,14,16,2025-03-14,Applied
9030,1834,28,2,3,2025-04-25,Rejected
9031,1937,28,2,7,2025-11-12,Interview
9032,447,22,4,17,2025-06-02,Rejected
9033,1114,29,2,13,2025-08-10,Screening
9034,1454,3,10,13,2025-07-11,Interview
9035,1243,23,11,11,2025-08-09,Rejected
9036,107,20,3,17,2025-08-09,Rejected
9037,1500,5,1,10,2025-10-20,Applied
9038,916,7,2,7,2025-11-03,Applied
9039,1478,12,10,2,2025-09-24,Rejected
9040,904,7,8,6,2025-09-05,Rejected
9041,1632,10,1,20,2025-12-22,Hired
9042,1939,8,3,20,2025-08-03,Offer
9043,544,17,8,16,2025-05-27,Hired
9044,1150,5,3,12,2025-01-10,Rejected
9045,1171,15,4,2,2025-01-24,Offer
9046,280,28,7,17,2025-06-20,Applied
9047,24,9,4,1,2025-05-24,Screening
9048,952,23,13,18,2025-05-04,Applied
9049,1745,11,2,7,2025-06-04,Applied
9050,120,28,15,5,2025-03-03,Offer
9051,1810,13,5,20,2025-04-27,Applied
9052,1676,18,4,17,2025-11-26,Hired
9053,1321,17,4,3,2025-07-03,Screening
9054,855,24,8,12,2025-07-20,Interview
9055,1016,9,1,18,2025-04-29,Applied
9056,944,10,5,7,2025-12-16,Rejected
9057,1106,5,8,20,2025-12-07,Interview
9058,448,30,13,20,2025-03-11,Offer
9059,1936,11,10,7,2025-10-23,Offer
9060,1744,22,5,12,2025-04-22,Rejected
9061,996,15,10,7,2025-10-20,Rejected
9062,1943,2,2,17,2025-09-20,Offer
9063,1494,27,5,19,2025-07-09,Screening
9064,1447,21,13,17,2025-11-07,Interview
9065,1569,28,10,10,2025-02-04,Applied
9066,1048,20,8,12,2025-09-08,Applied
9067,1085,24,11,18,2025-04-30,Screening
9068,1847,24,8,18,2025-08-19,Rejected
9069,1725,14,2,5,2025-06-26,Rejected
9070,84,5,4,10,2025-07-04,Rejected
9071,225,27,3,1,2025-05-18,Applied
9072,1704,24,9,7,2025-03-15,Interview
9073,186,6,1,13,2025-07-18,Applied
9074,375,26,2,11,2025-03-09,Applied
9075,72,22,7,14,2025-11-19,Applied
9076,74,29,3,11,2025-04-08,Interview
9077,1921,15,3,9,2025-02-01,Offer
9078,1365,29,5,3,2025-09-26,Interview
9079,153,4,1,11,2025-09-09,Rejected
9080,96,10,7,16,2025-09-06,Screening
9081,1589,28,10,4,2025-04-15,Interview
9082,445,27,3,1,2025-05-31,Screening
9083,1710,19,1,20,2025-08-07,Rejected
9084,1134,9,11,14,2025-12-13,Screening
9085,1482,21,10,10,2025-03-28,Interview
9086,828,26,5,11,2025-11-04,Screening
9087,1075,10,2,11,2025-03-25,Rejected
9088,377,4,2,10,2025-05-28,Rejected
9089,765,22,2,7,2025-02-16,Interview
9090,1097,30,5,9,2025-10-20,Screening
9091,212,4,2,7,2025-11-27,Applied
9092,1456,6,1,6,2025-03-05,Applied
9093,724,26,3,3,2025-02-12,Interview
9094,1787,8,5,4,2025-05-19,Rejected
9095,1192,16,1,11,2025-07-17,Rejected
9096,775,8,12,13,2025-05-22,Offer
9097,331,28,2,7,2025-10-28,Hired
9098,1766,16,9,7,2025-03-22,Applied
9099,751,6,4,2,2025-04-07,Rejected
9100,1811,17,1,6,2025-05-23,Rejected
9101,1518,29,3,7,2025-10-25,Applied
9102,1167,1,4,1,2025-02-25,Rejected
9103,1606,30,14,10,2025-07-13,Screening
9104,1469,19,1,8,2025-08-14,Rejected
9105,824,18,5,6,2025-02-22,Interview
9106,394,17,5,1,2025-06-09,Applied
9107,512,17,2,18,2025-01-07,Rejected
9108,686,28,2,3,2025-12-05,Rejected
9109,1872,12,5,8,2025-02-01,Hired
9110,621,12,3,11,2025-11-26,Rejected
9111,1739,6,5,16,2025-12-10,Screening
9112,1721,7,4,19,2025-07-23,Hired
9113,1827,8,1,1,2025-01-02,Rejected
9114,1352,3,10,14,2025-04-06,Screening
9115,604,17,3,11,2025-02-28,Applied
9116,1283,21,13,15,2025-04-22,Interview
9117,1858,8,3,20,2025-07-04,Applied
9118,1461,28,6,20,2025-12-04,Applied
9119,718,27,15,20,2025-10-31,Interview
9120,1588,30,2,16,2025-05-30,Applied
9121,349,11,2,6,2025-12-17,Rejected
9122,1717,20,3,4,2025-12-02,Offer
9123,1974,18,4,9,2025-09-26,Rejected
9124,1839,16,1,8,2025-01-03,Interview
9125,515,25,8,3,2025-07-07,Applied
9126,1473,28,4,20,2025-09-19,Applied
9127,399,13,7,12,2025-12-01,Applied
9128,1620,9,15,9,2025-12-30,Rejected
9129,214,19,9,3,2025-07-27,Screening
9130,1570,7,1,6,2025-01-09,Offer
9131,562,29,12,8,2025-12-12,Interview
9132,1313,17,5,10,2025-08-25,Applied
9133,1865,8,8,15,2025-06-20,Rejected
9134,1283,8,4,16,2025-09-06,Offer
9135,258,29,7,18,2025-10-14,Rejected
9136,1412,3,2,12,2025-03-13,Applied
9137,1808,16,10,10,2025-01-27,Offer
9138,694,12,4,12,2025-01-21,Applied
9139,1569,15,13,3,2025-01-28,Screening
9140,1289,21,6,12,2025-05-04,Offer
9141,1337,4,11,7,2025-07-22,Screening
9142,1064,23,6,13,2025-09-25,Rejected
9143,998,27,11,4,2025-10-02,Rejected
9144,820,7,4,12,2025-09-26,Applied
9145,210,11,9,20,2025-12-31,Screening
9146,272,24,3,13,2025-12-25,Screening
9147,1160,5,5,3,2025-09-11,Rejected
9148,599,13,7,19,2025-11-21,Rejected
9149,1084,11,1,4,2025-11-08,Interview
9150,1534,5,4,3,2025-02-22,Screening
9151,1700,8,2,13,2025-10-20,Rejected
9152,1539,21,5,3,2025-05-13,Interview
9153,1039,29,2,6,2025-06-09,Rejected
9154,1638,30,4,3,2025-04-21,Offer
9155,1023,29,2,5,2025-07-30,Rejected
9156,255,17,4,12,2025-04-19,Applied
9157,737,11,11,17,2025-03-22,Applied
9158,722,19,3,15,2025-08-21,Rejected
9159,535,18,3,12,2025-06-18,Offer
9160,1259,28,2,14,2025-03-08,Screening
9161,1155,10,13,6,2025-09-27,Rejected
9162,1694,5,2,17,2025-04-12,Interview
9163,1709,29,5,12,2025-02-04,Interview
9164,1024,24,2,1,2025-12-21,Offer
9165,17,25,4,19,2025-07-11,Rejected
9166,882,25,4,11,2025-01-26,Rejected
9167,954,1,3,3,2025-09-10,Rejected
9168,826,17,1,8,2025-02-26,Screening
9169,992,17,14,16,2025-04-01,Hired
9170,878,1,10,12,2025-11-21,Offer
9171,185,25,5,1,2025-06-06,Interview
9172,1415,1,3,20,2025-01-13,Interview
9173,1447,23,3,17,2025-01-19,Screening
9174,1870,22,5,7,2025-12-17,Rejected
9175,1466,9,5,16,2025-01-29,Interview
9176,1720,27,1,11,2025-03-21,Interview
9177,1679,25,9,13,2025-02-27,Applied
9178,1580,4,4,8,2025-03-18,Interview
9179,1036,9,11,19,2025-10-06,Interview
9180,1544,14,1,17,2025-08-08,Screening
9181,80,15,1,18,2025-11-04,Rejected
9182,809,16,1,10,2025-06-17,Screening
9183,1698,16,6,2,2025-12-27,Screening
9184,302,13,2,12,2025-04-11,Applied
9185,1240,14,4,2,2025-11-29,Screening
9186,1272,22,6,11,2025-02-01,Rejected
9187,1565,21,4,6,2025-04-13,Applied
9188,1296,9,5,19,2025-12-20,Rejected
9189,133,23,14,10,2025-01-29,Rejected
9190,1029,9,2,12,2025-06-24,Rejected
9191,756,21,1,14,2025-09-08,Applied
9192,1566,4,3,4,2025-02-02,Rejected
9193,629,10,11,5,2025-06-30,Screening
9194,1714,3,5,14,2025-02-18,Interview
9195,1010,21,3,17,2025-08-14,Rejected
9196,773,9,8,6,2025-01-02,Rejected
9197,1771,19,1,10,2025-12-07,Applied
9198,141,16,2,16,2025-03-13,Screening
9199,483,16,10,12,2025-08-16,Screening
9200,1329,17,2,13,2025-09-14,Offer
9201,345,18,11,7,2025-07-08,Interview
9202,1586,10,10,19,2025-12-31,Screening
9203,1294,21,1,3,2025-12-18,Offer
9204,1132,19,4,10,2025-01-12,Applied
9205,1582,22,7,11,2025-10-02,Applied
9206,474,15,10,20,2025-07-03,Applied
9207,1106,15,3,12,2025-05-07,Rejected
9208,1662,11,1,9,2025-04-18,Screening
9209,1108,8,14,14,2025-11-29,Rejected
9210,1314,22,2,20,2025-12-15,Interview
9211,1095,16,10,1,2025-01-07,Applied
9212,175,10,5,12,2025-02-06,Offer
9213,1852,9,15,17,2025-09-18,Screening
9214,842,15,11,3,2025-10-29,Screening
9215,1487,22,8,3,2025-03-03,Screening
9216,1873,30,5,8,2025-05-25,Interview
9217,1419,5,4,8,2025-07-30,Applied
9218,866,20,13,14,2025-04-13,Interview
9219,1115,2,11,5,2025-06-16,Screening
9220,469,22,5,12,2025-02-07,Applied
9221,1887,16,2,18,2025-09-30,Rejected
9222,1458,18,1,8,2025-06-13,Screening
9223,1273,16,1,2,2025-11-23,Hired
9224,644,5,11,13,2025-05-08,Offer
9225,681,1,11,10,2025-04-22,Hired
9226,955,19,1,8,2025-11-01,Offer
9227,1596,10,5,9,2025-08-27,Offer
9228,1905,21,6,7,2025-07-05,Applied
9229,849,29,4,13,2025-12-18,Rejected
9230,241,13,2,2,2025-03-23,Offer
9231,702,23,5,6,2025-07-16,Applied
9232,1520,24,10,17,2025-02-20,Rejected
9233,340,23,10,11,2025-07-21,Applied
9234,793,23,2,16,2025-03-26,Offer
9235,744,11,1,7,2025-05-30,Rejected
9236,1495,15,11,7,2025-01-03,Interview
9237,463,2,6,19,2025-03-23,Applied
9238,801,6,1,5,2025-06-03,Interview
9239,1299,21,2,20,2025-06-23,Screening
9240,1849,11,2,5,2025-02-14,Hired
9241,15,15,1,8,2025-04-28,Rejected
9242,1065,9,6,8,2025-08-17,Rejected
9243,1989,12,13,4,2025-08-07,Applied
9244,208,26,11,20,2025-08-04,Rejected
9245,1084,27,4,3,2025-09-07,Rejected
9246,365,4,3,4,2025-05-23,Applied
9247,1264,28,1,18,2025-06-20,Rejected
9248,608,23,4,20,2025-01-22,Rejected
9249,1814,27,4,7,2025-10-14,Rejected
9250,1963,24,10,19,2025-10-12,Interview
9251,160,14,6,10,2025-06-22,Rejected
9252,397,22,2,5,2025-05-25,Applied
9253,1958,3,10,1,2025-12-21,Hired
9254,794,27,12,16,2025-02-12,Rejected
9255,500,21,1,20,2025-09-29,Offer
9256,209,17,3,4,2025-02-16,Rejected
9257,1157,30,4,20,2025-10-18,Rejected
9258,1405,13,2,10,2025-07-19,Rejected
9259,433,8,9,16,2025-11-14,Rejected
9260,609,12,5,3,2025-08-07,Rejected
9261,1755,12,1,6,2025-10-11,Rejected
9262,389,12,6,17,2025-02-19,Screening
9263,997,27,2,9,2025-12-12,Offer
9264,583,2,10,16,2025-03-04,Interview
9265,432,29,9,10,2025-10-16,Rejected
9266,1298,10,7,19,2025-12-03,Rejected
9267,351,23,2,9,2025-02-08,Interview
9268,134,9,4,18,2025-06-28,Rejected
9269,1090,1,5,6,2025-08-17,Screening
9270,639,29,2,8,2025-05-15,Interview
9271,1229,4,5,5,2025-04-12,Screening
9272,1322,23,3,3,2025-05-23,Interview
9273,117,14,3,3,2025-06-03,Applied
9274,1972,16,3,19,2025-08-04,Rejected
9275,1291,25,5,19,2025-01-13,Rejected
9276,1818,18,2,12,2025-08-12,Rejected
9277,149,2,8,13,2025-04-07,Screening
9278,1218,6,2,19,2025-08-03,Rejected
9279,1704,3,2,11,2025-09-01,Rejected
9280,1848,20,1,11,2025-04-21,Screening
9281,1910,19,11,4,2025-08-08,Applied
9282,179,13,9,9,2025-04-02,Applied
9283,148,17,1,2,2025-01-29,Screening
9284,465,14,4,20,2025-01-08,Offer
9285,976,30,3,1,2025-12-03,Hired
9286,569,22,2,18,2025-11-30,Screening
9287,1029,11,1,12,2025-07-07,Hired
9288,526,16,2,17,2025-07-26,Rejected
9289,280,11,11,17,2025-06-26,Rejected
9290,499,29,9,11,2025-03-30,Offer
9291,836,18,3,17,2025-09-22,Applied
9292,436,2,4,8,2025-09-27,Applied
9293,816,23,1,2,2025-12-03,Interview
9294,1240,21,6,2,2025-09-14,Screening
9295,687,8,1,12,2025-08-24,Hired
9296,828,14,2,4,2025-01-05,Applied
9297,969,2,1,14,2025-11-24,Screening
9298,1539,13,10,11,2025-02-21,Screening
9299,1911,10,1,17,2025-04-15,Rejected
9300,1161,8,8,7,2025-10-13,Offer
9301,612,7,2,4,2025-03-15,Applied
9302,595,13,1,10,2025-04-22,Rejected
9303,1304,26,2,4,2025-09-13,Screening
9304,132,30,1,9,2025-10-08,Applied
9305,393,24,1,13,2025-04-01,Rejected
9306,481,27,2,12,2025-03-26,Interview
9307,1537,19,14,8,2025-10-24,Rejected
9308,628,24,9,2,2025-07-18,Rejected
9309,419,15,15,10,2025-04-05,Applied
9310,1226,22,2,14,2025-01-01,Rejected
9311,652,2,2,20,2025-07-12,Screening
9312,658,22,7,12,2025-04-21,Applied
9313,462,5,3,2,2025-03-25,Hired
9314,1802,19,2,17,2025-07-08,Rejected
9315,1226,1,1,9,2025-12-13,Rejected
9316,1938,7,4,11,2025-10-14,Interview
9317,152,18,1,13,2025-06-09,Rejected
9318,1921,1,5,12,2025-05-24,Applied
9319,222,1,2,11,2025-06-05,Interview
9320,79,7,3,4,2025-08-19,Rejected
9321,1224,28,8,8,2025-09-16,Interview
9322,1786,17,5,13,2025-03-18,Applied
9323,99,25,3,20,2025-06-28,Screening
9324,912,6,3,9,2025-07-11,Applied
9325,213,20,13,18,2025-07-27,Offer
9326,1167,12,1,19,2025-10-07,Rejected
9327,702,20,2,11,2025-11-14,Rejected
9328,1413,15,13,16,2025-06-20,Rejected
9329,1837,13,15,12,2025-05-01,Offer
9330,1398,12,4,4,2025-03-17,Rejected
9331,1076,30,1,9,2025-11-13,Applied
9332,967,21,3,1,2025-12-25,Offer
9333,1648,2,6,4,2025-08-22,Rejected
9334,135,21,8,20,2025-01-18,Interview
9335,411,18,7,15,2025-08-01,Rejected
9336,1494,28,7,2,2025-01-27,Interview
9337,1136,4,15,13,2025-08-24,Interview
9338,1549,10,4,8,2025-08-21,Offer
9339,785,11,7,16,2025-04-20,Applied
9340,1769,30,7,19,2025-10-21,Rejected
9341,1068,21,5,10,2025-07-03,Rejected
9342,1421,6,8,13,2025-07-19,Offer
9343,1609,6,5,13,2025-12-27,Screening
9344,261,9,8,19,2025-07-20,Screening
9345,743,20,14,6,2025-05-25,Screening
9346,545,13,10,3,2025-08-11,Rejected
9347,388,30,5,5,2025-07-04,Rejected
9348,1500,5,6,18,2025-03-12,Rejected
9349,1434,6,5,19,2025-01-21,Offer
9350,1604,4,9,16,2025-12-18,Rejected
9351,16,6,7,16,2025-04-21,Applied
9352,662,18,8,12,2025-06-05,Applied
9353,1828,28,2,4,2025-05-08,Applied
9354,102,13,5,5,2025-12-03,Interview
9355,1210,23,2,1,2025-08-19,Screening
9356,951,3,10,8,2025-05-06,Rejected
9357,931,30,1,11,2025-05-16,Interview
9358,25,10,1,7,2025-04-24,Rejected
9359,1096,4,1,17,2025-05-18,Applied
9360,1617,25,5,7,2025-01-19,Applied
9361,1597,15,2,7,2025-05-09,Interview
9362,18,12,5,18,2025-08-26,Applied
9363,1778,15,5,14,2025-03-12,Interview
9364,570,29,2,16,2025-01-25,Offer
9365,1017,21,10,13,2025-07-31,Screening
9366,1356,25,15,13,2025-01-14,Rejected
9367,1913,26,2,2,2025-06-18,Offer
9368,1593,29,7,19,2025-03-13,Rejected
9369,1121,26,11,10,2025-05-06,Screening
9370,1751,10,11,10,2025-10-13,Rejected
9371,831,12,14,19,2025-09-16,Rejected
9372,1036,26,2,8,2025-08-01,Rejected
9373,1035,22,10,5,2025-06-07,Rejected
9374,1933,8,7,16,2025-09-29,Interview
9375,163,21,8,18,2025-02-21,Rejected
9376,1307,21,5,8,2025-10-21,Interview
9377,1753,3,15,11,2025-11-28,Screening
9378,872,7,10,11,2025-02-25,Screening
9379,835,18,3,2,2025-02-21,Screening
9380,1265,27,4,11,2025-07-10,Applied
9381,857,28,4,3,2025-02-06,Hired
9382,1069,3,10,2,2025-09-06,Screening
9383,970,15,7,6,2025-08-14,Applied
9384,593,2,3,9,2025-10-02,Applied
9385,255,15,10,1,2025-11-16,Interview
9386,67,13,2,19,2025-07-28,Interview
9387,918,24,12,17,2025-02-27,Applied
9388,614,20,2,16,2025-01-22,Rejected
9389,974,10,15,7,2025-11-03,Offer
9390,603,24,15,8,2025-11-16,Rejected
9391,1066,24,12,3,2025-01-09,Rejected
9392,1812,24,10,11,2025-06-21,Rejected
9393,1840,24,2,4,2025-08-02,Rejected
9394,1810,8,2,9,2025-05-26,Rejected
9395,384,16,14,5,2025-01-25,Applied
9396,1613,28,11,14,2025-03-22,Applied
9397,1258,25,2,15,2025-06-17,Rejected
9398,966,16,11,2,2025-04-07,Screening
9399,1738,2,15,2,2025-06-14,Rejected
9400,485,9,1,10,2025-01-16,Screening
9401,1757,8,5,18,2025-01-17,Interview
9402,1798,11,2,16,2025-01-10,Applied
9403,39,26,5,8,2025-05-24,Screening
9404,11,1,7,11,2025-07-02,Applied
9405,624,30,11,15,2025-11-27,Screening
9406,409,21,15,2,2025-04-02,Interview
9407,108,11,5,19,2025-05-28,Interview
9408,1118,18,2,1,2025-08-02,Applied
9409,1847,26,2,1,2025-05-01,Rejected
9410,84,21,10,13,2025-03-05,Applied
9411,58,29,5,8,2025-06-19,Applied
9412,1317,15,2,17,2025-05-31,Interview
9413,1040,24,4,5,2025-04-18,Interview
9414,991,9,3,8,2025-08-12,Rejected
9415,1501,9,13,13,2025-06-14,Applied
9416,838,1,2,16,2025-02-21,Screening
9417,605,7,1,7,2025-12-24,Interview
9418,969,12,4,7,2025-07-31,Applied
9419,165,27,6,15,2025-08-12,Hired
9420,437,24,14,13,2025-11-18,Interview
9421,727,10,3,1,2025-10-06,Interview
9422,1680,19,14,16,2025-10-11,Screening
9423,1810,29,5,11,2025-07-03,Offer
9424,403,16,5,4,2025-04-30,Hired
9425,1964,6,5,11,2025-12-02,Applied
9426,1410,11,1,13,2025-03-20,Hired
9427,1978,19,10,17,2025-11-02,Interview
9428,1162,25,12,5,2025-05-13,Offer
9429,716,29,4,13,2025-10-09,Offer
9430,814,19,10,13,2025-01-02,Applied
9431,722,18,2,16,2025-02-13,Rejected
9432,531,25,3,11,2025-03-22,Interview
9433,1830,15,12,19,2025-02-13,Applied
9434,293,27,2,18,2025-09-05,Interview
9435,1499,29,6,20,2025-08-24,Interview
9436,1023,16,2,2,2025-07-14,Rejected
9437,1904,14,8,10,2025-11-17,Rejected
9438,462,8,2,18,2025-11-05,Screening
9439,1837,8,2,19,2025-06-12,Applied
9440,1397,2,4,4,2025-02-18,Rejected
9441,1186,6,2,7,2025-11-23,Interview
9442,642,13,2,9,2025-10-23,Screening
9443,44,13,10,18,2025-05-30,Screening
9444,1889,21,4,8,2025-06-08,Interview
9445,1107,30,3,16,2025-03-09,Interview
9446,892,12,2,6,2025-09-22,Screening
9447,636,2,3,16,2025-08-18,Rejected
9448,539,21,5,7,2025-07-26,Offer
9449,1840,20,4,3,2025-05-15,Applied
9450,862,25,2,6,2025-05-23,Rejected
9451,519,12,3,1,2025-08-28,Applied
9452,1435,17,4,2,2025-05-27,Interview
9453,1365,6,2,18,2025-05-10,Rejected
9454,711,7,6,12,2025-12-03,Interview
9455,1648,28,10,6,2025-05-01,Interview
9456,89,6,1,5,2025-10-16,Screening
9457,1664,21,1,19,2025-09-23,Interview
9458,1254,28,12,18,2025-07-08,Screening
9459,1042,4,11,15,2025-06-08,Applied
9460,1825,21,4,18,2025-05-12,Rejected
9461,673,9,14,1,2025-08-20,Applied
9462,864,5,10,3,2025-03-22,Rejected
9463,890,10,3,20,2025-06-20,Rejected
9464,1305,15,2,13,2025-08-31,Rejected
9465,1934,8,12,18,2025-04-14,Applied
9466,422,23,15,3,2025-02-05,Applied
9467,1702,4,10,18,2025-10-29,Screening
9468,1796,26,13,14,2025-10-27,Interview
9469,876,5,3,18,2025-11-30,Offer
9470,702,7,7,1,2025-12-03,Rejected
9471,338,6,3,5,2025-01-27,Screening
9472,266,13,1,1,2025-04-27,Applied
9473,803,19,8,1,2025-11-06,Applied
9474,1379,10,11,8,2025-09-11,Rejected
9475,360,15,13,8,2025-11-10,Screening
9476,1014,3,3,7,2025-11-13,Offer
9477,1815,18,3,10,2025-03-17,Interview
9478,217,14,10,19,2025-01-18,Interview
9479,321,3,10,11,2025-06-21,Applied
9480,850,11,6,6,2025-10-02,Rejected
9481,719,10,2,8,2025-07-20,Screening
9482,1689,29,7,12,2025-12-05,Rejected
9483,992,17,6,5,2025-08-08,Rejected
9484,1717,13,11,19,2025-07-26,Offer
9485,1236,25,5,17,2025-01-10,Offer
9486,1809,2,9,19,2025-10-29,Applied
9487,953,28,2,6,2025-06-09,Screening
9488,1227,13,6,3,2025-03-20,Applied
9489,717,19,1,15,2025-01-15,Interview
9490,985,5,5,20,2025-07-07,Rejected
9491,1940,16,1,10,2025-01-11,Hired
9492,896,10,7,19,2025-06-13,Rejected
9493,1177,12,3,10,2025-02-15,Hired
9494,1706,20,4,1,2025-05-16,Hired
9495,1453,13,4,7,2025-09-11,Offer
9496,1777,21,4,6,2025-01-27,Interview
9497,287,16,2,8,2025-01-16,Interview
9498,757,22,11,16,2025-05-15,Interview
9499,1345,21,1,19,2025-01-14,Interview
9500,1460,26,3,13,2025-03-18,Applied
9501,1616,1,12,11,2025-08-25,Applied
9502,496,22,4,14,2025-01-10,Offer
9503,1628,9,5,16,2025-09-11,Applied
9504,1173,16,2,5,2025-08-06,Hired
9505,542,19,2,6,2025-09-04,Rejected
9506,635,15,8,5,2025-01-19,Interview
9507,1923,18,2,3,2025-03-28,Applied
9508,1506,22,7,13,2025-03-17,Offer
9509,1350,12,3,7,2025-11-22,Interview
9510,939,14,9,6,2025-05-18,Applied
9511,1053,3,1,18,2025-12-04,Screening
9512,1283,4,6,3,2025-08-04,Interview
9513,698,6,6,16,2025-07-24,Applied
9514,1953,16,7,6,2025-07-22,Interview
9515,75,28,2,11,2025-06-23,Offer
9516,1581,13,5,17,2025-09-05,Hired
9517,1605,12,13,19,2025-02-18,Rejected
9518,498,22,1,2,2025-03-11,Screening
9519,1440,12,5,4,2025-12-07,Screening
9520,1903,2,7,17,2025-12-22,Interview
9521,722,29,4,16,2025-05-22,Screening
9522,1775,13,1,17,2025-02-07,Rejected
9523,1364,3,15,20,2025-04-30,Rejected
9524,308,13,3,17,2025-04-06,Rejected
9525,704,25,10,19,2025-08-10,Screening
9526,884,2,3,9,2025-06-17,Rejected
9527,1639,19,1,10,2025-12-02,Rejected
9528,1265,9,13,19,2025-07-10,Applied
9529,253,20,10,2,2025-08-26,Interview
9530,936,1,5,4,2025-01-26,Screening
9531,1244,27,14,10,2025-01-21,Offer
9532,397,13,2,14,2025-08-30,Interview
9533,986,2,1,11,2025-12-22,Rejected
9534,1360,15,11,2,2025-06-30,Rejected
9535,1753,19,6,5,2025-12-23,Hired
9536,1738,25,7,19,2025-06-03,Applied
9537,1053,25,2,3,2025-05-27,Rejected
9538,494,16,8,8,2025-12-12,Offer
9539,959,11,2,10,2025-01-25,Applied
9540,1748,15,5,11,2025-05-23,Screening
9541,1526,6,8,11,2025-06-21,Rejected
9542,1178,14,1,6,2025-11-02,Rejected
9543,992,27,7,5,2025-08-09,Screening
9544,1255,6,5,16,2025-10-16,Rejected
9545,102,19,1,8,2025-01-25,Rejected
9546,827,5,1,2,2025-03-19,Rejected
9547,177,11,6,16,2025-04-25,Rejected
9548,1717,4,11,19,2025-07-07,Interview
9549,984,26,1,14,2025-08-14,Screening
9550,927,26,13,15,2025-04-26,Rejected
9551,232,28,11,7,2025-08-05,Rejected
9552,12,9,6,14,2025-10-21,Interview
9553,1210,9,15,6,2025-11-03,Rejected
9554,761,17,6,9,2025-04-07,Rejected
9555,932,8,5,14,2025-03-02,Interview
9556,266,15,15,8,2025-09-04,Interview
9557,1926,9,8,19,2025-06-28,Rejected
9558,1159,5,13,18,2025-04-30,Screening
9559,757,4,10,10,2025-03-24,Interview
9560,1055,26,8,16,2025-11-21,Rejected
9561,1883,20,9,11,2025-03-31,Interview
9562,456,18,15,7,2025-11-22,Rejected
9563,259,9,4,1,2025-09-02,Offer
9564,1128,21,14,6,2025-04-14,Rejected
9565,431,27,14,3,2025-02-23,Screening
9566,1406,3,4,6,2025-11-09,Applied
9567,469,22,9,8,2025-07-24,Rejected
9568,1537,9,9,1,2025-01-28,Applied
9569,1965,9,4,3,2025-04-18,Offer
9570,1974,28,1,18,2025-12-11,Interview
9571,1970,29,5,8,2025-02-26,Rejected
9572,1231,21,2,10,2025-05-16,Applied
9573,647,24,1,15,2025-10-24,Applied
9574,447,4,1,14,2025-08-04,Screening
9575,783,21,10,10,2025-02-28,Rejected
9576,1113,7,2,2,2025-11-03,Applied
9577,195,7,3,3,2025-02-27,Rejected
9578,1438,29,2,16,2025-02-01,Hired
9579,1146,23,8,10,2025-01-18,Interview
9580,462,8,2,17,2025-11-17,Interview
9581,1140,27,15,2,2025-04-10,Rejected
9582,196,21,10,15,2025-10-20,Interview
9583,36,1,1,20,2025-08-11,Rejected
9584,67,27,2,5,2025-01-01,Applied
9585,645,9,14,15,2025-05-25,Interview
9586,1305,25,1,8,2025-07-27,Rejected
9587,1503,23,1,10,2025-10-04,Hired
9588,1035,12,6,20,2025-03-25,Offer
9589,1992,6,5,7,2025-03-06,Hired
9590,1754,13,8,3,2025-09-05,Rejected
9591,322,29,10,4,2025-06-25,Applied
9592,1692,5,2,16,2025-01-27,Rejected
9593,240,21,1,2,2025-06-29,Rejected
9594,1017,19,10,13,2025-01-17,Applied
9595,1084,26,2,15,2025-07-21,Applied
9596,650,1,4,17,2025-08-16,Screening
9597,562,22,11,3,2025-11-23,Rejected
9598,1703,24,1,18,2025-06-06,Applied
9599,165,30,13,9,2025-01-11,Screening
9600,831,18,2,14,2025-03-13,Applied
9601,189,8,15,13,2025-10-16,Rejected
9602,1511,24,13,7,2025-08-13,Screening
9603,92,26,2,16,2025-11-26,Applied
9604,1830,8,1,9,2025-03-24,Applied
9605,1912,26,1,14,2025-02-26,Applied
9606,289,15,11,14,2025-12-03,Interview
9607,1533,19,11,2,2025-12-17,Offer
9608,1099,10,8,6,2025-04-18,Rejected
9609,1581,24,1,17,2025-04-28,Rejected
9610,1452,16,1,1,2025-10-02,Rejected
9611,1409,11,8,17,2025-10-26,Screening
9612,1077,12,2,14,2025-03-17,Hired
9613,175,16,2,11,2025-12-25,Screening
9614,1697,16,7,5,2025-06-01,Interview
9615,1603,28,5,2,2025-05-04,Rejected
9616,474,30,11,5,2025-12-15,Interview
9617,1935,20,3,16,2025-12-12,Rejected
9618,1385,3,10,15,2025-03-30,Screening
9619,270,27,9,11,2025-12-01,Rejected
9620,407,9,12,1,2025-11-26,Applied
9621,1148,8,1,9,2025-04-20,Applied
9622,694,10,2,4,2025-01-03,Rejected
9623,376,29,6,17,2025-08-05,Rejected
9624,1416,13,2,17,2025-03-12,Screening
9625,182,18,5,12,2025-08-18,Interview
9626,36,13,1,6,2025-08-28,Offer
9627,1236,13,1,1,2025-06-03,Applied
9628,1920,15,1,10,2025-08-30,Rejected
9629,1972,13,5,5,2025-01-23,Rejected
9630,134,30,10,15,2025-07-12,Screening
9631,865,16,1,20,2025-06-30,Offer
9632,924,8,4,19,2025-08-27,Rejected
9633,690,27,7,15,2025-06-21,Screening
9634,1702,27,1,20,2025-11-04,Applied
9635,1950,19,6,5,2025-01-16,Interview
9636,491,10,2,1,2025-03-15,Screening
9637,1873,12,4,10,2025-12-28,Rejected
9638,841,14,9,5,2025-08-17,Rejected
9639,988,6,8,2,2025-09-12,Interview
9640,1462,21,8,16,2025-04-02,Interview
9641,839,24,13,2,2025-02-19,Rejected
9642,1070,9,4,12,2025-01-16,Interview
9643,668,27,1,1,2025-03-22,Rejected
9644,1425,7,9,1,2025-04-30,Rejected
9645,1512,6,2,1,2025-11-17,Screening
9646,1020,22,7,2,2025-11-05,Rejected
9647,432,1,3,19,2025-12-16,Interview
9648,1452,21,1,16,2025-04-09,Screening
9649,748,14,14,11,2025-10-12,Interview
9650,828,24,1,16,2025-11-04,Interview
9651,1596,6,4,6,2025-04-22,Interview
9652,517,12,2,4,2025-04-14,Screening
9653,1989,17,6,9,2025-02-17,Rejected
9654,462,5,5,17,2025-02-01,Offer
9655,966,29,2,6,2025-01-24,Rejected
9656,1927,11,4,19,2025-10-11,Rejected
9657,181,28,13,15,2025-01-08,Rejected
9658,145,5,15,15,2025-08-11,Rejected
9659,1851,12,11,20,2025-02-28,Screening
9660,1289,3,1,17,2025-05-28,Hired
9661,735,24,8,18,2025-03-09,Rejected
9662,406,9,4,20,2025-04-26,Applied
9663,813,6,10,4,2025-10-28,Offer
9664,969,22,1,12,2025-08-18,Offer
9665,955,2,11,14,2025-06-24,Rejected
9666,1872,26,3,7,2025-10-05,Offer
9667,484,2,3,20,2025-04-12,Rejected
9668,482,22,10,4,2025-11-06,Rejected
9669,1261,12,1,10,2025-12-10,Applied
9670,1549,8,13,1,2025-11-03,Rejected
9671,339,2,8,3,2025-08-18,Offer
9672,268,9,3,16,2025-10-12,Offer
9673,1956,29,6,3,2025-10-27,Applied
9674,266,16,1,9,2025-07-18,Applied
9675,528,28,5,15,2025-09-04,Screening
9676,1116,30,2,15,2025-04-29,Applied
9677,1272,25,13,2,2025-02-15,Applied
9678,1043,15,1,12,2025-11-09,Screening
9679,872,14,2,3,2025-06-24,Applied
9680,1414,20,7,18,2025-09-27,Applied
9681,1412,4,1,15,2025-04-10,Rejected
9682,926,4,2,19,2025-01-11,Interview
9683,1639,11,2,3,2025-10-15,Screening
9684,1119,21,8,10,2025-11-05,Rejected
9685,430,24,4,14,2025-10-12,Rejected
9686,795,18,13,14,2025-09-10,Interview
9687,941,27,2,15,2025-12-28,Screening
9688,1749,5,2,15,2025-10-27,Rejected
9689,1061,30,13,3,2025-11-26,Rejected
9690,1417,2,7,13,2025-06-15,Applied
9691,1597,15,2,19,2025-06-07,Screening
9692,1315,11,10,5,2025-06-09,Applied
9693,1898,27,8,8,2025-08-13,Interview
9694,303,24,1,19,2025-07-02,Rejected
9695,1780,17,8,9,2025-02-08,Rejected
9696,1941,16,7,6,2025-10-07,Applied
9697,401,15,9,16,2025-10-04,Rejected
9698,823,23,13,5,2025-06-17,Rejected
9699,344,3,1,8,2025-04-10,Hired
9700,863,20,2,6,2025-06-24,Applied
9701,518,30,4,16,2025-06-21,Rejected
9702,1401,15,1,8,2025-10-09,Applied
9703,1955,24,5,12,2025-05-27,Hired
9704,1842,19,5,15,2025-12-21,Screening
9705,165,28,5,19,2025-07-19,Screening
9706,1037,29,2,2,2025-08-20,Rejected
9707,25,13,8,18,2025-06-07,Screening
9708,1760,16,3,11,2025-01-23,Interview
9709,1147,23,3,9,2025-05-15,Applied
9710,129,12,2,12,2025-08-28,Rejected
9711,817,17,1,19,2025-07-18,Applied
9712,1658,16,5,18,2025-11-24,Hired
9713,1571,9,10,14,2025-07-18,Rejected
9714,1018,29,3,14,2025-09-05,Applied
9715,595,6,4,3,2025-11-19,Interview
9716,1333,19,5,8,2025-09-27,Interview
9717,436,23,5,1,2025-06-06,Rejected
9718,182,13,4,18,2025-11-24,Screening
9719,1612,21,5,20,2025-12-22,Rejected
9720,616,24,5,12,2025-09-05,Interview
9721,744,8,1,20,2025-05-14,Rejected
9722,1839,12,7,19,2025-06-01,Interview
9723,43,9,12,18,2025-01-26,Screening
9724,404,22,14,13,2025-09-23,Applied
9725,1953,4,4,18,2025-03-31,Interview
9726,605,13,1,8,2025-06-01,Rejected
9727,656,2,4,8,2025-02-12,Interview
9728,1790,3,1,10,2025-04-12,Applied
9729,1614,5,2,7,2025-06-03,Rejected
9730,263,24,7,17,2025-05-09,Screening
9731,70,28,1,16,2025-04-23,Offer
9732,661,26,4,10,2025-01-18,Rejected
9733,1316,18,2,10,2025-12-27,Applied
9734,1238,21,7,2,2025-08-21,Interview
9735,872,14,4,16,2025-09-07,Hired
9736,822,25,2,18,2025-04-12,Offer
9737,147,2,1,4,2025-01-11,Interview
9738,25,15,2,3,2025-11-26,Interview
9739,1347,8,6,19,2025-02-13,Applied
9740,1133,16,2,17,2025-03-09,Screening
9741,693,3,8,15,2025-01-16,Interview
9742,251,24,14,16,2025-12-29,Screening
9743,482,20,1,16,2025-10-27,Rejected
9744,715,20,8,9,2025-10-23,Interview
9745,816,28,3,13,2025-02-07,Interview
9746,682,23,3,15,2025-05-22,Applied
9747,175,5,1,14,2025-12-01,Applied
9748,1371,4,1,17,2025-08-12,Rejected
9749,1194,23,2,17,2025-10-12,Rejected
9750,2,12,2,13,2025-01-21,Offer
9751,1670,19,4,7,2025-01-23,Rejected
9752,639,15,13,12,2025-01-31,Applied
9753,1582,25,6,12,2025-05-07,Interview
9754,706,30,4,7,2025-12-16,Applied
9755,362,13,3,13,2025-01-29,Offer
9756,1745,5,5,9,2025-06-04,Offer
9757,1320,12,1,7,2025-09-22,Interview
9758,570,19,10,8,2025-05-19,Screening
9759,590,2,10,12,2025-01-27,Offer
9760,202,7,3,13,2025-09-07,Rejected
9761,1005,28,4,1,2025-01-30,Applied
9762,1313,23,2,2,2025-08-09,Offer
9763,1086,28,2,8,2025-02-11,Applied
9764,1526,29,4,8,2025-12-28,Offer
9765,1804,5,13,1,2025-11-25,Rejected
9766,126,20,10,4,2025-01-11,Rejected
9767,992,29,14,3,2025-01-05,Rejected
9768,49,11,5,6,2025-09-02,Interview
9769,1624,18,2,16,2025-06-02,Interview
9770,846,18,5,5,2025-08-01,Hired
9771,1797,7,8,13,2025-12-23,Interview
9772,179,10,5,3,2025-07-30,Screening
9773,1605,23,5,2,2025-02-18,Rejected
9774,1903,20,1,16,2025-10-08,Offer
9775,1952,14,2,16,2025-02-24,Offer
9776,493,20,2,6,2025-01-15,Screening
9777,1457,20,6,4,2025-10-08,Hired
9778,572,11,2,2,2025-03-21,Interview
9779,302,2,10,14,2025-02-26,Screening
9780,964,13,14,11,2025-11-16,Rejected
9781,1785,13,5,12,2025-08-26,Interview
9782,990,9,5,15,2025-11-05,Rejected
9783,1193,17,8,12,2025-05-07,Rejected
9784,977,15,4,2,2025-04-22,Screening
9785,1987,24,2,9,2025-07-07,Hired
9786,269,22,4,18,2025-11-23,Interview
9787,1388,29,5,1,2025-04-16,Rejected
9788,624,26,5,5,2025-07-03,Rejected
9789,100,23,14,12,2025-12-06,Hired
9790,1938,28,2,2,2025-06-26,Screening
9791,215,21,1,13,2025-10-20,Rejected
9792,625,22,2,15,2025-09-18,Interview
9793,97,22,4,7,2025-10-10,Screening
9794,819,29,1,18,2025-02-14,Applied
9795,630,16,13,6,2025-10-31,Applied
9796,548,25,2,1,2025-04-11,Interview
9797,337,10,4,5,2025-04-26,Screening
9798,359,29,1,2,2025-01-29,Interview
9799,1314,20,8,15,2025-01-11,Screening
9800,1420,28,10,2,2025-01-02,Interview
9801,1925,27,7,1,2025-03-29,Rejected
9802,816,12,3,4,2025-10-01,Offer
9803,360,29,11,14,2025-06-18,Applied
9804,1015,5,4,1,2025-07-21,Offer
9805,347,20,13,1,2025-01-02,Rejected
9806,1148,17,11,18,2025-06-19,Applied
9807,552,10,8,6,2025-10-20,Interview
9808,1677,6,11,2,2025-05-13,Applied
9809,538,21,1,5,2025-03-11,Offer
9810,654,20,15,1,2025-08-16,Interview
9811,1888,6,9,15,2025-01-03,Interview
9812,1931,12,2,5,2025-06-25,Interview
9813,422,21,3,13,2025-08-05,Rejected
9814,336,19,5,6,2025-06-30,Rejected
9815,1527,2,11,7,2025-02-15,Rejected
9816,57,13,5,6,2025-03-23,Screening
9817,1686,22,8,10,2025-06-11,Rejected
9818,1017,20,1,10,2025-05-10,Screening
9819,1903,11,3,15,2025-11-11,Screening
9820,912,15,1,9,2025-08-30,Interview
9821,717,13,6,16,2025-08-04,Rejected
9822,1100,26,5,9,2025-01-15,Interview
9823,1490,3,1,17,2025-03-29,Rejected
9824,285,14,5,12,2025-04-12,Rejected
9825,722,8,2,4,2025-09-11,Offer
9826,386,28,1,13,2025-09-28,Screening
9827,950,9,10,15,2025-07-16,Interview
9828,770,15,10,20,2025-05-06,Applied
9829,1283,23,2,17,2025-07-27,Applied
9830,1501,18,4,15,2025-05-16,Rejected
9831,1720,8,11,15,2025-12-13,Applied
9832,840,11,5,20,2025-04-11,Applied
9833,11,29,4,19,2025-08-12,Interview
9834,972,29,10,8,2025-11-22,Screening
9835,672,27,1,9,2025-09-29,Rejected
9836,260,5,1,11,2025-10-23,Rejected
9837,393,15,10,15,2025-12-26,Screening
9838,600,15,10,13,2025-02-24,Screening
9839,1393,27,7,8,2025-06-09,Rejected
9840,1208,26,1,11,2025-02-15,Interview
9841,1040,7,8,7,2025-02-05,Offer
9842,756,21,9,10,2025-09-05,Offer
9843,1530,18,3,8,2025-11-16,Applied
9844,1110,28,4,13,2025-03-09,Applied
9845,711,12,4,10,2025-08-13,Rejected
9846,1034,12,1,11,2025-07-09,Screening
9847,477,4,5,5,2025-03-29,Applied
9848,1188,29,1,20,2025-03-10,Rejected
9849,24,11,4,11,2025-11-22,Hired
9850,1600,21,6,18,2025-05-05,Hired
9851,312,6,11,4,2025-08-15,Interview
9852,1262,21,10,6,2025-11-09,Offer
9853,462,10,3,5,2025-02-05,Rejected
9854,1486,27,12,7,2025-04-14,Rejected
9855,1881,15,1,11,2025-09-21,Applied
9856,1262,1,11,10,2025-08-15,Screening
9857,22,17,2,1,2025-09-19,Screening
9858,180,3,4,11,2025-02-05,Screening
9859,1842,25,15,8,2025-04-22,Hired
9860,1583,11,2,6,2025-12-03,Hired
9861,791,18,1,18,2025-01-23,Interview
9862,1760,10,1,3,2025-05-03,Rejected
9863,730,21,5,14,2025-09-27,Screening
9864,1523,9,11,17,2025-08-29,Applied
9865,1499,7,1,7,2025-06-25,Screening
9866,749,11,2,11,2025-11-29,Offer
9867,716,8,4,3,2025-10-12,Applied
9868,339,2,9,16,2025-08-14,Rejected
9869,531,5,5,20,2025-01-03,Interview
9870,692,9,5,11,2025-11-04,Interview
9871,162,1,1,6,2025-12-16,Rejected
9872,1821,17,2,6,2025-01-30,Screening
9873,1085,10,1,12,2025-02-12,Offer
9874,1109,8,3,18,2025-03-22,Offer
9875,1571,18,6,12,2025-02-10,Rejected
9876,490,25,7,10,2025-11-25,Rejected
9877,5,10,6,9,2025-03-26,Rejected
9878,76,9,15,12,2025-08-31,Rejected
9879,1277,4,1,10,2025-03-20,Offer
9880,7,2,5,12,2025-10-03,Screening
9881,681,19,2,4,2025-01-31,Screening
9882,1666,10,2,1,2025-09-27,Rejected
9883,473,17,11,7,2025-05-17,Interview
9884,1162,3,1,3,2025-12-10,Screening
9885,1382,21,2,5,2025-06-20,Rejected
9886,812,19,4,13,2025-06-17,Screening
9887,838,19,14,8,2025-05-17,Applied
9888,603,26,2,18,2025-01-26,Interview
9889,1187,22,1,3,2025-06-22,Rejected
9890,318,19,1,18,2025-11-16,Rejected
9891,1482,19,5,10,2025-10-13,Screening
9892,1277,15,1,9,2025-12-02,Applied
9893,1225,25,1,15,2025-01-02,Offer
9894,1556,18,4,5,2025-01-23,Screening
9895,1765,17,3,18,2025-05-21,Applied
9896,1699,10,15,10,2025-10-10,Applied
9897,1189,24,5,6,2025-01-09,Applied
9898,232,29,5,5,2025-03-10,Screening
9899,328,14,1,3,2025-05-16,Screening
9900,238,19,12,12,2025-10-01,Applied
9901,1144,23,3,3,2025-10-23,Rejected
9902,950,18,10,13,2025-10-08,Screening
9903,1887,11,2,14,2025-05-21,Interview
9904,895,11,6,5,2025-10-02,Offer
9905,1905,12,1,12,2025-03-21,Interview
9906,619,8,1,14,2025-05-03,Offer
9907,250,16,2,10,2025-02-16,Applied
9908,1360,25,4,14,2025-08-09,Rejected
9909,1308,24,13,17,2025-04-16,Interview
9910,198,8,4,10,2025-05-26,Hired
9911,416,24,10,18,2025-07-07,Interview
9912,732,14,10,3,2025-08-16,Offer
9913,1419,23,15,3,2025-05-12,Hired
9914,938,18,5,3,2025-10-11,Screening
9915,1175,24,6,8,2025-10-08,Screening
9916,1822,21,2,11,2025-09-23,Rejected
9917,1289,22,3,18,2025-09-11,Rejected
9918,1244,4,13,1,2025-07-14,Interview
9919,1240,17,3,3,2025-05-23,Applied
9920,1339,13,10,20,2025-09-17,Applied
9921,1692,5,3,10,2025-10-02,Interview
9922,216,3,14,18,2025-02-07,Rejected
9923,1359,9,1,9,2025-06-12,Applied
9924,1383,20,2,7,2025-06-09,Applied
9925,1650,26,4,12,2025-04-03,Screening
9926,1185,18,1,5,2025-07-29,Offer
9927,815,20,2,13,2025-07-03,Screening
9928,610,19,2,9,2025-04-17,Interview
9929,511,19,3,16,2025-05-05,Rejected
9930,918,21,14,17,2025-11-18,Rejected
9931,157,16,8,4,2025-03-10,Screening
9932,162,1,1,1,2025-10-19,Rejected
9933,42,5,2,4,2025-02-27,Rejected
9934,1204,24,6,3,2025-08-03,Interview
9935,303,15,14,5,2025-06-12,Screening
9936,1354,26,14,15,2025-03-22,Applied
9937,1587,12,2,10,2025-04-19,Interview
9938,1014,25,1,8,2025-07-11,Screening
9939,764,28,1,2,2025-03-01,Applied
9940,1453,1,4,2,2025-08-13,Applied
9941,1374,14,11,2,2025-08-12,Screening
9942,120,18,13,16,2025-08-06,Screening
9943,1099,18,7,18,2025-04-01,Screening
9944,674,6,5,6,2025-01-22,Rejected
9945,661,1,2,18,2025-04-24,Rejected
9946,123,27,10,14,2025-08-27,Interview
9947,653,17,2,8,2025-11-29,Rejected
9948,1206,18,2,7,2025-08-01,Applied
9949,921,15,10,14,2025-04-12,Screening
9950,1014,12,1,14,2025-09-21,Interview
9951,1914,13,8,4,2025-04-06,Screening
9952,789,20,12,7,2025-05-13,Interview
9953,257,2,2,12,2025-09-06,Screening
9954,1978,4,3,6,2025-03-13,Rejected
9955,1861,3,1,9,2025-01-17,Rejected
9956,757,19,6,9,2025-03-08,Applied
9957,598,25,4,16,2025-01-31,Applied
9958,1607,8,8,3,2025-11-30,Rejected
9959,1293,12,3,11,2025-04-29,Rejected
9960,1517,12,4,8,2025-08-06,Rejected
9961,1204,10,6,4,2025-12-07,Rejected
9962,791,25,1,8,2025-11-21,Interview
9963,1173,1,11,6,2025-02-16,Rejected
9964,1542,28,12,6,2025-01-12,Screening
9965,1172,5,7,20,2025-11-04,Applied
9966,1868,28,4,13,2025-09-01,Screening
9967,680,28,12,10,2025-01-14,Offer
9968,1033,20,1,2,2025-07-07,Rejected
9969,1202,11,11,12,2025-05-07,Applied
9970,796,30,5,1,2025-04-10,Applied
9971,1419,9,7,12,2025-07-02,Screening
9972,1652,14,11,2,2025-01-01,Hired
9973,608,3,4,13,2025-02-14,Interview
9974,331,5,2,2,2025-11-19,Applied
9975,1880,24,2,8,2025-11-24,Applied
9976,56,26,5,7,2025-12-26,Screening
9977,1231,21,5,11,2025-05-15,Applied
9978,105,9,4,17,2025-03-29,Rejected
9979,547,18,5,2,2025-10-16,Screening
9980,1745,6,12,19,2025-04-16,Rejected
9981,793,21,14,6,2025-04-01,Interview
9982,1905,25,2,12,2025-07-11,Applied
9983,1379,7,5,20,2025-04-04,Rejected
9984,1683,16,2,7,2025-12-09,Applied
9985,489,8,3,12,2025-09-03,Applied
9986,1823,23,8,4,2025-04-08,Screening
9987,1617,29,6,3,2025-05-23,Offer
9988,1527,10,1,8,2025-12-13,Screening
9989,1074,26,4,4,2025-04-26,Rejected
9990,1111,5,13,8,2025-12-04,Hired
9991,1727,11,9,4,2025-06-30,Offer
9992,303,29,14,13,2025-06-20,Screening
9993,1025,30,5,8,2025-03-09,Rejected
9994,1405,21,6,2,2025-06-18,Rejected
9995,1978,13,5,9,2025-08-22,Rejected
9996,650,27,11,12,2025-12-31,Screening
9997,648,20,1,8,2025-08-21,Rejected
9998,1386,2,11,10,2025-10-01,Applied
9999,381,14,5,6,2025-08-17,Offer
10000,1690,9,11,16,2025-01-28,Offer
