candidate_id,candidate_name,gender,age,experience_years,highest_education,current_location,skills
1,Vivaan Joshi,Female,26,5.5,M.Tech,Hyderabad,"Machine Learning, Python, NLP"
2,Karan Reddy,Male,33,10.3,M.Com,Chennai,"Python, Django, PostgreSQL"
3,Akash Reddy,Male,39,3.2,M.Com,Chennai,"Python, Django, PostgreSQL"
4,Akash Patel,Male,37,3.0,M.Tech,Ahmedabad,"SQL, Power BI, Excel"
5,Aditya Sharma,Male,37,3.2,B.E.,Mumbai,"AWS, Python, SQL"
6,Rohan Sharma,Female,22,6.4,B.E.,Chennai,"Excel, Power BI, SQL"
7,Arjun Agarwal,Female,37,8.7,MBA,Hyderabad,"SQL, Power BI, Excel"
8,Rahul Kumar,Female,36,9.6,B.Tech,Chennai,"Python, Machine Learning, SQL"
9,Meera Kapoor,Female,39,8.5,M.Com,Delhi,"Java, Spring Boot, SQL"
10,Karan Patel,Female,28,4.6,B.E.,Noida,"Python, SQL, Pandas"
11,Neha Kapoor,Female,38,11.1,MCA,Kolkata,"Python, Machine Learning, SQL"
12,Karan Kapoor,Male,36,6.7,M.Tech,Bangalore,"SQL, Power BI, Excel"
13,Aarav Reddy,Female,25,10.6,M.Com,Gurgaon,"Tableau, SQL, Excel"
14,Aditya Gupta,Female,23,10.3,MCA,Noida,"Python, SQL, Pandas"
15,Meera Malhotra,Female,24,10.8,M.Tech,Delhi,"Tableau, SQL, Excel"
16,Aditya Shah,Male,34,6.6,MCA,Delhi,"Tableau, SQL, Excel"
17,Arjun Sharma,Male,34,3.9,M.Tech,Noida,"Python, Django, PostgreSQL"
18,Karan Gupta,Female,21,6.5,B.Sc,Delhi,"AWS, Python, SQL"
19,Isha Reddy,Other,33,5.8,B.Sc,Mumbai,"React, JavaScript, HTML, CSS"
20,Aarav Kapoor,Female,21,2.3,MBA,Delhi,"Java, Spring Boot, SQL"
21,Aditya Sharma,Male,32,11.3,MBA,Pune,"AWS, Python, SQL"
22,Aditya Kapoor,Male,37,6.6,M.Com,Delhi,"Python, SQL, Pandas"
23,Meera Nair,Male,21,3.8,B.E.,Gurgaon,"Machine Learning, Python, NLP"
24,Aditya Mehta,Male,38,7.4,MCA,Ahmedabad,"SQL, Power BI, Excel"
25,Varun Verma,Male,28,8.4,B.Sc,Chennai,"Excel, Power BI, SQL"
26,Varun Agarwal,Male,38,10.4,MBA,Kolkata,"Excel, Power BI, SQL"
27,Arjun Mishra,Male,28,8.4,MCA,Delhi,"Excel, Power BI, SQL"
28,Sneha Kapoor,Female,39,5.6,M.Com,Chennai,"Machine Learning, Python, NLP"
29,Kavya Patel,Male,35,4.3,M.Tech,Pune,"Python, SQL, Pandas"
30,Ankit Singh,Male,32,7.5,M.Tech,Chennai,"Java, Spring Boot, SQL"
31,Sneha Gupta,Female,36,11.7,M.Tech,Kolkata,"Python, Machine Learning, SQL"
32,Kavya Mehta,Male,25,2.2,MCA,Ahmedabad,"Tableau, SQL, Excel"
33,Priya Singh,Male,21,5.3,MCA,Chennai,"Tableau, SQL, Excel"
34,Ankit Mishra,Male,36,6.2,M.Com,Pune,"AWS, Python, SQL"
35,Aditya Kapoor,Female,39,9.1,B.Tech,Pune,"Python, SQL, Pandas"
36,Isha Reddy,Female,32,0.2,B.E.,Pune,"Excel, Power BI, SQL"
37,Arjun Sharma,Male,25,4.8,B.E.,Chennai,"React, JavaScript, HTML, CSS"
38,Arjun Verma,Male,30,7.5,B.E.,Bangalore,"Python, Django, PostgreSQL"
39,Rohan Mishra,Male,36,7.7,B.Tech,Hyderabad,"Python, Django, PostgreSQL"
40,Priya Verma,Female,21,5.5,B.Sc,Pune,"Python, Machine Learning, SQL"
41,Aarav Sharma,Female,31,2.3,MBA,Mumbai,"Python, Machine Learning, SQL"
42,Riya Gupta,Male,28,4.6,B.E.,Kolkata,"SQL, Power BI, Excel"
43,Simran Shah,Female,38,7.5,MBA,Noida,"Java, Spring Boot, SQL"
44,Arjun Joshi,Male,23,11.9,M.Tech,Mumbai,"Python, SQL, Pandas"
45,Karan Mehta,Female,25,2.9,M.Com,Ahmedabad,"Tableau, SQL, Excel"
46,Aditya Shah,Male,37,6.1,B.Tech,Chennai,"Python, Machine Learning, SQL"
47,Kavya Patel,Male,29,10.2,B.Tech,Ahmedabad,"Java, Spring Boot, SQL"
48,Simran Joshi,Female,25,3.5,B.Tech,Hyderabad,"React, JavaScript, HTML, CSS"
49,Arjun Singh,Female,27,1.1,B.E.,Kolkata,"Excel, Power BI, SQL"
50,Isha Nair,Male,23,10.7,B.Sc,Mumbai,"Tableau, SQL, Excel"
51,Varun Joshi,Female,26,1.0,MBA,Noida,"Machine Learning, Python, NLP"
52,Akash Verma,Female,22,1.0,MBA,Chennai,"Python, Machine Learning, SQL"
53,Ankit Mishra,Male,37,11.4,B.Tech,Hyderabad,"Java, Spring Boot, SQL"
54,Rahul Kapoor,Male,32,6.7,B.Sc,Kolkata,"Machine Learning, Python, NLP"
55,Simran Agarwal,Male,33,0.1,M.Tech,Kolkata,"Java, Spring Boot, SQL"
56,Ankit Mishra,Female,27,9.0,MBA,Gurgaon,"Python, SQL, Pandas"
57,Aarav Kumar,Male,32,11.7,MBA,Pune,"AWS, Python, SQL"
58,Neha Kapoor,Male,23,8.3,B.Tech,Mumbai,"Tableau, SQL, Excel"
59,Kavya Reddy,Male,21,7.5,MCA,Delhi,"Excel, Power BI, SQL"
60,Neha Kapoor,Female,36,10.7,M.Tech,Noida,"React, JavaScript, HTML, CSS"
61,Ankit Joshi,Male,28,4.2,B.E.,Pune,"Tableau, SQL, Excel"
62,Arjun Malhotra,Female,37,3.4,MBA,Hyderabad,"Python, Machine Learning, SQL"
63,Rahul Verma,Male,25,7.4,B.E.,Kolkata,"Python, Django, PostgreSQL"
64,Riya Malhotra,Male,21,9.3,B.E.,Bangalore,"React, JavaScript, HTML, CSS"
65,Kavya Mishra,Male,29,5.0,B.Tech,Pune,"Excel, Power BI, SQL"
66,Rahul Kapoor,Female,25,12.0,MBA,Ahmedabad,"React, JavaScript, HTML, CSS"
67,Rohan Joshi,Female,37,2.9,B.Tech,Bangalore,"Python, Machine Learning, SQL"
68,Ananya Mishra,Male,21,8.1,B.E.,Noida,"Excel, Power BI, SQL"
69,Vivaan Kumar,Female,38,10.2,MCA,Pune,"Tableau, SQL, Excel"
70,Kavya Nair,Male,35,9.4,MCA,Mumbai,"Python, Machine Learning, SQL"
71,Karan Kumar,Female,22,4.2,B.E.,Mumbai,"Python, Machine Learning, SQL"
72,Vivaan Patel,Female,21,9.4,M.Tech,Ahmedabad,"Machine Learning, Python, NLP"
73,Simran Sharma,Female,24,5.5,B.Tech,Kolkata,"Python, SQL, Pandas"
74,Meera Mehta,Male,26,5.9,MBA,Delhi,"Tableau, SQL, Excel"
75,Pooja Nair,Male,36,7.7,M.Tech,Noida,"Tableau, SQL, Excel"
76,Aditya Gupta,Female,38,7.2,B.Sc,Delhi,"React, JavaScript, HTML, CSS"
77,Rohan Verma,Male,26,1.4,B.Tech,Kolkata,"SQL, Power BI, Excel"
78,Kavya Reddy,Male,29,1.1,M.Com,Gurgaon,"AWS, Python, SQL"
79,Sneha Mehta,Female,36,0.7,B.E.,Hyderabad,"Python, SQL, Pandas"
80,Ankit Sharma,Female,35,6.4,MCA,Kolkata,"Excel, Power BI, SQL"
81,Isha Mehta,Female,34,1.8,B.Sc,Ahmedabad,"Python, Machine Learning, SQL"
82,Sneha Agarwal,Female,35,0.4,B.E.,Kolkata,"AWS, Python, SQL"
83,Aditya Gupta,Male,25,2.2,M.Com,Gurgaon,"Python, SQL, Pandas"
84,Karan Kumar,Male,32,2.8,MBA,Hyderabad,"Tableau, SQL, Excel"
85,Arjun Joshi,Female,33,5.8,M.Tech,Chennai,"SQL, Power BI, Excel"
86,Sneha Mehta,Female,32,1.5,B.Tech,Pune,"AWS, Python, SQL"
87,Meera Joshi,Female,33,4.0,B.Tech,Bangalore,"React, JavaScript, HTML, CSS"
88,Rahul Kumar,Male,24,10.2,MCA,Noida,"Excel, Power BI, SQL"
89,Akash Agarwal,Male,28,8.4,M.Com,Chennai,"SQL, Power BI, Excel"
90,Meera Kapoor,Female,35,9.8,B.Tech,Noida,"AWS, Python, SQL"
91,Simran Reddy,Female,35,6.4,B.E.,Delhi,"React, JavaScript, HTML, CSS"
92,Rahul Joshi,Male,39,2.4,M.Tech,Bangalore,"Python, SQL, Pandas"
93,Isha Kumar,Female,31,11.2,MBA,Delhi,"Python, SQL, Pandas"
94,Rahul Verma,Male,25,0.8,M.Tech,Mumbai,"Python, Django, PostgreSQL"
95,Vivaan Patel,Male,25,0.0,B.Tech,Noida,"AWS, Python, SQL"
96,Aditya Reddy,Male,25,10.0,M.Tech,Mumbai,"React, JavaScript, HTML, CSS"
97,Neha Shah,Male,23,0.8,MCA,Noida,"Tableau, SQL, Excel"
98,Rohan Reddy,Female,23,2.0,MBA,Delhi,"Machine Learning, Python, NLP"
99,Arjun Shah,Female,38,9.8,M.Com,Noida,"Python, Machine Learning, SQL"
100,Rahul Sharma,Female,35,6.9,B.Tech,Bangalore,"Excel, Power BI, SQL"
101,Vivaan Reddy,Male,28,7.5,B.Sc,Chennai,"AWS, Python, SQL"
102,Aditya Agarwal,Female,30,1.7,M.Com,Bangalore,"Java, Spring Boot, SQL"
103,Karan Malhotra,Female,26,9.0,MBA,Pune,"Excel, Power BI, SQL"
104,Aarav Reddy,Male,22,9.1,B.Sc,Kolkata,"Python, SQL, Pandas"
105,Rahul Mishra,Male,24,5.5,M.Tech,Noida,"Python, Django, PostgreSQL"
106,Rohan Mishra,Male,32,9.3,B.Sc,Delhi,"Python, Machine Learning, SQL"
107,Arjun Patel,Female,25,9.9,MCA,Kolkata,"Python, Django, PostgreSQL"
108,Rahul Kumar,Male,35,3.5,B.Sc,Kolkata,"Python, Django, PostgreSQL"
109,Riya Shah,Male,28,10.5,M.Tech,Hyderabad,"Java, Spring Boot, SQL"
110,Rohan Mehta,Male,30,9.3,M.Com,Kolkata,"Tableau, SQL, Excel"
111,Simran Mishra,Male,29,11.1,M.Com,Bangalore,"React, JavaScript, HTML, CSS"
112,Isha Patel,Male,21,10.4,M.Com,Delhi,"Python, Django, PostgreSQL"
113,Sneha Singh,Male,29,2.5,B.Tech,Pune,"Machine Learning, Python, NLP"
114,Akash Gupta,Male,31,11.1,M.Com,Mumbai,"SQL, Power BI, Excel"
115,Kavya Malhotra,Male,39,3.0,B.Tech,Ahmedabad,"Java, Spring Boot, SQL"
116,Rahul Singh,Female,37,9.4,B.Sc,Chennai,"Machine Learning, Python, NLP"
117,Riya Singh,Female,37,11.5,B.Tech,Hyderabad,"AWS, Python, SQL"
118,Ankit Sharma,Male,33,4.8,B.Sc,Noida,"Python, Machine Learning, SQL"
119,Kavya Mishra,Male,36,6.8,B.E.,Bangalore,"Python, Machine Learning, SQL"
120,Sneha Verma,Female,37,4.8,MCA,Delhi,"Java, Spring Boot, SQL"
121,Aarav Mehta,Female,27,9.0,B.E.,Kolkata,"Python, Machine Learning, SQL"
122,Isha Verma,Male,38,10.4,B.Tech,Gurgaon,"Excel, Power BI, SQL"
123,Aditya Mehta,Male,28,1.2,M.Com,Pune,"Python, Machine Learning, SQL"
124,Simran Sharma,Female,28,1.2,MCA,Noida,"Java, Spring Boot, SQL"
125,Meera Singh,Male,34,3.5,B.E.,Ahmedabad,"Machine Learning, Python, NLP"
126,Karan Sharma,Male,39,1.5,B.Sc,Hyderabad,"SQL, Power BI, Excel"
127,Vivaan Sharma,Female,31,3.1,B.E.,Delhi,"Excel, Power BI, SQL"
128,Priya Patel,Female,26,9.3,B.Tech,Mumbai,"React, JavaScript, HTML, CSS"
129,Priya Gupta,Female,32,1.7,B.E.,Noida,"Excel, Power BI, SQL"
130,Kavya Verma,Male,34,8.9,B.E.,Gurgaon,"Excel, Power BI, SQL"
131,Akash Kumar,Female,34,11.8,B.E.,Mumbai,"Excel, Power BI, SQL"
132,Rohan Malhotra,Female,30,6.9,MCA,Mumbai,"Python, SQL, Pandas"
133,Rohan Shah,Female,32,2.5,B.E.,Chennai,"React, JavaScript, HTML, CSS"
134,Rahul Malhotra,Female,32,7.6,MBA,Ahmedabad,"Machine Learning, Python, NLP"
135,Ananya Sharma,Male,34,0.6,M.Tech,Chennai,"Python, SQL, Pandas"
136,Simran Singh,Female,31,3.5,M.Tech,Bangalore,"Excel, Power BI, SQL"
137,Ankit Gupta,Female,35,11.4,MCA,Pune,"Python, Django, PostgreSQL"
138,Aarav Joshi,Male,39,7.1,B.Sc,Bangalore,"SQL, Power BI, Excel"
139,Akash Joshi,Male,29,0.9,B.Tech,Bangalore,"Tableau, SQL, Excel"
140,Neha Mehta,Male,27,0.9,B.E.,Pune,"Python, Machine Learning, SQL"
141,Rahul Verma,Male,25,1.1,B.Sc,Bangalore,"Python, SQL, Pandas"
142,Varun Shah,Male,35,1.0,B.Sc,Noida,"React, JavaScript, HTML, CSS"
143,Kavya Agarwal,Female,36,10.2,B.Tech,Mumbai,"Tableau, SQL, Excel"
144,Priya Nair,Female,29,11.3,M.Com,Kolkata,"Excel, Power BI, SQL"
145,Kavya Agarwal,Female,27,0.4,MBA,Ahmedabad,"Tableau, SQL, Excel"
146,Simran Mehta,Other,38,8.9,M.Tech,Ahmedabad,"Python, Machine Learning, SQL"
147,Riya Malhotra,Female,37,7.8,B.Sc,Mumbai,"Python, Machine Learning, SQL"
148,Rohan Malhotra,Male,32,6.9,B.Tech,Hyderabad,"AWS, Python, SQL"
149,Ananya Verma,Female,33,7.4,MCA,Mumbai,"Excel, Power BI, SQL"
150,Aditya Joshi,Other,33,6.3,B.Sc,Ahmedabad,"Java, Spring Boot, SQL"
151,Kavya Mishra,Male,32,7.5,M.Tech,Gurgaon,"Machine Learning, Python, NLP"
152,Karan Patel,Female,37,1.3,MCA,Noida,"SQL, Power BI, Excel"
153,Arjun Verma,Male,36,0.2,MCA,Gurgaon,"Python, SQL, Pandas"
154,Arjun Kapoor,Female,25,9.4,B.Sc,Chennai,"Excel, Power BI, SQL"
155,Isha Mehta,Male,33,11.9,M.Com,Hyderabad,"Java, Spring Boot, SQL"
156,Ankit Patel,Female,39,6.2,B.E.,Mumbai,"Tableau, SQL, Excel"
157,Akash Sharma,Female,26,9.6,MCA,Ahmedabad,"Python, SQL, Pandas"
158,Akash Gupta,Female,37,2.1,B.E.,Delhi,"SQL, Power BI, Excel"
159,Riya Reddy,Other,23,9.8,MCA,Noida,"Tableau, SQL, Excel"
160,Akash Patel,Female,22,5.5,B.Sc,Gurgaon,"Python, Machine Learning, SQL"
161,Vivaan Kapoor,Male,35,7.9,MBA,Mumbai,"Python, Django, PostgreSQL"
162,Sneha Kumar,Male,25,0.6,B.E.,Chennai,"React, JavaScript, HTML, CSS"
163,Pooja Mishra,Female,33,10.2,MBA,Delhi,"Machine Learning, Python, NLP"
164,Aditya Mehta,Female,28,6.8,MBA,Bangalore,"AWS, Python, SQL"
165,Simran Mehta,Male,36,8.5,B.Sc,Gurgaon,"React, JavaScript, HTML, CSS"
166,Varun Patel,Female,26,2.3,MBA,Kolkata,"Tableau, SQL, Excel"
167,Simran Nair,Female,30,9.8,MBA,Ahmedabad,"SQL, Power BI, Excel"
168,Arjun Verma,Female,32,0.1,MBA,Bangalore,"Tableau, SQL, Excel"
169,Kavya Mehta,Male,33,9.4,MCA,Delhi,"Excel, Power BI, SQL"
170,Varun Shah,Other,35,11.2,MBA,Chennai,"Java, Spring Boot, SQL"
171,Meera Patel,Male,37,9.3,B.Tech,Kolkata,"AWS, Python, SQL"
172,Aarav Kumar,Female,38,10.5,M.Com,Hyderabad,"Python, Machine Learning, SQL"
173,Meera Mishra,Male,31,9.9,M.Com,Delhi,"Machine Learning, Python, NLP"
174,Vivaan Reddy,Male,24,5.1,MBA,Gurgaon,"Excel, Power BI, SQL"
175,Sneha Agarwal,Female,31,2.6,B.E.,Hyderabad,"AWS, Python, SQL"
176,Neha Malhotra,Female,32,0.4,MBA,Pune,"React, JavaScript, HTML, CSS"
177,Meera Kumar,Female,25,11.8,B.Tech,Kolkata,"AWS, Python, SQL"
178,Sneha Verma,Male,37,7.8,M.Tech,Mumbai,"Python, Django, PostgreSQL"
179,Isha Shah,Female,28,9.3,MCA,Mumbai,"Java, Spring Boot, SQL"
180,Karan Gupta,Female,32,0.4,M.Tech,Kolkata,"Python, Machine Learning, SQL"
181,Meera Reddy,Male,34,7.2,MCA,Hyderabad,"Java, Spring Boot, SQL"
182,Akash Kumar,Male,22,9.6,B.Sc,Bangalore,"Python, Django, PostgreSQL"
183,Riya Reddy,Male,34,11.7,MCA,Gurgaon,"Python, SQL, Pandas"
184,Rahul Shah,Male,39,1.3,B.Tech,Gurgaon,"AWS, Python, SQL"
185,Meera Sharma,Female,38,3.9,B.E.,Bangalore,"Python, SQL, Pandas"
186,Akash Mishra,Male,33,0.9,MCA,Ahmedabad,"SQL, Power BI, Excel"
187,Rahul Agarwal,Male,38,9.9,B.E.,Ahmedabad,"Python, SQL, Pandas"
188,Ankit Malhotra,Male,26,7.1,B.Tech,Ahmedabad,"Tableau, SQL, Excel"
189,Riya Kapoor,Female,38,7.5,M.Tech,Ahmedabad,"Java, Spring Boot, SQL"
190,Pooja Patel,Female,23,0.5,M.Tech,Kolkata,"SQL, Power BI, Excel"
191,Priya Agarwal,Female,33,7.4,B.Sc,Ahmedabad,"Java, Spring Boot, SQL"
192,Ananya Mehta,Female,39,1.9,MCA,Mumbai,"Python, Machine Learning, SQL"
193,Rohan Mehta,Other,23,1.0,B.Sc,Delhi,"AWS, Python, SQL"
194,Sneha Sharma,Female,37,10.4,M.Com,Kolkata,"Python, Django, PostgreSQL"
195,Meera Singh,Male,32,9.2,M.Tech,Noida,"SQL, Power BI, Excel"
196,Kavya Gupta,Female,24,0.4,B.E.,Hyderabad,"SQL, Power BI, Excel"
197,Sneha Verma,Female,27,3.3,B.Sc,Kolkata,"AWS, Python, SQL"
198,Priya Gupta,Female,28,10.0,B.Tech,Delhi,"Machine Learning, Python, NLP"
199,Ankit Patel,Female,30,2.9,MCA,Mumbai,"Excel, Power BI, SQL"
200,Rohan Singh,Male,29,3.0,M.Tech,Noida,"Excel, Power BI, SQL"
201,Meera Verma,Male,37,4.7,B.Tech,Mumbai,"Python, Machine Learning, SQL"
202,Rohan Singh,Male,28,7.2,M.Tech,Ahmedabad,"Machine Learning, Python, NLP"
203,Aditya Kumar,Male,30,5.4,M.Tech,Gurgaon,"Python, SQL, Pandas"
204,Rohan Patel,Female,32,8.5,MCA,Hyderabad,"Tableau, SQL, Excel"
205,Neha Singh,Male,32,5.7,B.Tech,Noida,"Python, Django, PostgreSQL"
206,Sneha Nair,Female,38,11.8,B.Tech,Pune,"Java, Spring Boot, SQL"
207,Aarav Agarwal,Male,25,11.2,MBA,Bangalore,"Python, SQL, Pandas"
208,Simran Reddy,Female,38,11.6,B.Sc,Mumbai,"Tableau, SQL, Excel"
209,Riya Mishra,Female,35,6.3,M.Com,Chennai,"Java, Spring Boot, SQL"
210,Ananya Patel,Female,30,8.8,B.E.,Pune,"Python, SQL, Pandas"
211,Ankit Mishra,Male,25,11.6,M.Com,Mumbai,"Python, SQL, Pandas"
212,Neha Joshi,Male,38,7.4,M.Com,Noida,"Python, SQL, Pandas"
213,Priya Malhotra,Female,34,11.0,B.Tech,Delhi,"React, JavaScript, HTML, CSS"
214,Pooja Singh,Female,22,12.0,MCA,Gurgaon,"Python, SQL, Pandas"
215,Akash Shah,Female,29,1.1,M.Com,Gurgaon,"Java, Spring Boot, SQL"
216,Vivaan Mishra,Female,24,8.0,MCA,Mumbai,"SQL, Power BI, Excel"
217,Ananya Shah,Male,33,9.8,MCA,Chennai,"Excel, Power BI, SQL"
218,Sneha Sharma,Male,27,6.8,B.Sc,Gurgaon,"Python, SQL, Pandas"
219,Kavya Sharma,Male,26,0.9,B.Sc,Noida,"Machine Learning, Python, NLP"
220,Vivaan Reddy,Female,28,6.2,MCA,Pune,"Machine Learning, Python, NLP"
221,Priya Singh,Male,25,3.0,M.Tech,Ahmedabad,"AWS, Python, SQL"
222,Isha Verma,Female,31,0.2,M.Com,Ahmedabad,"React, JavaScript, HTML, CSS"
223,Sneha Shah,Female,39,0.7,MBA,Chennai,"Python, Machine Learning, SQL"
224,Vivaan Reddy,Female,36,6.3,MCA,Delhi,"Python, Django, PostgreSQL"
225,Pooja Joshi,Female,38,4.8,MBA,Hyderabad,"Machine Learning, Python, NLP"
226,Neha Agarwal,Female,30,9.6,M.Com,Ahmedabad,"Python, Django, PostgreSQL"
227,Kavya Joshi,Male,24,5.1,MCA,Ahmedabad,"AWS, Python, SQL"
228,Aarav Kapoor,Male,30,1.3,MBA,Ahmedabad,"AWS, Python, SQL"
229,Akash Joshi,Male,30,2.1,B.Tech,Kolkata,"Python, Django, PostgreSQL"
230,Pooja Sharma,Male,25,3.6,B.Sc,Hyderabad,"Excel, Power BI, SQL"
231,Varun Shah,Male,24,1.8,M.Com,Mumbai,"React, JavaScript, HTML, CSS"
232,Sneha Sharma,Female,22,5.7,MBA,Bangalore,"AWS, Python, SQL"
233,Pooja Singh,Female,27,6.6,B.E.,Gurgaon,"Tableau, SQL, Excel"
234,Vivaan Gupta,Female,38,4.9,MCA,Ahmedabad,"Tableau, SQL, Excel"
235,Kavya Malhotra,Other,34,1.2,B.E.,Chennai,"Machine Learning, Python, NLP"
236,Karan Mishra,Male,28,7.7,M.Tech,Delhi,"Tableau, SQL, Excel"
237,Ankit Sharma,Male,29,7.4,MBA,Bangalore,"SQL, Power BI, Excel"
238,Rohan Kapoor,Male,28,10.6,B.E.,Delhi,"AWS, Python, SQL"
239,Priya Mishra,Male,26,0.6,M.Tech,Mumbai,"AWS, Python, SQL"
240,Kavya Gupta,Female,28,7.0,B.E.,Hyderabad,"React, JavaScript, HTML, CSS"
241,Ananya Mishra,Female,36,4.9,MCA,Gurgaon,"Excel, Power BI, SQL"
242,Pooja Kapoor,Male,32,11.8,B.Sc,Ahmedabad,"Python, Machine Learning, SQL"
243,Ankit Kumar,Other,28,9.2,B.Tech,Gurgaon,"React, JavaScript, HTML, CSS"
244,Meera Kumar,Male,28,9.1,B.Tech,Pune,"AWS, Python, SQL"
245,Meera Verma,Male,24,3.6,B.E.,Mumbai,"Tableau, SQL, Excel"
246,Vivaan Malhotra,Male,21,3.7,M.Tech,Ahmedabad,"Machine Learning, Python, NLP"
247,Arjun Verma,Female,23,9.4,M.Com,Chennai,"React, JavaScript, HTML, CSS"
248,Meera Joshi,Female,37,1.4,B.E.,Delhi,"Python, Django, PostgreSQL"
249,Varun Reddy,Female,23,9.5,M.Tech,Gurgaon,"React, JavaScript, HTML, CSS"
250,Aditya Verma,Male,23,4.2,M.Tech,Mumbai,"Machine Learning, Python, NLP"
251,Vivaan Shah,Male,21,11.1,MCA,Bangalore,"AWS, Python, SQL"
252,Isha Mishra,Male,23,4.8,B.Tech,Pune,"SQL, Power BI, Excel"
253,Ankit Singh,Male,35,11.6,M.Tech,Hyderabad,"SQL, Power BI, Excel"
254,Rahul Mishra,Male,22,7.8,B.Sc,Delhi,"React, JavaScript, HTML, CSS"
255,Simran Verma,Male,22,5.8,B.E.,Noida,"Tableau, SQL, Excel"
256,Simran Shah,Male,29,9.4,MCA,Delhi,"Excel, Power BI, SQL"
257,Pooja Kapoor,Female,24,12.0,B.Tech,Pune,"Excel, Power BI, SQL"
258,Meera Mishra,Female,26,5.1,M.Com,Pune,"Java, Spring Boot, SQL"
259,Aditya Agarwal,Female,34,2.1,MBA,Chennai,"React, JavaScript, HTML, CSS"
260,Vivaan Reddy,Female,26,3.1,B.E.,Ahmedabad,"Machine Learning, Python, NLP"
261,Karan Singh,Male,38,7.6,MBA,Mumbai,"React, JavaScript, HTML, CSS"
262,Ananya Patel,Male,37,6.6,M.Com,Pune,"Java, Spring Boot, SQL"
263,Arjun Verma,Male,38,5.7,B.Tech,Hyderabad,"AWS, Python, SQL"
264,Varun Singh,Female,37,11.5,B.Tech,Noida,"Tableau, SQL, Excel"
265,Akash Sharma,Female,36,3.1,B.E.,Mumbai,"Machine Learning, Python, NLP"
266,Ankit Singh,Female,22,4.6,MCA,Noida,"Python, SQL, Pandas"
267,Sneha Sharma,Male,33,1.8,M.Tech,Bangalore,"Excel, Power BI, SQL"
268,Rohan Mehta,Male,31,7.9,B.Sc,Noida,"Python, Machine Learning, SQL"
269,Kavya Singh,Female,28,4.2,MCA,Hyderabad,"Java, Spring Boot, SQL"
270,Sneha Gupta,Female,39,2.1,MBA,Pune,"AWS, Python, SQL"
271,Ankit Joshi,Male,36,11.6,M.Com,Noida,"Python, Django, PostgreSQL"
272,Akash Verma,Female,23,1.5,MCA,Hyderabad,"Tableau, SQL, Excel"
273,Akash Shah,Female,38,3.9,M.Tech,Noida,"SQL, Power BI, Excel"
274,Ananya Singh,Female,36,9.7,M.Tech,Mumbai,"Machine Learning, Python, NLP"
275,Sneha Sharma,Female,29,4.5,B.Sc,Kolkata,"Tableau, SQL, Excel"
276,Riya Kumar,Male,32,2.4,MCA,Bangalore,"Python, Django, PostgreSQL"
277,Aditya Joshi,Female,27,10.2,B.Tech,Mumbai,"React, JavaScript, HTML, CSS"
278,Ananya Reddy,Male,28,9.0,MCA,Ahmedabad,"Excel, Power BI, SQL"
279,Priya Malhotra,Male,31,3.2,M.Tech,Mumbai,"SQL, Power BI, Excel"
280,Sneha Patel,Female,35,6.1,M.Tech,Chennai,"React, JavaScript, HTML, CSS"
281,Aarav Mehta,Female,39,1.8,MCA,Ahmedabad,"Tableau, SQL, Excel"
282,Rohan Nair,Male,36,9.7,M.Tech,Pune,"Python, Machine Learning, SQL"
283,Aarav Patel,Male,30,7.9,B.Tech,Kolkata,"React, JavaScript, HTML, CSS"
284,Isha Agarwal,Female,22,4.3,MBA,Gurgaon,"Java, Spring Boot, SQL"
285,Arjun Kumar,Female,32,8.9,MCA,Gurgaon,"SQL, Power BI, Excel"
286,Meera Malhotra,Female,26,10.5,MBA,Kolkata,"Java, Spring Boot, SQL"
287,Sneha Mishra,Female,30,10.6,B.Sc,Kolkata,"React, JavaScript, HTML, CSS"
288,Rahul Singh,Male,27,0.0,MCA,Hyderabad,"Tableau, SQL, Excel"
289,Ananya Patel,Male,27,5.8,MCA,Delhi,"Python, Django, PostgreSQL"
290,Rohan Joshi,Female,24,0.6,B.E.,Mumbai,"Python, Machine Learning, SQL"
291,Simran Sharma,Female,39,0.7,MBA,Kolkata,"AWS, Python, SQL"
292,Arjun Gupta,Male,24,1.5,B.Tech,Ahmedabad,"Python, SQL, Pandas"
293,Riya Nair,Male,35,12.0,M.Tech,Chennai,"Python, SQL, Pandas"
294,Kavya Kumar,Female,36,2.1,M.Com,Chennai,"Excel, Power BI, SQL"
295,Akash Joshi,Female,30,4.0,MBA,Bangalore,"AWS, Python, SQL"
296,Ananya Kumar,Female,33,9.4,B.Sc,Kolkata,"Python, Machine Learning, SQL"
297,Isha Joshi,Female,25,5.8,MBA,Kolkata,"React, JavaScript, HTML, CSS"
298,Arjun Kumar,Female,27,10.8,B.Sc,Bangalore,"Python, Django, PostgreSQL"
299,Arjun Kumar,Male,34,7.3,M.Tech,Gurgaon,"Java, Spring Boot, SQL"
300,Arjun Singh,Male,32,0.5,MCA,Ahmedabad,"Python, Machine Learning, SQL"
301,Isha Mehta,Other,36,9.1,B.E.,Gurgaon,"AWS, Python, SQL"
302,Priya Shah,Female,31,0.8,B.E.,Gurgaon,"React, JavaScript, HTML, CSS"
303,Arjun Verma,Male,27,1.0,M.Com,Mumbai,"Python, Django, PostgreSQL"
304,Neha Patel,Male,36,11.2,B.E.,Kolkata,"Python, Django, PostgreSQL"
305,Isha Shah,Female,38,1.7,M.Com,Kolkata,"React, JavaScript, HTML, CSS"
306,Kavya Gupta,Male,32,4.2,B.Tech,Bangalore,"SQL, Power BI, Excel"
307,Arjun Nair,Male,27,8.2,B.Tech,Bangalore,"Python, Django, PostgreSQL"
308,Vivaan Kapoor,Female,29,9.5,B.Tech,Bangalore,"SQL, Power BI, Excel"
309,Rahul Reddy,Male,21,5.1,MBA,Mumbai,"AWS, Python, SQL"
310,Pooja Shah,Female,22,10.3,B.Sc,Ahmedabad,"AWS, Python, SQL"
311,Priya Mehta,Female,26,9.7,B.E.,Delhi,"Python, Machine Learning, SQL"
312,Kavya Agarwal,Female,24,9.1,MCA,Noida,"Python, Django, PostgreSQL"
313,Sneha Kumar,Male,34,2.9,B.Tech,Noida,"Machine Learning, Python, NLP"
314,Kavya Nair,Female,23,10.9,B.Tech,Kolkata,"Java, Spring Boot, SQL"
315,Aditya Kumar,Male,38,1.1,MBA,Delhi,"Python, Django, PostgreSQL"
316,Priya Joshi,Male,29,6.9,MBA,Noida,"Excel, Power BI, SQL"
317,Akash Nair,Male,34,6.4,B.E.,Hyderabad,"AWS, Python, SQL"
318,Priya Verma,Male,23,4.4,B.Sc,Mumbai,"Python, Django, PostgreSQL"
319,Rahul Sharma,Female,28,10.7,M.Tech,Pune,"Java, Spring Boot, SQL"
320,Rahul Reddy,Male,29,9.6,MCA,Ahmedabad,"Python, SQL, Pandas"
321,Ananya Agarwal,Male,33,3.9,M.Tech,Chennai,"Machine Learning, Python, NLP"
322,Rohan Shah,Male,24,8.6,B.E.,Kolkata,"React, JavaScript, HTML, CSS"
323,Aditya Mishra,Male,29,9.8,B.E.,Chennai,"Python, Machine Learning, SQL"
324,Priya Shah,Male,35,7.8,B.Tech,Pune,"Python, Django, PostgreSQL"
325,Vivaan Kumar,Female,36,8.5,B.E.,Bangalore,"React, JavaScript, HTML, CSS"
326,Aditya Patel,Female,39,5.4,B.E.,Gurgaon,"Excel, Power BI, SQL"
327,Pooja Kumar,Female,32,5.7,M.Com,Delhi,"Python, SQL, Pandas"
328,Meera Mishra,Female,22,3.8,M.Tech,Ahmedabad,"AWS, Python, SQL"
329,Akash Patel,Male,28,0.9,M.Com,Delhi,"Java, Spring Boot, SQL"
330,Sneha Kumar,Male,23,9.2,MBA,Hyderabad,"Java, Spring Boot, SQL"
331,Priya Sharma,Female,23,0.7,M.Com,Mumbai,"Python, Machine Learning, SQL"
332,Aarav Kumar,Female,22,5.4,MCA,Hyderabad,"React, JavaScript, HTML, CSS"
333,Ankit Reddy,Male,34,5.7,B.Tech,Gurgaon,"Python, Django, PostgreSQL"
334,Isha Joshi,Other,36,8.5,MCA,Delhi,"Python, Machine Learning, SQL"
335,Varun Gupta,Female,33,11.6,M.Com,Gurgaon,"Excel, Power BI, SQL"
336,Simran Nair,Male,26,1.4,M.Tech,Noida,"Python, SQL, Pandas"
337,Akash Sharma,Male,34,7.2,B.Sc,Gurgaon,"Tableau, SQL, Excel"
338,Arjun Malhotra,Female,28,10.5,MBA,Chennai,"Tableau, SQL, Excel"
339,Pooja Mishra,Female,36,0.4,B.Sc,Mumbai,"React, JavaScript, HTML, CSS"
340,Rohan Patel,Male,32,1.4,MBA,Gurgaon,"Tableau, SQL, Excel"
341,Arjun Gupta,Female,21,0.3,M.Com,Noida,"AWS, Python, SQL"
342,Priya Reddy,Female,29,4.1,M.Tech,Chennai,"Python, Django, PostgreSQL"
343,Simran Kumar,Female,39,2.8,M.Com,Hyderabad,"AWS, Python, SQL"
344,Priya Mishra,Other,32,11.4,B.E.,Ahmedabad,"Tableau, SQL, Excel"
345,Aarav Mehta,Female,26,10.7,B.E.,Bangalore,"AWS, Python, SQL"
346,Ankit Gupta,Male,21,5.4,MBA,Bangalore,"Python, Machine Learning, SQL"
347,Ankit Reddy,Female,33,5.7,B.Tech,Chennai,"Python, SQL, Pandas"
348,Isha Sharma,Male,31,10.1,B.Tech,Kolkata,"Excel, Power BI, SQL"
349,Kavya Reddy,Male,29,4.8,MBA,Bangalore,"Tableau, SQL, Excel"
350,Kavya Mehta,Female,27,6.9,M.Com,Delhi,"Python, SQL, Pandas"
351,Ankit Kapoor,Female,28,10.9,MBA,Bangalore,"Machine Learning, Python, NLP"
352,Karan Kapoor,Female,28,10.4,MCA,Ahmedabad,"Excel, Power BI, SQL"
353,Kavya Nair,Female,38,1.4,MCA,Bangalore,"Java, Spring Boot, SQL"
354,Riya Singh,Male,28,9.0,B.Tech,Kolkata,"Python, Machine Learning, SQL"
355,Sneha Shah,Female,29,7.8,B.Sc,Kolkata,"SQL, Power BI, Excel"
356,Simran Kumar,Male,27,10.5,M.Tech,Chennai,"React, JavaScript, HTML, CSS"
357,Vivaan Mishra,Male,36,11.9,B.E.,Bangalore,"Tableau, SQL, Excel"
358,Priya Gupta,Male,33,4.8,MBA,Pune,"Python, SQL, Pandas"
359,Rahul Kapoor,Male,31,5.2,B.Sc,Ahmedabad,"Tableau, SQL, Excel"
360,Rahul Joshi,Female,32,9.6,B.Sc,Delhi,"Tableau, SQL, Excel"
361,Ankit Malhotra,Female,24,4.7,M.Com,Mumbai,"Python, Django, PostgreSQL"
362,Rohan Agarwal,Male,21,4.2,M.Tech,Delhi,"Machine Learning, Python, NLP"
363,Riya Kapoor,Male,35,0.9,MCA,Bangalore,"Python, SQL, Pandas"
364,Rahul Singh,Female,36,2.6,M.Tech,Chennai,"Python, SQL, Pandas"
365,Arjun Sharma,Male,25,2.7,B.Sc,Delhi,"Java, Spring Boot, SQL"
366,Isha Kumar,Female,30,4.7,MCA,Pune,"Machine Learning, Python, NLP"
367,Rohan Joshi,Male,30,4.5,B.Sc,Ahmedabad,"AWS, Python, SQL"
368,Arjun Verma,Female,37,1.1,B.Sc,Hyderabad,"Python, SQL, Pandas"
369,Ananya Kumar,Female,25,5.7,MBA,Mumbai,"AWS, Python, SQL"
370,Simran Gupta,Male,33,2.3,B.Tech,Pune,"React, JavaScript, HTML, CSS"
371,Priya Malhotra,Female,39,2.0,M.Com,Noida,"Python, Machine Learning, SQL"
372,Ananya Nair,Female,24,4.8,B.Tech,Delhi,"SQL, Power BI, Excel"
373,Ankit Kumar,Female,39,2.4,MBA,Noida,"React, JavaScript, HTML, CSS"
374,Kavya Singh,Female,39,1.6,B.Sc,Pune,"SQL, Power BI, Excel"
375,Neha Kumar,Female,32,0.5,MCA,Ahmedabad,"React, JavaScript, HTML, CSS"
376,Kavya Mehta,Male,34,0.4,MCA,Bangalore,"Python, Machine Learning, SQL"
377,Simran Joshi,Other,32,9.1,MCA,Ahmedabad,"Machine Learning, Python, NLP"
378,Arjun Kumar,Female,35,7.3,B.Tech,Delhi,"SQL, Power BI, Excel"
379,Kavya Gupta,Female,38,5.3,M.Com,Hyderabad,"Excel, Power BI, SQL"
380,Ananya Gupta,Male,29,0.7,MBA,Bangalore,"Python, SQL, Pandas"
381,Kavya Sharma,Female,39,3.7,B.Sc,Pune,"Excel, Power BI, SQL"
382,Pooja Verma,Male,31,10.5,B.E.,Kolkata,"React, JavaScript, HTML, CSS"
383,Pooja Kapoor,Female,23,2.5,B.Tech,Delhi,"Python, Machine Learning, SQL"
384,Riya Mehta,Other,28,3.5,M.Com,Delhi,"Python, SQL, Pandas"
385,Arjun Shah,Female,35,1.7,MBA,Gurgaon,"Python, SQL, Pandas"
386,Arjun Gupta,Female,28,4.8,B.E.,Hyderabad,"AWS, Python, SQL"
387,Neha Gupta,Female,34,9.7,MBA,Mumbai,"Python, Machine Learning, SQL"
388,Rahul Verma,Male,22,9.5,MCA,Mumbai,"SQL, Power BI, Excel"
389,Ananya Mehta,Male,22,3.4,M.Com,Noida,"Excel, Power BI, SQL"
390,Karan Singh,Female,37,7.7,MBA,Pune,"Python, Machine Learning, SQL"
391,Simran Shah,Female,37,8.6,MCA,Kolkata,"Machine Learning, Python, NLP"
392,Arjun Mehta,Female,38,2.9,M.Tech,Hyderabad,"React, JavaScript, HTML, CSS"
393,Sneha Kumar,Female,24,1.7,M.Com,Noida,"SQL, Power BI, Excel"
394,Priya Agarwal,Male,22,1.6,B.E.,Gurgaon,"Python, SQL, Pandas"
395,Sneha Shah,Male,38,3.3,MCA,Bangalore,"Excel, Power BI, SQL"
396,Riya Mehta,Male,25,11.3,MBA,Gurgaon,"Python, SQL, Pandas"
397,Neha Gupta,Female,22,3.8,M.Tech,Mumbai,"Python, Machine Learning, SQL"
398,Ananya Gupta,Female,36,11.2,B.Sc,Pune,"Python, SQL, Pandas"
399,Aarav Kapoor,Female,30,1.7,MBA,Pune,"React, JavaScript, HTML, CSS"
400,Aarav Mehta,Female,37,8.1,B.Tech,Gurgaon,"React, JavaScript, HTML, CSS"
401,Meera Gupta,Female,25,0.6,MBA,Chennai,"Excel, Power BI, SQL"
402,Akash Gupta,Male,38,7.6,B.Sc,Gurgaon,"Excel, Power BI, SQL"
403,Akash Mishra,Male,33,5.0,B.E.,Gurgaon,"Tableau, SQL, Excel"
404,Rahul Malhotra,Female,21,9.6,M.Com,Mumbai,"Tableau, SQL, Excel"
405,Ankit Agarwal,Male,23,3.8,M.Tech,Pune,"Python, Django, PostgreSQL"
406,Aarav Patel,Male,31,4.4,B.Tech,Bangalore,"AWS, Python, SQL"
407,Varun Singh,Male,30,0.2,MBA,Chennai,"Python, Django, PostgreSQL"
408,Vivaan Kumar,Female,34,5.0,B.Tech,Delhi,"AWS, Python, SQL"
409,Kavya Kapoor,Female,31,10.5,B.E.,Kolkata,"AWS, Python, SQL"
410,Aarav Patel,Male,36,9.3,M.Tech,Kolkata,"AWS, Python, SQL"
411,Varun Malhotra,Male,29,1.4,MCA,Ahmedabad,"React, JavaScript, HTML, CSS"
412,Aarav Agarwal,Female,32,0.0,B.Sc,Pune,"Java, Spring Boot, SQL"
413,Ananya Agarwal,Female,39,0.3,B.Sc,Noida,"Python, SQL, Pandas"
414,Ankit Mishra,Male,24,10.8,MBA,Gurgaon,"SQL, Power BI, Excel"
415,Vivaan Kapoor,Male,32,0.7,B.E.,Noida,"Tableau, SQL, Excel"
416,Rohan Mehta,Other,38,7.7,M.Tech,Chennai,"Tableau, SQL, Excel"
417,Kavya Malhotra,Female,27,1.7,B.E.,Gurgaon,"Machine Learning, Python, NLP"
418,Ananya Gupta,Male,28,7.6,M.Com,Bangalore,"Python, SQL, Pandas"
419,Sneha Patel,Male,35,0.7,MCA,Mumbai,"Machine Learning, Python, NLP"
420,Kavya Verma,Male,29,5.4,MCA,Bangalore,"SQL, Power BI, Excel"
421,Rahul Malhotra,Female,34,0.9,MCA,Chennai,"SQL, Power BI, Excel"
422,Isha Joshi,Male,23,2.0,MBA,Noida,"Python, SQL, Pandas"
423,Kavya Malhotra,Female,31,4.7,M.Tech,Chennai,"Tableau, SQL, Excel"
424,Pooja Patel,Female,36,4.9,B.Sc,Kolkata,"Tableau, SQL, Excel"
425,Priya Malhotra,Male,38,7.1,M.Com,Chennai,"AWS, Python, SQL"
426,Riya Joshi,Male,32,9.5,B.Sc,Mumbai,"Python, SQL, Pandas"
427,Neha Malhotra,Female,22,11.6,MBA,Kolkata,"Python, Django, PostgreSQL"
428,Arjun Nair,Male,31,8.0,B.Sc,Hyderabad,"Python, Django, PostgreSQL"
429,Riya Kumar,Female,32,0.1,B.E.,Hyderabad,"React, JavaScript, HTML, CSS"
430,Varun Nair,Female,30,3.9,B.E.,Ahmedabad,"Python, Django, PostgreSQL"
431,Pooja Malhotra,Male,23,10.7,MBA,Kolkata,"Java, Spring Boot, SQL"
432,Akash Kumar,Male,22,11.9,B.Tech,Ahmedabad,"Python, SQL, Pandas"
433,Aditya Patel,Male,23,0.7,M.Com,Kolkata,"Python, SQL, Pandas"
434,Riya Mishra,Male,38,7.9,B.E.,Bangalore,"Machine Learning, Python, NLP"
435,Ananya Patel,Male,30,10.1,B.Tech,Gurgaon,"React, JavaScript, HTML, CSS"
436,Aarav Sharma,Male,33,2.7,M.Tech,Pune,"Python, Django, PostgreSQL"
437,Simran Singh,Female,39,3.4,M.Tech,Ahmedabad,"Excel, Power BI, SQL"
438,Karan Joshi,Female,34,9.4,B.E.,Hyderabad,"SQL, Power BI, Excel"
439,Meera Mishra,Female,29,3.5,M.Com,Gurgaon,"Java, Spring Boot, SQL"
440,Sneha Gupta,Female,23,1.1,B.Sc,Noida,"Java, Spring Boot, SQL"
441,Vivaan Mishra,Female,30,9.9,B.E.,Gurgaon,"Python, SQL, Pandas"
442,Meera Agarwal,Female,29,0.0,B.Tech,Chennai,"AWS, Python, SQL"
443,Rohan Shah,Other,27,2.4,MBA,Hyderabad,"Python, Machine Learning, SQL"
444,Simran Kumar,Female,32,2.7,M.Com,Hyderabad,"Tableau, SQL, Excel"
445,Rohan Mishra,Male,38,10.8,MBA,Gurgaon,"Python, Machine Learning, SQL"
446,Isha Shah,Male,35,9.7,M.Com,Noida,"AWS, Python, SQL"
447,Ankit Sharma,Male,30,8.5,B.Sc,Mumbai,"Tableau, SQL, Excel"
448,Kavya Malhotra,Female,37,7.2,M.Tech,Gurgaon,"React, JavaScript, HTML, CSS"
449,Rohan Kumar,Female,39,4.4,B.Tech,Noida,"SQL, Power BI, Excel"
450,Ankit Nair,Female,26,11.1,M.Com,Kolkata,"Excel, Power BI, SQL"
451,Kavya Verma,Female,29,4.1,MCA,Hyderabad,"Java, Spring Boot, SQL"
452,Aditya Sharma,Female,32,8.1,MBA,Ahmedabad,"Python, SQL, Pandas"
453,Kavya Gupta,Female,24,9.4,M.Tech,Mumbai,"Python, SQL, Pandas"
454,Simran Malhotra,Female,28,9.6,B.Tech,Mumbai,"Excel, Power BI, SQL"
455,Arjun Mehta,Female,39,8.5,B.Tech,Bangalore,"Python, Django, PostgreSQL"
456,Simran Singh,Female,36,10.4,MBA,Delhi,"Python, Machine Learning, SQL"
457,Priya Malhotra,Female,24,7.5,B.E.,Noida,"AWS, Python, SQL"
458,Simran Shah,Female,27,3.8,M.Com,Delhi,"SQL, Power BI, Excel"
459,Pooja Agarwal,Female,38,3.0,M.Tech,Bangalore,"Python, SQL, Pandas"
460,Priya Reddy,Male,25,4.2,B.Tech,Chennai,"Python, SQL, Pandas"
461,Rohan Shah,Female,25,0.8,B.Sc,Bangalore,"SQL, Power BI, Excel"
462,Pooja Shah,Female,25,0.9,MCA,Ahmedabad,"Java, Spring Boot, SQL"
463,Aarav Mishra,Female,27,7.6,MCA,Ahmedabad,"Python, Machine Learning, SQL"
464,Meera Mishra,Male,30,11.0,B.E.,Kolkata,"Python, SQL, Pandas"
465,Vivaan Kumar,Female,29,8.9,B.E.,Hyderabad,"Tableau, SQL, Excel"
466,Kavya Malhotra,Female,27,3.2,B.E.,Mumbai,"Tableau, SQL, Excel"
467,Aditya Verma,Male,30,8.3,B.E.,Ahmedabad,"Excel, Power BI, SQL"
468,Sneha Kumar,Male,29,1.1,M.Tech,Delhi,"Java, Spring Boot, SQL"
469,Aditya Nair,Female,22,8.4,MCA,Kolkata,"Tableau, SQL, Excel"
470,Aarav Kumar,Male,24,3.0,B.E.,Hyderabad,"Python, SQL, Pandas"
471,Simran Joshi,Male,35,2.6,B.Sc,Pune,"Python, Django, PostgreSQL"
472,Arjun Verma,Male,33,4.9,B.Tech,Hyderabad,"Excel, Power BI, SQL"
473,Kavya Shah,Male,21,2.6,B.Tech,Kolkata,"AWS, Python, SQL"
474,Pooja Kumar,Male,38,8.9,B.E.,Delhi,"Java, Spring Boot, SQL"
475,Sneha Nair,Female,29,5.3,B.Sc,Noida,"Python, SQL, Pandas"
476,Neha Shah,Female,38,8.6,M.Com,Bangalore,"React, JavaScript, HTML, CSS"
477,Sneha Patel,Male,21,2.6,MBA,Mumbai,"Python, Django, PostgreSQL"
478,Neha Mishra,Male,21,8.1,B.E.,Ahmedabad,"Machine Learning, Python, NLP"
479,Riya Kumar,Male,24,11.2,MBA,Noida,"Python, Machine Learning, SQL"
480,Varun Kumar,Female,34,3.5,MCA,Kolkata,"Python, SQL, Pandas"
481,Akash Mishra,Female,27,3.2,M.Tech,Bangalore,"AWS, Python, SQL"
482,Rohan Shah,Male,22,7.6,B.Sc,Chennai,"Machine Learning, Python, NLP"
483,Ankit Patel,Female,31,11.2,M.Tech,Mumbai,"SQL, Power BI, Excel"
484,Neha Joshi,Male,24,7.1,M.Com,Chennai,"Python, Django, PostgreSQL"
485,Arjun Kapoor,Male,23,4.9,B.E.,Gurgaon,"Python, SQL, Pandas"
486,Rahul Kumar,Male,25,9.4,M.Tech,Pune,"SQL, Power BI, Excel"
487,Karan Gupta,Female,39,1.3,MBA,Bangalore,"Java, Spring Boot, SQL"
488,Priya Kapoor,Male,30,6.4,MBA,Kolkata,"Java, Spring Boot, SQL"
489,Ananya Agarwal,Male,25,3.9,B.E.,Bangalore,"Machine Learning, Python, NLP"
490,Karan Sharma,Male,29,0.9,MBA,Delhi,"Excel, Power BI, SQL"
491,Akash Kumar,Female,37,4.1,B.Sc,Gurgaon,"AWS, Python, SQL"
492,Akash Mishra,Male,33,8.7,M.Tech,Ahmedabad,"Python, SQL, Pandas"
493,Ankit Singh,Female,26,9.5,MCA,Chennai,"AWS, Python, SQL"
494,Aarav Reddy,Male,31,8.8,B.Sc,Kolkata,"Machine Learning, Python, NLP"
495,Sneha Kapoor,Female,22,6.2,M.Tech,Ahmedabad,"Excel, Power BI, SQL"
496,Sneha Kumar,Male,35,9.0,B.Sc,Gurgaon,"Python, SQL, Pandas"
497,Aarav Gupta,Female,28,8.4,B.Tech,Mumbai,"SQL, Power BI, Excel"
498,Simran Mishra,Female,22,0.3,M.Com,Bangalore,"React, JavaScript, HTML, CSS"
499,Karan Mehta,Female,27,1.4,B.E.,Bangalore,"Python, Machine Learning, SQL"
500,Karan Joshi,Female,21,0.2,B.Tech,Gurgaon,"Python, Machine Learning, SQL"
501,Sneha Mishra,Female,36,0.1,M.Tech,Gurgaon,"Python, Django, PostgreSQL"
502,Aarav Mishra,Female,36,2.4,M.Tech,Delhi,"AWS, Python, SQL"
503,Akash Agarwal,Male,39,9.8,B.Tech,Delhi,"React, JavaScript, HTML, CSS"
504,Isha Reddy,Female,38,10.8,B.E.,Noida,"AWS, Python, SQL"
505,Rahul Kapoor,Male,28,11.6,M.Tech,Hyderabad,"Tableau, SQL, Excel"
506,Kavya Mishra,Male,33,9.6,M.Com,Hyderabad,"Machine Learning, Python, NLP"
507,Aditya Gupta,Male,34,4.5,B.Sc,Ahmedabad,"Java, Spring Boot, SQL"
508,Meera Malhotra,Female,31,11.2,MCA,Mumbai,"Python, SQL, Pandas"
509,Akash Kapoor,Female,22,9.3,M.Com,Gurgaon,"Java, Spring Boot, SQL"
510,Ankit Shah,Female,25,6.3,MCA,Ahmedabad,"Machine Learning, Python, NLP"
511,Meera Sharma,Male,39,7.4,MBA,Ahmedabad,"Tableau, SQL, Excel"
512,Rahul Mishra,Male,36,9.1,B.Sc,Pune,"Machine Learning, Python, NLP"
513,Arjun Joshi,Female,30,3.7,MBA,Chennai,"Python, Django, PostgreSQL"
514,Ankit Malhotra,Male,33,2.6,MCA,Kolkata,"Python, SQL, Pandas"
515,Vivaan Verma,Male,38,11.5,B.Tech,Chennai,"Tableau, SQL, Excel"
516,Sneha Gupta,Female,21,6.3,M.Tech,Pune,"Machine Learning, Python, NLP"
517,Isha Mishra,Female,27,3.2,M.Com,Pune,"Java, Spring Boot, SQL"
518,Rahul Mehta,Male,25,9.0,B.Tech,Noida,"Python, SQL, Pandas"
519,Rohan Nair,Male,23,9.9,M.Tech,Noida,"SQL, Power BI, Excel"
520,Pooja Kumar,Male,34,10.7,M.Com,Ahmedabad,"Python, Django, PostgreSQL"
521,Ananya Kumar,Male,28,3.0,MCA,Chennai,"Java, Spring Boot, SQL"
522,Priya Malhotra,Female,30,0.1,B.Sc,Delhi,"Python, SQL, Pandas"
523,Aditya Patel,Female,39,4.9,MCA,Pune,"Python, Machine Learning, SQL"
524,Rahul Nair,Female,38,8.5,M.Tech,Ahmedabad,"Machine Learning, Python, NLP"
525,Aditya Gupta,Female,30,4.7,M.Tech,Delhi,"SQL, Power BI, Excel"
526,Varun Mishra,Male,36,7.2,B.Sc,Mumbai,"Excel, Power BI, SQL"
527,Rohan Nair,Male,39,5.3,B.E.,Hyderabad,"AWS, Python, SQL"
528,Kavya Joshi,Female,34,0.6,B.Sc,Mumbai,"Excel, Power BI, SQL"
529,Riya Mehta,Female,32,6.0,B.Tech,Gurgaon,"Tableau, SQL, Excel"
530,Varun Kumar,Male,27,7.2,M.Com,Noida,"AWS, Python, SQL"
531,Riya Nair,Male,34,2.0,M.Tech,Mumbai,"Python, SQL, Pandas"
532,Neha Nair,Female,26,6.4,B.E.,Mumbai,"React, JavaScript, HTML, CSS"
533,Kavya Kumar,Female,31,7.1,B.Sc,Chennai,"Java, Spring Boot, SQL"
534,Ankit Mishra,Male,37,7.3,M.Tech,Ahmedabad,"Excel, Power BI, SQL"
535,Pooja Mishra,Other,36,4.5,M.Com,Noida,"Tableau, SQL, Excel"
536,Aditya Gupta,Male,30,8.3,M.Com,Ahmedabad,"Tableau, SQL, Excel"
537,Ankit Nair,Female,34,4.0,M.Com,Pune,"Excel, Power BI, SQL"
538,Priya Sharma,Female,30,11.3,B.Sc,Mumbai,"SQL, Power BI, Excel"
539,Karan Kapoor,Male,38,3.2,B.E.,Hyderabad,"React, JavaScript, HTML, CSS"
540,Meera Gupta,Other,28,1.4,M.Tech,Noida,"Excel, Power BI, SQL"
541,Ankit Malhotra,Male,28,2.6,M.Tech,Kolkata,"Excel, Power BI, SQL"
542,Kavya Patel,Female,24,2.5,MCA,Hyderabad,"SQL, Power BI, Excel"
543,Rahul Nair,Other,22,10.0,B.Sc,Pune,"AWS, Python, SQL"
544,Varun Mehta,Male,23,0.0,M.Tech,Ahmedabad,"Python, SQL, Pandas"
545,Aarav Agarwal,Other,30,9.9,B.E.,Pune,"Python, Django, PostgreSQL"
546,Vivaan Shah,Male,36,6.6,M.Tech,Noida,"Python, SQL, Pandas"
547,Sneha Joshi,Male,27,6.8,B.Tech,Noida,"Java, Spring Boot, SQL"
548,Riya Mishra,Female,32,5.8,B.Sc,Ahmedabad,"Tableau, SQL, Excel"
549,Aditya Verma,Male,27,5.4,B.Tech,Noida,"Python, SQL, Pandas"
550,Kavya Singh,Female,33,7.0,B.E.,Chennai,"Java, Spring Boot, SQL"
551,Karan Mehta,Male,26,1.6,M.Tech,Pune,"Python, Machine Learning, SQL"
552,Aditya Mishra,Male,36,3.4,MBA,Chennai,"Python, Django, PostgreSQL"
553,Ankit Reddy,Male,34,3.0,B.E.,Delhi,"Python, SQL, Pandas"
554,Rohan Reddy,Other,29,3.0,MBA,Kolkata,"Java, Spring Boot, SQL"
555,Karan Nair,Male,33,7.5,B.E.,Mumbai,"Python, SQL, Pandas"
556,Meera Patel,Female,24,5.5,M.Com,Bangalore,"Python, Django, PostgreSQL"
557,Ankit Verma,Female,34,7.3,B.Sc,Kolkata,"Excel, Power BI, SQL"
558,Rohan Sharma,Female,36,7.4,MCA,Mumbai,"Python, SQL, Pandas"
559,Karan Mishra,Female,34,9.9,MBA,Pune,"React, JavaScript, HTML, CSS"
560,Pooja Agarwal,Female,39,7.4,B.Tech,Hyderabad,"Machine Learning, Python, NLP"
561,Priya Nair,Male,21,10.2,B.Tech,Chennai,"Python, SQL, Pandas"
562,Priya Gupta,Female,36,2.8,M.Com,Bangalore,"Tableau, SQL, Excel"
563,Ankit Mehta,Female,32,4.6,B.E.,Delhi,"Excel, Power BI, SQL"
564,Neha Nair,Female,28,11.1,MCA,Chennai,"SQL, Power BI, Excel"
565,Rahul Singh,Female,39,6.3,B.Tech,Bangalore,"Python, Machine Learning, SQL"
566,Simran Malhotra,Male,39,3.5,B.Sc,Ahmedabad,"Python, SQL, Pandas"
567,Rahul Gupta,Male,22,7.4,MBA,Delhi,"Java, Spring Boot, SQL"
568,Arjun Kumar,Male,31,4.1,MBA,Hyderabad,"Machine Learning, Python, NLP"
569,Kavya Shah,Male,34,9.5,M.Tech,Delhi,"Python, Django, PostgreSQL"
570,Aarav Joshi,Male,28,6.5,M.Tech,Noida,"Python, Django, PostgreSQL"
571,Pooja Verma,Female,32,2.0,M.Com,Noida,"Python, Django, PostgreSQL"
572,Isha Mishra,Male,22,2.3,MCA,Chennai,"Machine Learning, Python, NLP"
573,Akash Joshi,Female,28,6.9,B.Sc,Noida,"React, JavaScript, HTML, CSS"
574,Aditya Joshi,Female,37,0.1,M.Tech,Gurgaon,"React, JavaScript, HTML, CSS"
575,Priya Joshi,Female,38,10.7,M.Com,Hyderabad,"Excel, Power BI, SQL"
576,Pooja Agarwal,Male,22,2.2,B.E.,Pune,"Tableau, SQL, Excel"
577,Meera Sharma,Female,21,1.4,MBA,Kolkata,"Machine Learning, Python, NLP"
578,Isha Patel,Female,25,4.3,B.Sc,Ahmedabad,"Java, Spring Boot, SQL"
579,Riya Singh,Female,28,7.9,B.Sc,Noida,"SQL, Power BI, Excel"
580,Varun Shah,Female,28,9.9,MBA,Pune,"Machine Learning, Python, NLP"
581,Ananya Singh,Male,33,7.0,MBA,Gurgaon,"SQL, Power BI, Excel"
582,Aarav Mehta,Male,31,6.4,M.Tech,Ahmedabad,"Machine Learning, Python, NLP"
583,Ananya Malhotra,Female,29,0.4,B.E.,Pune,"Python, Django, PostgreSQL"
584,Sneha Verma,Male,32,6.3,MCA,Noida,"React, JavaScript, HTML, CSS"
585,Sneha Sharma,Male,30,4.3,MBA,Bangalore,"AWS, Python, SQL"
586,Rahul Gupta,Male,28,1.9,B.Tech,Bangalore,"AWS, Python, SQL"
587,Ananya Sharma,Female,36,5.8,MCA,Delhi,"Python, Django, PostgreSQL"
588,Sneha Kumar,Female,33,5.5,MBA,Noida,"Python, Machine Learning, SQL"
589,Rahul Singh,Female,37,5.0,B.E.,Kolkata,"React, JavaScript, HTML, CSS"
590,Meera Kumar,Male,38,11.7,B.Tech,Gurgaon,"Excel, Power BI, SQL"
591,Priya Agarwal,Female,31,0.5,B.Sc,Bangalore,"Python, Machine Learning, SQL"
592,Simran Patel,Female,36,0.6,MBA,Bangalore,"Excel, Power BI, SQL"
593,Neha Verma,Male,24,5.0,B.E.,Pune,"Java, Spring Boot, SQL"
594,Ankit Malhotra,Male,36,0.5,MBA,Kolkata,"SQL, Power BI, Excel"
595,Aditya Kumar,Male,35,8.8,B.Tech,Ahmedabad,"SQL, Power BI, Excel"
596,Ankit Agarwal,Female,39,4.6,MBA,Gurgaon,"Python, Machine Learning, SQL"
597,Varun Kumar,Female,25,9.4,M.Com,Mumbai,"Excel, Power BI, SQL"
598,Rohan Reddy,Female,34,1.3,MBA,Ahmedabad,"AWS, Python, SQL"
599,Varun Verma,Male,29,3.7,M.Tech,Chennai,"Python, Django, PostgreSQL"
600,Aditya Joshi,Male,37,8.4,M.Com,Hyderabad,"Python, SQL, Pandas"
601,Akash Gupta,Male,26,5.3,B.Tech,Hyderabad,"AWS, Python, SQL"
602,Pooja Agarwal,Male,30,0.3,M.Tech,Ahmedabad,"Python, SQL, Pandas"
603,Riya Sharma,Male,29,2.2,B.Sc,Pune,"Java, Spring Boot, SQL"
604,Vivaan Mishra,Female,35,9.1,MCA,Kolkata,"Tableau, SQL, Excel"
605,Isha Joshi,Male,29,0.6,B.Sc,Hyderabad,"SQL, Power BI, Excel"
606,Varun Gupta,Male,33,3.7,B.Tech,Mumbai,"Tableau, SQL, Excel"
607,Varun Verma,Male,31,5.0,B.Sc,Mumbai,"Python, Machine Learning, SQL"
608,Pooja Kumar,Female,31,3.7,B.E.,Hyderabad,"Excel, Power BI, SQL"
609,Vivaan Joshi,Male,35,3.3,M.Com,Ahmedabad,"Python, Django, PostgreSQL"
610,Priya Mishra,Female,37,2.7,B.Tech,Noida,"Java, Spring Boot, SQL"
611,Ankit Singh,Male,24,5.4,MBA,Pune,"Excel, Power BI, SQL"
612,Pooja Reddy,Female,33,10.4,MBA,Pune,"Python, Machine Learning, SQL"
613,Sneha Patel,Female,39,2.6,MBA,Pune,"Excel, Power BI, SQL"
614,Meera Mishra,Male,26,4.2,B.E.,Chennai,"SQL, Power BI, Excel"
615,Rohan Kumar,Male,33,4.1,B.E.,Chennai,"Java, Spring Boot, SQL"
616,Meera Patel,Male,29,2.8,B.Sc,Chennai,"AWS, Python, SQL"
617,Meera Nair,Female,29,6.5,B.E.,Mumbai,"React, JavaScript, HTML, CSS"
618,Meera Agarwal,Female,25,1.0,M.Tech,Mumbai,"Machine Learning, Python, NLP"
619,Akash Joshi,Female,24,11.7,MCA,Delhi,"Tableau, SQL, Excel"
620,Simran Nair,Male,22,5.2,B.E.,Mumbai,"SQL, Power BI, Excel"
621,Kavya Reddy,Male,31,3.3,B.Sc,Ahmedabad,"React, JavaScript, HTML, CSS"
622,Arjun Agarwal,Male,38,3.0,B.Tech,Bangalore,"Python, SQL, Pandas"
623,Sneha Kapoor,Female,27,3.0,M.Tech,Delhi,"Machine Learning, Python, NLP"
624,Neha Mehta,Male,31,10.2,M.Tech,Delhi,"Machine Learning, Python, NLP"
625,Kavya Kumar,Female,36,0.1,MCA,Hyderabad,"AWS, Python, SQL"
626,Varun Kapoor,Female,21,7.5,B.Tech,Chennai,"Machine Learning, Python, NLP"
627,Sneha Singh,Female,33,7.3,M.Tech,Mumbai,"Tableau, SQL, Excel"
628,Pooja Verma,Male,22,4.9,B.Tech,Kolkata,"Tableau, SQL, Excel"
629,Varun Shah,Male,27,7.6,B.Tech,Delhi,"Java, Spring Boot, SQL"
630,Vivaan Nair,Female,22,0.6,M.Tech,Pune,"Java, Spring Boot, SQL"
631,Karan Mehta,Male,34,1.1,B.E.,Noida,"SQL, Power BI, Excel"
632,Priya Kumar,Male,24,11.9,MCA,Hyderabad,"Python, Django, PostgreSQL"
633,Aarav Mishra,Female,38,7.0,M.Com,Pune,"Java, Spring Boot, SQL"
634,Ankit Gupta,Female,34,8.7,B.Tech,Ahmedabad,"Excel, Power BI, SQL"
635,Isha Nair,Male,29,5.5,M.Tech,Mumbai,"React, JavaScript, HTML, CSS"
636,Ananya Malhotra,Male,28,3.5,MCA,Bangalore,"React, JavaScript, HTML, CSS"
637,Aditya Sharma,Female,34,0.2,M.Com,Noida,"Java, Spring Boot, SQL"
638,Aditya Singh,Female,26,9.7,M.Com,Chennai,"SQL, Power BI, Excel"
639,Ananya Singh,Male,28,1.1,M.Tech,Ahmedabad,"Excel, Power BI, SQL"
640,Sneha Kumar,Male,36,11.9,MCA,Delhi,"Python, SQL, Pandas"
641,Sneha Sharma,Male,26,7.1,B.Sc,Bangalore,"Python, Machine Learning, SQL"
642,Aditya Singh,Female,32,6.9,M.Tech,Gurgaon,"Excel, Power BI, SQL"
643,Arjun Gupta,Female,26,1.1,B.Sc,Gurgaon,"AWS, Python, SQL"
644,Meera Nair,Female,31,2.4,M.Tech,Noida,"Machine Learning, Python, NLP"
645,Pooja Gupta,Male,31,3.3,B.Tech,Hyderabad,"Python, Django, PostgreSQL"
646,Simran Agarwal,Other,35,6.5,MCA,Kolkata,"Machine Learning, Python, NLP"
647,Neha Kumar,Female,39,8.3,MCA,Hyderabad,"AWS, Python, SQL"
648,Kavya Joshi,Male,23,9.7,B.Sc,Hyderabad,"AWS, Python, SQL"
649,Sneha Mehta,Male,27,5.6,B.Tech,Kolkata,"AWS, Python, SQL"
650,Isha Kapoor,Male,25,0.3,B.Tech,Gurgaon,"AWS, Python, SQL"
651,Meera Kumar,Female,37,8.1,B.E.,Chennai,"Tableau, SQL, Excel"
652,Ananya Agarwal,Male,31,11.6,B.E.,Gurgaon,"AWS, Python, SQL"
653,Simran Sharma,Female,34,0.7,M.Tech,Bangalore,"Python, Machine Learning, SQL"
654,Pooja Reddy,Male,33,1.4,B.Tech,Delhi,"AWS, Python, SQL"
655,Varun Malhotra,Female,26,5.5,B.Tech,Kolkata,"Excel, Power BI, SQL"
656,Kavya Verma,Male,30,5.7,M.Com,Mumbai,"AWS, Python, SQL"
657,Meera Sharma,Male,22,0.5,M.Tech,Chennai,"Machine Learning, Python, NLP"
658,Arjun Sharma,Male,38,10.5,B.Sc,Noida,"Python, Django, PostgreSQL"
659,Simran Patel,Female,31,6.8,MCA,Gurgaon,"SQL, Power BI, Excel"
660,Pooja Gupta,Male,24,7.4,M.Com,Kolkata,"Excel, Power BI, SQL"
661,Akash Patel,Male,31,9.5,M.Tech,Hyderabad,"SQL, Power BI, Excel"
662,Karan Mishra,Male,33,4.7,M.Tech,Noida,"Python, Django, PostgreSQL"
663,Simran Singh,Male,25,0.1,B.E.,Bangalore,"Machine Learning, Python, NLP"
664,Rohan Kapoor,Female,27,11.8,MBA,Ahmedabad,"Python, SQL, Pandas"
665,Neha Reddy,Male,22,7.7,MBA,Chennai,"SQL, Power BI, Excel"
666,Aditya Agarwal,Female,32,9.0,B.E.,Bangalore,"Machine Learning, Python, NLP"
667,Neha Patel,Male,24,4.2,MBA,Noida,"AWS, Python, SQL"
668,Vivaan Kapoor,Female,30,9.4,B.Tech,Pune,"Excel, Power BI, SQL"
669,Pooja Nair,Female,39,7.5,B.Tech,Kolkata,"AWS, Python, SQL"
670,Rohan Agarwal,Female,30,6.5,B.E.,Ahmedabad,"Python, Machine Learning, SQL"
671,Simran Joshi,Male,35,7.2,M.Tech,Chennai,"Python, Machine Learning, SQL"
672,Aditya Mehta,Male,35,6.1,MBA,Delhi,"Python, Django, PostgreSQL"
673,Pooja Mishra,Other,29,6.7,MBA,Pune,"Tableau, SQL, Excel"
674,Karan Nair,Female,22,2.2,B.Tech,Pune,"Python, SQL, Pandas"
675,Varun Malhotra,Female,28,3.6,B.Tech,Mumbai,"Tableau, SQL, Excel"
676,Kavya Kapoor,Male,36,8.2,M.Tech,Gurgaon,"Excel, Power BI, SQL"
677,Neha Kumar,Female,31,0.6,MCA,Mumbai,"Tableau, SQL, Excel"
678,Simran Mehta,Male,35,5.0,M.Tech,Bangalore,"Java, Spring Boot, SQL"
679,Isha Shah,Male,23,11.6,MCA,Noida,"Excel, Power BI, SQL"
680,Ananya Mishra,Male,38,9.6,B.E.,Kolkata,"Excel, Power BI, SQL"
681,Ananya Verma,Male,32,0.9,B.E.,Gurgaon,"Excel, Power BI, SQL"
682,Neha Gupta,Other,34,11.5,MBA,Noida,"Tableau, SQL, Excel"
683,Aarav Gupta,Female,39,4.0,M.Com,Bangalore,"Python, Machine Learning, SQL"
684,Meera Mishra,Male,25,8.3,B.E.,Delhi,"Python, Django, PostgreSQL"
685,Pooja Kumar,Male,36,7.6,B.Sc,Noida,"Excel, Power BI, SQL"
686,Ankit Singh,Other,21,4.3,B.Sc,Ahmedabad,"Excel, Power BI, SQL"
687,Ananya Malhotra,Male,35,1.9,B.Tech,Ahmedabad,"Excel, Power BI, SQL"
688,Ananya Kapoor,Male,39,9.9,B.Sc,Kolkata,"Excel, Power BI, SQL"
689,Riya Patel,Female,29,8.9,B.Tech,Pune,"Machine Learning, Python, NLP"
690,Ankit Mishra,Female,25,10.9,M.Tech,Bangalore,"Tableau, SQL, Excel"
691,Vivaan Shah,Male,29,6.0,B.Tech,Chennai,"AWS, Python, SQL"
692,Ananya Malhotra,Female,28,1.5,MBA,Delhi,"Python, SQL, Pandas"
693,Simran Verma,Female,33,3.0,B.Tech,Hyderabad,"Tableau, SQL, Excel"
694,Ananya Sharma,Female,31,7.1,B.E.,Delhi,"Excel, Power BI, SQL"
695,Simran Shah,Female,39,3.1,B.E.,Delhi,"Python, SQL, Pandas"
696,Vivaan Kapoor,Female,38,3.7,MBA,Chennai,"React, JavaScript, HTML, CSS"
697,Rahul Shah,Male,27,8.7,B.E.,Gurgaon,"Java, Spring Boot, SQL"
698,Riya Kapoor,Male,29,7.3,M.Tech,Noida,"Tableau, SQL, Excel"
699,Ananya Shah,Male,37,0.2,B.Sc,Gurgaon,"Java, Spring Boot, SQL"
700,Rohan Agarwal,Female,35,8.0,B.E.,Hyderabad,"Machine Learning, Python, NLP"
701,Ananya Joshi,Male,29,10.6,M.Com,Gurgaon,"React, JavaScript, HTML, CSS"
702,Neha Gupta,Female,30,10.3,MBA,Pune,"Machine Learning, Python, NLP"
703,Akash Patel,Female,27,11.7,M.Com,Pune,"Excel, Power BI, SQL"
704,Isha Joshi,Female,38,3.9,M.Com,Bangalore,"SQL, Power BI, Excel"
705,Ananya Joshi,Female,30,8.7,B.Sc,Kolkata,"Python, Machine Learning, SQL"
706,Riya Malhotra,Female,25,2.8,B.Sc,Delhi,"Python, Django, PostgreSQL"
707,Akash Patel,Female,32,10.8,M.Com,Bangalore,"Python, Machine Learning, SQL"
708,Rahul Patel,Male,39,9.5,M.Com,Chennai,"Python, Django, PostgreSQL"
709,Simran Mehta,Male,36,9.7,B.E.,Bangalore,"Excel, Power BI, SQL"
710,Varun Verma,Male,26,8.3,M.Com,Chennai,"Tableau, SQL, Excel"
711,Kavya Reddy,Female,39,3.7,M.Tech,Delhi,"AWS, Python, SQL"
712,Isha Gupta,Female,27,9.0,B.Sc,Hyderabad,"AWS, Python, SQL"
713,Karan Shah,Other,28,8.1,M.Tech,Delhi,"Python, Machine Learning, SQL"
714,Ananya Mehta,Female,21,5.7,MCA,Ahmedabad,"Excel, Power BI, SQL"
715,Akash Malhotra,Female,21,2.3,M.Tech,Pune,"Tableau, SQL, Excel"
716,Kavya Gupta,Female,36,10.0,M.Tech,Delhi,"Java, Spring Boot, SQL"
717,Isha Nair,Female,37,3.7,M.Tech,Ahmedabad,"SQL, Power BI, Excel"
718,Riya Kumar,Female,35,0.9,B.Sc,Mumbai,"Java, Spring Boot, SQL"
719,Ankit Nair,Male,35,10.4,B.E.,Noida,"Python, Django, PostgreSQL"
720,Meera Sharma,Male,22,4.4,M.Tech,Gurgaon,"SQL, Power BI, Excel"
721,Riya Kumar,Male,26,0.8,B.Sc,Chennai,"SQL, Power BI, Excel"
722,Kavya Singh,Female,23,10.7,B.E.,Kolkata,"Python, SQL, Pandas"
723,Neha Sharma,Male,22,11.2,M.Com,Mumbai,"AWS, Python, SQL"
724,Kavya Agarwal,Female,25,11.0,B.Sc,Gurgaon,"React, JavaScript, HTML, CSS"
725,Ankit Shah,Male,22,0.0,M.Tech,Chennai,"AWS, Python, SQL"
726,Vivaan Agarwal,Female,34,10.5,M.Com,Bangalore,"Python, SQL, Pandas"
727,Aarav Mehta,Male,38,0.9,B.Sc,Bangalore,"Machine Learning, Python, NLP"
728,Akash Agarwal,Male,26,1.3,B.E.,Ahmedabad,"SQL, Power BI, Excel"
729,Varun Mehta,Male,33,1.0,MCA,Bangalore,"React, JavaScript, HTML, CSS"
730,Neha Agarwal,Female,37,10.3,M.Com,Chennai,"Python, Machine Learning, SQL"
731,Vivaan Joshi,Male,27,5.8,B.E.,Ahmedabad,"Python, Django, PostgreSQL"
732,Rahul Kumar,Female,24,11.9,M.Tech,Mumbai,"React, JavaScript, HTML, CSS"
733,Isha Shah,Male,32,11.4,B.Sc,Chennai,"Java, Spring Boot, SQL"
734,Rahul Mehta,Male,37,1.6,M.Com,Ahmedabad,"Python, Machine Learning, SQL"
735,Aditya Reddy,Male,31,10.9,MBA,Delhi,"Tableau, SQL, Excel"
736,Varun Verma,Female,36,8.5,B.E.,Bangalore,"AWS, Python, SQL"
737,Isha Agarwal,Male,34,11.0,B.Sc,Noida,"Excel, Power BI, SQL"
738,Simran Shah,Male,23,9.1,B.Tech,Hyderabad,"React, JavaScript, HTML, CSS"
739,Rahul Singh,Male,21,3.0,MBA,Chennai,"Python, Django, PostgreSQL"
740,Pooja Kapoor,Female,30,6.0,B.Tech,Gurgaon,"Excel, Power BI, SQL"
741,Karan Kapoor,Female,32,3.5,MCA,Hyderabad,"Excel, Power BI, SQL"
742,Simran Verma,Male,37,6.0,MCA,Chennai,"Tableau, SQL, Excel"
743,Meera Sharma,Male,26,9.5,MCA,Bangalore,"Excel, Power BI, SQL"
744,Ananya Agarwal,Male,21,0.5,MBA,Ahmedabad,"Tableau, SQL, Excel"
745,Rohan Mishra,Female,21,6.1,MCA,Ahmedabad,"Machine Learning, Python, NLP"
746,Aditya Nair,Female,22,5.4,B.Tech,Ahmedabad,"Excel, Power BI, SQL"
747,Aditya Joshi,Female,38,11.1,B.Tech,Bangalore,"Java, Spring Boot, SQL"
748,Rahul Agarwal,Female,22,8.3,MBA,Bangalore,"Python, SQL, Pandas"
749,Varun Gupta,Male,30,6.8,M.Tech,Noida,"Tableau, SQL, Excel"
750,Sneha Reddy,Female,37,2.3,B.Sc,Mumbai,"Machine Learning, Python, NLP"
751,Vivaan Nair,Male,27,5.0,B.Tech,Ahmedabad,"AWS, Python, SQL"
752,Aarav Malhotra,Male,25,4.3,MBA,Chennai,"Tableau, SQL, Excel"
753,Ananya Mehta,Male,21,1.1,MBA,Gurgaon,"SQL, Power BI, Excel"
754,Akash Patel,Female,38,11.6,B.E.,Pune,"React, JavaScript, HTML, CSS"
755,Riya Agarwal,Male,30,6.4,B.E.,Kolkata,"Java, Spring Boot, SQL"
756,Rohan Mishra,Male,29,10.7,MBA,Hyderabad,"SQL, Power BI, Excel"
757,Meera Mehta,Female,31,0.7,MBA,Pune,"Excel, Power BI, SQL"
758,Simran Joshi,Female,34,11.5,B.E.,Pune,"Python, Machine Learning, SQL"
759,Vivaan Sharma,Female,37,3.6,M.Tech,Bangalore,"Python, Django, PostgreSQL"
760,Aditya Malhotra,Female,23,11.8,M.Tech,Pune,"AWS, Python, SQL"
761,Karan Reddy,Female,36,0.5,MCA,Bangalore,"Python, SQL, Pandas"
762,Varun Kumar,Female,28,9.0,M.Tech,Chennai,"Java, Spring Boot, SQL"
763,Pooja Agarwal,Female,31,1.4,MCA,Ahmedabad,"Python, SQL, Pandas"
764,Ananya Patel,Male,24,8.6,B.Sc,Mumbai,"Python, SQL, Pandas"
765,Priya Joshi,Female,33,7.4,MCA,Mumbai,"Machine Learning, Python, NLP"
766,Pooja Patel,Male,30,11.7,M.Com,Ahmedabad,"Python, SQL, Pandas"
767,Pooja Kapoor,Female,34,7.2,M.Tech,Noida,"SQL, Power BI, Excel"
768,Arjun Reddy,Female,22,11.2,MCA,Chennai,"Java, Spring Boot, SQL"
769,Riya Kapoor,Female,39,2.3,B.Sc,Chennai,"Java, Spring Boot, SQL"
770,Neha Singh,Female,25,2.2,B.Sc,Kolkata,"React, JavaScript, HTML, CSS"
771,Rohan Shah,Female,26,2.5,MBA,Noida,"React, JavaScript, HTML, CSS"
772,Neha Kumar,Female,23,3.7,M.Com,Kolkata,"AWS, Python, SQL"
773,Priya Agarwal,Male,29,9.9,B.Tech,Bangalore,"Python, Machine Learning, SQL"
774,Simran Sharma,Female,24,2.1,B.E.,Kolkata,"React, JavaScript, HTML, CSS"
775,Arjun Verma,Female,22,1.5,B.E.,Mumbai,"AWS, Python, SQL"
776,Ankit Mishra,Female,32,5.9,B.E.,Pune,"Java, Spring Boot, SQL"
777,Varun Singh,Female,28,9.3,B.E.,Chennai,"SQL, Power BI, Excel"
778,Priya Verma,Male,27,3.5,B.E.,Chennai,"AWS, Python, SQL"
779,Priya Kumar,Male,26,6.6,B.E.,Chennai,"Python, Django, PostgreSQL"
780,Simran Joshi,Female,26,7.4,MCA,Ahmedabad,"Python, Django, PostgreSQL"
781,Aarav Malhotra,Female,32,2.9,B.Sc,Kolkata,"Tableau, SQL, Excel"
782,Meera Joshi,Male,31,9.5,B.Tech,Hyderabad,"Python, Django, PostgreSQL"
783,Karan Mehta,Female,22,3.1,B.Tech,Pune,"SQL, Power BI, Excel"
784,Meera Gupta,Female,38,4.0,MBA,Pune,"Machine Learning, Python, NLP"
785,Meera Sharma,Other,24,6.2,MBA,Noida,"Tableau, SQL, Excel"
786,Arjun Joshi,Female,25,3.5,B.E.,Ahmedabad,"AWS, Python, SQL"
787,Pooja Sharma,Male,22,0.7,B.E.,Gurgaon,"React, JavaScript, HTML, CSS"
788,Ananya Gupta,Male,28,6.7,B.E.,Mumbai,"SQL, Power BI, Excel"
789,Ananya Singh,Female,22,0.1,M.Com,Kolkata,"Machine Learning, Python, NLP"
790,Priya Agarwal,Female,29,4.9,MBA,Pune,"Machine Learning, Python, NLP"
791,Meera Mishra,Male,34,3.7,B.E.,Noida,"Excel, Power BI, SQL"
792,Ankit Kapoor,Female,35,2.2,MBA,Chennai,"Python, SQL, Pandas"
793,Arjun Malhotra,Female,25,11.9,MBA,Bangalore,"Excel, Power BI, SQL"
794,Ankit Mishra,Male,36,4.1,M.Com,Hyderabad,"Python, Django, PostgreSQL"
795,Pooja Nair,Male,32,5.3,MBA,Bangalore,"Tableau, SQL, Excel"
796,Priya Singh,Female,23,1.6,MCA,Mumbai,"Excel, Power BI, SQL"
797,Varun Mishra,Female,34,1.2,MCA,Hyderabad,"React, JavaScript, HTML, CSS"
798,Aarav Agarwal,Female,28,11.1,B.Sc,Kolkata,"Tableau, SQL, Excel"
799,Sneha Kumar,Male,39,2.9,B.E.,Chennai,"Java, Spring Boot, SQL"
800,Riya Mehta,Male,32,2.9,MBA,Delhi,"Tableau, SQL, Excel"
801,Riya Malhotra,Female,22,9.1,M.Tech,Gurgaon,"SQL, Power BI, Excel"
802,Sneha Kapoor,Male,32,2.8,B.E.,Kolkata,"Python, SQL, Pandas"
803,Karan Joshi,Male,23,6.9,MCA,Ahmedabad,"Machine Learning, Python, NLP"
804,Kavya Reddy,Female,24,8.4,B.Tech,Hyderabad,"Excel, Power BI, SQL"
805,Vivaan Sharma,Female,35,4.4,B.Sc,Mumbai,"Excel, Power BI, SQL"
806,Kavya Kapoor,Male,35,8.6,B.Sc,Hyderabad,"Java, Spring Boot, SQL"
807,Aditya Kumar,Female,38,10.4,M.Com,Bangalore,"Excel, Power BI, SQL"
808,Arjun Nair,Female,35,9.9,MBA,Pune,"Python, SQL, Pandas"
809,Riya Singh,Female,33,2.3,MCA,Hyderabad,"Java, Spring Boot, SQL"
810,Meera Patel,Other,32,2.7,M.Tech,Pune,"Java, Spring Boot, SQL"
811,Vivaan Verma,Male,30,5.5,B.Tech,Ahmedabad,"React, JavaScript, HTML, CSS"
812,Varun Joshi,Female,39,6.3,B.Tech,Bangalore,"Excel, Power BI, SQL"
813,Isha Singh,Female,37,0.3,MBA,Kolkata,"Tableau, SQL, Excel"
814,Meera Mishra,Female,31,0.3,M.Tech,Mumbai,"Python, SQL, Pandas"
815,Ananya Reddy,Female,31,6.4,B.E.,Kolkata,"AWS, Python, SQL"
816,Aarav Agarwal,Male,36,11.5,M.Com,Hyderabad,"Java, Spring Boot, SQL"
817,Rahul Kumar,Female,25,1.7,B.E.,Chennai,"Tableau, SQL, Excel"
818,Simran Sharma,Other,23,9.8,B.Sc,Gurgaon,"Python, Django, PostgreSQL"
819,Aditya Shah,Male,26,0.8,M.Tech,Hyderabad,"SQL, Power BI, Excel"
820,Pooja Agarwal,Male,33,4.2,B.Tech,Bangalore,"SQL, Power BI, Excel"
821,Simran Gupta,Female,30,11.5,M.Tech,Gurgaon,"Python, SQL, Pandas"
822,Sneha Verma,Male,24,9.0,MBA,Ahmedabad,"SQL, Power BI, Excel"
823,Karan Sharma,Female,28,2.0,MCA,Gurgaon,"React, JavaScript, HTML, CSS"
824,Priya Patel,Female,29,3.3,MCA,Pune,"SQL, Power BI, Excel"
825,Varun Shah,Female,38,4.5,B.Sc,Delhi,"Excel, Power BI, SQL"
826,Kavya Sharma,Male,29,9.4,M.Tech,Delhi,"AWS, Python, SQL"
827,Simran Mishra,Female,21,2.3,MBA,Bangalore,"Machine Learning, Python, NLP"
828,Sneha Malhotra,Male,27,6.1,B.E.,Mumbai,"Excel, Power BI, SQL"
829,Kavya Mishra,Male,28,7.0,MCA,Mumbai,"Excel, Power BI, SQL"
830,Arjun Verma,Male,29,10.4,MCA,Noida,"Python, Machine Learning, SQL"
831,Aditya Verma,Male,24,10.0,B.Tech,Mumbai,"AWS, Python, SQL"
832,Pooja Patel,Male,24,9.9,B.Tech,Bangalore,"Excel, Power BI, SQL"
833,Priya Joshi,Male,38,0.1,M.Tech,Ahmedabad,"SQL, Power BI, Excel"
834,Vivaan Joshi,Female,32,11.8,M.Tech,Ahmedabad,"Tableau, SQL, Excel"
835,Simran Kapoor,Male,27,8.1,MCA,Mumbai,"AWS, Python, SQL"
836,Ananya Joshi,Male,22,10.1,MCA,Chennai,"SQL, Power BI, Excel"
837,Rohan Verma,Male,23,1.6,B.E.,Delhi,"Python, Machine Learning, SQL"
838,Priya Mishra,Male,27,3.0,B.E.,Hyderabad,"Machine Learning, Python, NLP"
839,Karan Mehta,Male,26,9.1,B.E.,Gurgaon,"Python, Machine Learning, SQL"
840,Rahul Patel,Female,23,9.6,B.Tech,Pune,"Python, Django, PostgreSQL"
841,Pooja Kumar,Male,32,5.2,MBA,Hyderabad,"AWS, Python, SQL"
842,Kavya Patel,Male,23,7.6,B.E.,Gurgaon,"Java, Spring Boot, SQL"
843,Vivaan Patel,Male,35,1.6,B.Sc,Delhi,"Machine Learning, Python, NLP"
844,Priya Mehta,Female,27,11.8,B.Tech,Gurgaon,"React, JavaScript, HTML, CSS"
845,Ananya Kapoor,Female,30,1.9,MCA,Delhi,"Python, Machine Learning, SQL"
846,Rohan Joshi,Female,27,2.1,B.E.,Kolkata,"Java, Spring Boot, SQL"
847,Vivaan Gupta,Male,31,5.4,MBA,Mumbai,"AWS, Python, SQL"
848,Akash Nair,Female,22,3.1,B.Tech,Ahmedabad,"Excel, Power BI, SQL"
849,Kavya Mishra,Female,34,9.3,B.E.,Chennai,"Java, Spring Boot, SQL"
850,Sneha Kapoor,Male,28,6.9,M.Tech,Bangalore,"AWS, Python, SQL"
851,Riya Nair,Male,38,7.7,MBA,Pune,"Python, Machine Learning, SQL"
852,Varun Nair,Male,36,12.0,M.Com,Bangalore,"AWS, Python, SQL"
853,Rahul Gupta,Female,22,6.3,B.Tech,Pune,"Excel, Power BI, SQL"
854,Karan Mishra,Female,33,0.6,M.Com,Kolkata,"React, JavaScript, HTML, CSS"
855,Rahul Singh,Female,22,11.6,B.E.,Delhi,"Tableau, SQL, Excel"
856,Simran Agarwal,Other,23,9.5,MBA,Hyderabad,"Python, SQL, Pandas"
857,Rahul Joshi,Male,21,10.0,M.Com,Chennai,"SQL, Power BI, Excel"
858,Arjun Malhotra,Female,21,6.2,B.Sc,Ahmedabad,"Python, SQL, Pandas"
859,Neha Kumar,Female,39,1.2,MCA,Kolkata,"React, JavaScript, HTML, CSS"
860,Akash Verma,Male,26,11.1,B.E.,Mumbai,"Java, Spring Boot, SQL"
861,Kavya Nair,Other,37,11.8,MBA,Kolkata,"React, JavaScript, HTML, CSS"
862,Ananya Joshi,Female,32,0.7,MBA,Bangalore,"React, JavaScript, HTML, CSS"
863,Aditya Patel,Female,33,5.4,M.Com,Pune,"SQL, Power BI, Excel"
864,Rahul Joshi,Male,26,10.1,B.Sc,Noida,"Python, Django, PostgreSQL"
865,Aarav Singh,Female,26,1.2,B.Sc,Chennai,"React, JavaScript, HTML, CSS"
866,Meera Mehta,Female,38,4.1,B.Tech,Kolkata,"Machine Learning, Python, NLP"
867,Pooja Patel,Male,25,0.7,M.Com,Gurgaon,"Python, Django, PostgreSQL"
868,Pooja Kumar,Male,26,2.4,MBA,Bangalore,"Tableau, SQL, Excel"
869,Akash Shah,Female,33,0.3,B.Sc,Bangalore,"Python, Django, PostgreSQL"
870,Rohan Joshi,Male,24,3.4,B.E.,Mumbai,"Tableau, SQL, Excel"
871,Akash Singh,Female,30,6.2,B.Tech,Chennai,"Python, Machine Learning, SQL"
872,Rahul Mishra,Male,22,0.8,B.E.,Ahmedabad,"SQL, Power BI, Excel"
873,Priya Kumar,Female,27,11.4,M.Tech,Bangalore,"Python, SQL, Pandas"
874,Kavya Malhotra,Female,33,7.0,M.Com,Delhi,"Excel, Power BI, SQL"
875,Neha Mehta,Male,32,0.6,MBA,Bangalore,"Python, Django, PostgreSQL"
876,Varun Gupta,Other,24,10.9,B.Sc,Bangalore,"Python, Machine Learning, SQL"
877,Sneha Nair,Female,31,10.0,B.E.,Delhi,"Java, Spring Boot, SQL"
878,Neha Singh,Male,30,0.0,B.E.,Ahmedabad,"Tableau, SQL, Excel"
879,Varun Verma,Female,27,11.0,M.Com,Bangalore,"Machine Learning, Python, NLP"
880,Aarav Singh,Female,22,10.9,M.Com,Hyderabad,"Java, Spring Boot, SQL"
881,Riya Singh,Female,33,3.6,B.Sc,Chennai,"Java, Spring Boot, SQL"
882,Pooja Joshi,Female,25,1.7,MCA,Noida,"Java, Spring Boot, SQL"
883,Rohan Singh,Female,24,11.1,MBA,Mumbai,"SQL, Power BI, Excel"
884,Pooja Shah,Male,22,8.1,M.Tech,Ahmedabad,"Excel, Power BI, SQL"
885,Kavya Kapoor,Female,29,5.1,B.Tech,Pune,"SQL, Power BI, Excel"
886,Meera Reddy,Male,21,11.8,M.Com,Kolkata,"Python, Machine Learning, SQL"
887,Meera Verma,Male,39,10.3,B.E.,Hyderabad,"Excel, Power BI, SQL"
888,Isha Agarwal,Male,25,9.1,B.E.,Kolkata,"Python, SQL, Pandas"
889,Rohan Mishra,Male,37,3.0,M.Tech,Mumbai,"Tableau, SQL, Excel"
890,Riya Reddy,Male,26,8.6,MBA,Hyderabad,"SQL, Power BI, Excel"
891,Riya Shah,Male,27,2.8,MCA,Delhi,"Python, Machine Learning, SQL"
892,Riya Reddy,Male,26,0.2,B.E.,Kolkata,"Java, Spring Boot, SQL"
893,Pooja Shah,Female,33,3.2,MCA,Bangalore,"Java, Spring Boot, SQL"
894,Rohan Mehta,Female,32,7.6,MBA,Gurgaon,"Machine Learning, Python, NLP"
895,Aarav Reddy,Female,38,3.3,B.Sc,Kolkata,"Tableau, SQL, Excel"
896,Akash Joshi,Male,23,7.6,B.Tech,Delhi,"Excel, Power BI, SQL"
897,Priya Gupta,Female,29,0.2,MCA,Gurgaon,"SQL, Power BI, Excel"
898,Riya Mishra,Female,30,8.5,B.Sc,Gurgaon,"SQL, Power BI, Excel"
899,Rohan Reddy,Male,26,7.0,B.Sc,Delhi,"Machine Learning, Python, NLP"
900,Rahul Malhotra,Male,37,10.6,B.Tech,Hyderabad,"SQL, Power BI, Excel"
901,Neha Agarwal,Female,38,1.7,M.Tech,Chennai,"React, JavaScript, HTML, CSS"
902,Riya Malhotra,Female,28,10.6,M.Com,Gurgaon,"Python, Machine Learning, SQL"
903,Meera Mehta,Female,25,4.1,B.Sc,Ahmedabad,"Python, Django, PostgreSQL"
904,Simran Verma,Male,27,9.0,B.Tech,Delhi,"React, JavaScript, HTML, CSS"
905,Simran Sharma,Male,27,7.1,M.Tech,Noida,"React, JavaScript, HTML, CSS"
906,Varun Kapoor,Male,37,5.0,MCA,Bangalore,"Excel, Power BI, SQL"
907,Aarav Malhotra,Female,36,8.4,B.Tech,Kolkata,"Python, SQL, Pandas"
908,Kavya Kumar,Male,26,9.6,MCA,Kolkata,"Python, Django, PostgreSQL"
909,Riya Malhotra,Female,30,1.0,MCA,Kolkata,"AWS, Python, SQL"
910,Isha Kumar,Male,27,11.2,MCA,Chennai,"Python, Machine Learning, SQL"
911,Pooja Agarwal,Male,33,5.5,B.E.,Pune,"Excel, Power BI, SQL"
912,Akash Nair,Male,33,11.2,B.E.,Mumbai,"Python, Machine Learning, SQL"
913,Rahul Gupta,Male,26,4.3,B.Tech,Delhi,"Python, Machine Learning, SQL"
914,Riya Agarwal,Male,32,7.8,B.Sc,Gurgaon,"Java, Spring Boot, SQL"
915,Rohan Sharma,Female,38,1.2,B.Tech,Mumbai,"React, JavaScript, HTML, CSS"
916,Ananya Mehta,Male,24,12.0,B.E.,Delhi,"AWS, Python, SQL"
917,Sneha Kapoor,Male,29,0.2,B.E.,Bangalore,"Python, Machine Learning, SQL"
918,Vivaan Mehta,Male,26,10.3,B.E.,Delhi,"Machine Learning, Python, NLP"
919,Isha Shah,Male,23,7.6,B.E.,Gurgaon,"AWS, Python, SQL"
920,Aarav Singh,Female,26,6.2,M.Tech,Hyderabad,"Python, SQL, Pandas"
921,Ankit Joshi,Female,32,9.8,B.E.,Noida,"AWS, Python, SQL"
922,Rohan Shah,Female,25,0.6,B.Tech,Mumbai,"Python, Django, PostgreSQL"
923,Aarav Agarwal,Female,25,11.8,M.Tech,Ahmedabad,"Tableau, SQL, Excel"
924,Vivaan Mehta,Female,23,0.6,MBA,Pune,"Machine Learning, Python, NLP"
925,Rohan Patel,Female,26,8.0,B.Tech,Mumbai,"Tableau, SQL, Excel"
926,Rahul Shah,Male,21,6.4,MBA,Delhi,"Tableau, SQL, Excel"
927,Simran Gupta,Female,25,7.0,M.Com,Gurgaon,"AWS, Python, SQL"
928,Aditya Kapoor,Other,25,5.5,MCA,Bangalore,"Python, Django, PostgreSQL"
929,Riya Patel,Female,38,3.1,MBA,Kolkata,"Excel, Power BI, SQL"
930,Isha Reddy,Male,35,5.4,B.E.,Ahmedabad,"SQL, Power BI, Excel"
931,Ananya Kapoor,Male,38,8.4,B.Tech,Pune,"AWS, Python, SQL"
932,Pooja Shah,Female,38,1.5,M.Com,Hyderabad,"Machine Learning, Python, NLP"
933,Rohan Kapoor,Male,23,1.9,B.E.,Ahmedabad,"React, JavaScript, HTML, CSS"
934,Isha Nair,Female,37,5.7,B.Sc,Bangalore,"Machine Learning, Python, NLP"
935,Isha Mishra,Male,39,9.6,MBA,Mumbai,"Excel, Power BI, SQL"
936,Isha Sharma,Female,38,7.1,MBA,Chennai,"Python, SQL, Pandas"
937,Simran Malhotra,Female,25,6.3,B.Tech,Hyderabad,"Machine Learning, Python, NLP"
938,Varun Mehta,Female,36,2.0,MBA,Bangalore,"Excel, Power BI, SQL"
939,Pooja Gupta,Female,28,1.0,B.Sc,Bangalore,"React, JavaScript, HTML, CSS"
940,Riya Malhotra,Male,37,2.2,MCA,Noida,"Java, Spring Boot, SQL"
941,Vivaan Shah,Female,26,5.0,MCA,Ahmedabad,"Python, SQL, Pandas"
942,Aarav Singh,Male,22,7.0,MBA,Kolkata,"Tableau, SQL, Excel"
943,Isha Joshi,Female,34,9.9,M.Com,Noida,"Machine Learning, Python, NLP"
944,Kavya Reddy,Female,36,1.5,M.Com,Chennai,"Tableau, SQL, Excel"
945,Meera Verma,Male,25,8.4,M.Tech,Delhi,"Python, Django, PostgreSQL"
946,Meera Kumar,Female,39,2.4,M.Tech,Delhi,"Python, SQL, Pandas"
947,Pooja Agarwal,Female,39,1.8,M.Com,Pune,"React, JavaScript, HTML, CSS"
948,Sneha Mishra,Female,32,0.2,M.Com,Hyderabad,"Java, Spring Boot, SQL"
949,Riya Kumar,Female,39,5.6,B.E.,Noida,"React, JavaScript, HTML, CSS"
950,Riya Agarwal,Male,34,5.8,B.Sc,Gurgaon,"Python, Machine Learning, SQL"
951,Neha Nair,Female,23,0.6,MCA,Noida,"Excel, Power BI, SQL"
952,Varun Malhotra,Other,36,10.0,M.Tech,Hyderabad,"SQL, Power BI, Excel"
953,Ananya Singh,Male,34,5.4,B.Tech,Delhi,"Python, Machine Learning, SQL"
954,Rohan Singh,Male,21,5.5,B.Tech,Bangalore,"SQL, Power BI, Excel"
955,Rahul Kumar,Male,32,2.0,MBA,Mumbai,"SQL, Power BI, Excel"
956,Sneha Agarwal,Female,27,1.3,MCA,Bangalore,"AWS, Python, SQL"
957,Simran Mehta,Male,38,1.1,MCA,Mumbai,"Python, Django, PostgreSQL"
958,Sneha Nair,Female,21,11.0,M.Tech,Gurgaon,"Python, Django, PostgreSQL"
959,Karan Agarwal,Female,31,7.8,B.Sc,Hyderabad,"Machine Learning, Python, NLP"
960,Riya Reddy,Male,28,6.0,MBA,Pune,"Python, Django, PostgreSQL"
961,Arjun Malhotra,Female,21,9.6,MCA,Noida,"Excel, Power BI, SQL"
962,Sneha Joshi,Male,22,4.3,M.Tech,Ahmedabad,"Excel, Power BI, SQL"
963,Isha Singh,Male,24,0.8,M.Tech,Gurgaon,"Excel, Power BI, SQL"
964,Rahul Kapoor,Male,32,2.1,B.E.,Kolkata,"Java, Spring Boot, SQL"
965,Simran Kapoor,Female,23,4.7,M.Com,Ahmedabad,"SQL, Power BI, Excel"
966,Varun Gupta,Female,36,5.0,B.Tech,Kolkata,"Tableau, SQL, Excel"
967,Meera Reddy,Male,39,10.7,M.Com,Noida,"Machine Learning, Python, NLP"
968,Arjun Gupta,Male,35,11.9,B.E.,Delhi,"AWS, Python, SQL"
969,Aditya Singh,Other,31,10.8,M.Tech,Chennai,"AWS, Python, SQL"
970,Neha Malhotra,Male,22,11.1,B.E.,Bangalore,"Machine Learning, Python, NLP"
971,Vivaan Kapoor,Female,25,7.5,B.Tech,Chennai,"Python, Django, PostgreSQL"
972,Ananya Gupta,Female,21,8.6,B.Tech,Noida,"React, JavaScript, HTML, CSS"
973,Kavya Reddy,Female,30,5.4,M.Com,Delhi,"SQL, Power BI, Excel"
974,Karan Nair,Male,38,10.6,M.Tech,Ahmedabad,"Python, Django, PostgreSQL"
975,Vivaan Reddy,Male,36,5.3,B.Sc,Delhi,"Python, SQL, Pandas"
976,Isha Kumar,Female,25,4.5,B.E.,Bangalore,"Python, SQL, Pandas"
977,Sneha Reddy,Female,36,3.8,B.Tech,Bangalore,"React, JavaScript, HTML, CSS"
978,Rohan Joshi,Female,39,6.1,B.Tech,Hyderabad,"Tableau, SQL, Excel"
979,Sneha Reddy,Male,29,11.4,B.Sc,Kolkata,"Tableau, SQL, Excel"
980,Kavya Sharma,Other,24,6.1,B.E.,Ahmedabad,"Python, Django, PostgreSQL"
981,Ankit Sharma,Male,24,10.8,M.Tech,Noida,"Python, Machine Learning, SQL"
982,Ananya Patel,Female,31,9.7,M.Tech,Ahmedabad,"AWS, Python, SQL"
983,Neha Mehta,Female,27,6.2,B.Sc,Ahmedabad,"Excel, Power BI, SQL"
984,Varun Reddy,Other,28,11.5,B.E.,Ahmedabad,"Excel, Power BI, SQL"
985,Arjun Shah,Male,37,6.5,M.Com,Mumbai,"Python, Django, PostgreSQL"
986,Sneha Sharma,Female,32,7.4,M.Com,Noida,"Tableau, SQL, Excel"
987,Ananya Agarwal,Female,25,11.6,B.Sc,Chennai,"React, JavaScript, HTML, CSS"
988,Ananya Kapoor,Female,39,3.0,M.Com,Ahmedabad,"AWS, Python, SQL"
989,Aditya Reddy,Female,25,10.0,MCA,Noida,"Python, SQL, Pandas"
990,Meera Malhotra,Female,37,11.9,MCA,Noida,"Excel, Power BI, SQL"
991,Varun Mishra,Female,38,10.5,B.Tech,Delhi,"Python, Django, PostgreSQL"
992,Ankit Kumar,Male,29,9.0,M.Com,Ahmedabad,"Python, SQL, Pandas"
993,Sneha Shah,Male,36,4.6,B.Tech,Ahmedabad,"SQL, Power BI, Excel"
994,Sneha Kumar,Other,31,1.6,B.E.,Chennai,"Python, Django, PostgreSQL"
995,Rohan Verma,Male,31,3.0,B.Tech,Pune,"AWS, Python, SQL"
996,Meera Singh,Male,36,8.5,MCA,Noida,"Java, Spring Boot, SQL"
997,Simran Reddy,Female,38,12.0,MCA,Noida,"Python, SQL, Pandas"
998,Priya Verma,Male,37,0.4,M.Com,Noida,"Excel, Power BI, SQL"
999,Aditya Malhotra,Male,22,11.8,M.Tech,Bangalore,"Machine Learning, Python, NLP"
1000,Aditya Patel,Female,33,6.5,B.Sc,Bangalore,"Java, Spring Boot, SQL"
1001,Varun Malhotra,Female,29,8.6,B.E.,Hyderabad,"React, JavaScript, HTML, CSS"
1002,Kavya Mehta,Female,32,1.5,B.Sc,Delhi,"SQL, Power BI, Excel"
1003,Simran Gupta,Other,36,5.9,B.E.,Hyderabad,"Excel, Power BI, SQL"
1004,Kavya Sharma,Female,30,8.5,M.Com,Bangalore,"Python, SQL, Pandas"
1005,Arjun Singh,Male,27,2.7,B.Tech,Ahmedabad,"Python, SQL, Pandas"
1006,Karan Joshi,Female,29,1.0,M.Com,Hyderabad,"Java, Spring Boot, SQL"
1007,Ananya Agarwal,Male,25,0.6,B.Tech,Mumbai,"Excel, Power BI, SQL"
1008,Neha Nair,Female,33,9.0,M.Com,Gurgaon,"SQL, Power BI, Excel"
1009,Karan Patel,Male,22,11.5,M.Com,Pune,"Python, SQL, Pandas"
1010,Priya Kapoor,Female,26,4.3,MBA,Mumbai,"Tableau, SQL, Excel"
1011,Neha Mehta,Male,27,11.1,B.Sc,Chennai,"Excel, Power BI, SQL"
1012,Vivaan Gupta,Female,26,9.7,MBA,Ahmedabad,"Tableau, SQL, Excel"
1013,Aarav Nair,Female,26,1.7,M.Tech,Bangalore,"Python, SQL, Pandas"
1014,Ananya Singh,Female,23,9.1,MCA,Bangalore,"Excel, Power BI, SQL"
1015,Isha Mishra,Male,37,3.9,B.Tech,Mumbai,"Excel, Power BI, SQL"
1016,Rohan Patel,Male,33,7.9,M.Com,Gurgaon,"Machine Learning, Python, NLP"
1017,Karan Patel,Male,24,7.6,MCA,Noida,"Java, Spring Boot, SQL"
1018,Ankit Mehta,Female,39,11.3,M.Com,Chennai,"Machine Learning, Python, NLP"
1019,Riya Kumar,Male,33,0.6,B.E.,Gurgaon,"Python, Django, PostgreSQL"
1020,Aditya Nair,Female,37,9.0,M.Com,Bangalore,"Python, Django, PostgreSQL"
1021,Kavya Singh,Female,31,6.2,B.E.,Kolkata,"Machine Learning, Python, NLP"
1022,Neha Kapoor,Female,32,3.7,M.Com,Kolkata,"Tableau, SQL, Excel"
1023,Ananya Singh,Male,26,6.4,B.Tech,Noida,"Tableau, SQL, Excel"
1024,Sneha Joshi,Male,36,6.3,MCA,Chennai,"Python, Machine Learning, SQL"
1025,Varun Sharma,Female,24,3.4,MCA,Kolkata,"SQL, Power BI, Excel"
1026,Karan Agarwal,Male,21,11.2,B.Tech,Kolkata,"Python, Django, PostgreSQL"
1027,Akash Nair,Female,29,4.9,B.E.,Chennai,"Python, Machine Learning, SQL"
1028,Neha Nair,Female,31,4.9,M.Tech,Kolkata,"AWS, Python, SQL"
1029,Sneha Shah,Female,27,2.4,B.E.,Hyderabad,"Tableau, SQL, Excel"
1030,Vivaan Mehta,Female,31,3.0,MCA,Kolkata,"React, JavaScript, HTML, CSS"
1031,Neha Sharma,Female,21,9.7,MBA,Hyderabad,"Excel, Power BI, SQL"
1032,Arjun Nair,Female,38,9.5,MCA,Bangalore,"Python, Django, PostgreSQL"
1033,Isha Patel,Male,33,7.3,MBA,Noida,"AWS, Python, SQL"
1034,Vivaan Kumar,Female,37,9.0,B.Sc,Pune,"Python, SQL, Pandas"
1035,Karan Joshi,Male,31,2.5,B.E.,Kolkata,"Machine Learning, Python, NLP"
1036,Varun Joshi,Female,30,3.5,MCA,Noida,"Excel, Power BI, SQL"
1037,Karan Patel,Male,22,10.2,B.Tech,Gurgaon,"Java, Spring Boot, SQL"
1038,Simran Patel,Male,33,1.2,B.Tech,Chennai,"SQL, Power BI, Excel"
1039,Priya Joshi,Female,29,1.8,MCA,Ahmedabad,"React, JavaScript, HTML, CSS"
1040,Pooja Sharma,Female,27,9.9,MBA,Bangalore,"Machine Learning, Python, NLP"
1041,Ankit Mishra,Female,22,9.7,M.Tech,Mumbai,"Tableau, SQL, Excel"
1042,Varun Mehta,Male,25,6.8,B.Tech,Mumbai,"Python, Django, PostgreSQL"
1043,Vivaan Sharma,Female,29,6.8,B.Tech,Ahmedabad,"Machine Learning, Python, NLP"
1044,Aarav Joshi,Female,35,11.9,B.Tech,Pune,"Tableau, SQL, Excel"
1045,Akash Agarwal,Male,32,5.4,B.Tech,Chennai,"Excel, Power BI, SQL"
1046,Vivaan Nair,Male,37,7.2,M.Tech,Chennai,"React, JavaScript, HTML, CSS"
1047,Vivaan Shah,Female,34,6.2,MBA,Noida,"Machine Learning, Python, NLP"
1048,Arjun Singh,Female,36,2.0,B.Sc,Noida,"AWS, Python, SQL"
1049,Varun Singh,Male,38,7.1,M.Com,Mumbai,"Python, SQL, Pandas"
1050,Karan Singh,Female,24,3.3,M.Tech,Kolkata,"Excel, Power BI, SQL"
1051,Akash Verma,Female,36,6.8,M.Com,Kolkata,"AWS, Python, SQL"
1052,Meera Sharma,Male,25,5.6,B.Tech,Ahmedabad,"Python, SQL, Pandas"
1053,Kavya Verma,Male,31,7.5,B.Sc,Bangalore,"Tableau, SQL, Excel"
1054,Varun Mehta,Male,38,9.3,MCA,Bangalore,"Java, Spring Boot, SQL"
1055,Pooja Shah,Female,21,2.8,MCA,Kolkata,"Tableau, SQL, Excel"
1056,Aditya Shah,Female,32,6.2,B.Sc,Kolkata,"AWS, Python, SQL"
1057,Rahul Verma,Female,22,6.2,M.Tech,Bangalore,"React, JavaScript, HTML, CSS"
1058,Ankit Verma,Male,32,11.0,MCA,Pune,"SQL, Power BI, Excel"
1059,Simran Nair,Male,31,1.9,M.Tech,Hyderabad,"React, JavaScript, HTML, CSS"
1060,Riya Shah,Female,22,1.0,B.Tech,Delhi,"Machine Learning, Python, NLP"
1061,Arjun Mishra,Female,34,10.3,M.Com,Ahmedabad,"Python, SQL, Pandas"
1062,Simran Mishra,Female,26,3.9,B.Sc,Gurgaon,"Python, Django, PostgreSQL"
1063,Neha Agarwal,Male,39,9.8,B.E.,Gurgaon,"Java, Spring Boot, SQL"
1064,Sneha Mishra,Male,22,6.9,M.Tech,Delhi,"Tableau, SQL, Excel"
1065,Ananya Nair,Female,22,10.3,B.Tech,Mumbai,"AWS, Python, SQL"
1066,Ankit Joshi,Male,29,0.1,B.E.,Ahmedabad,"Java, Spring Boot, SQL"
1067,Aditya Reddy,Female,31,11.2,M.Tech,Bangalore,"Python, Machine Learning, SQL"
1068,Vivaan Malhotra,Male,23,5.7,M.Tech,Mumbai,"Python, SQL, Pandas"
1069,Ankit Joshi,Female,38,5.1,M.Com,Delhi,"Python, Django, PostgreSQL"
1070,Ankit Nair,Female,32,0.6,B.Tech,Hyderabad,"Python, SQL, Pandas"
1071,Isha Gupta,Male,32,11.7,B.Sc,Hyderabad,"Python, Machine Learning, SQL"
1072,Sneha Reddy,Male,28,8.1,M.Tech,Noida,"AWS, Python, SQL"
1073,Sneha Reddy,Female,36,2.1,M.Tech,Hyderabad,"Java, Spring Boot, SQL"
1074,Neha Mishra,Female,24,7.8,MBA,Kolkata,"AWS, Python, SQL"
1075,Varun Mishra,Female,39,0.6,B.Tech,Kolkata,"React, JavaScript, HTML, CSS"
1076,Vivaan Joshi,Female,33,9.7,B.Tech,Hyderabad,"Python, SQL, Pandas"
1077,Kavya Mehta,Male,33,8.5,M.Com,Mumbai,"Python, SQL, Pandas"
1078,Neha Mehta,Male,32,10.7,MCA,Pune,"Python, SQL, Pandas"
1079,Neha Sharma,Female,21,11.6,M.Tech,Mumbai,"Excel, Power BI, SQL"
1080,Isha Reddy,Male,35,5.6,M.Tech,Kolkata,"AWS, Python, SQL"
1081,Isha Mehta,Female,32,5.2,M.Com,Gurgaon,"Java, Spring Boot, SQL"
1082,Simran Verma,Female,21,11.2,MCA,Gurgaon,"SQL, Power BI, Excel"
1083,Rohan Agarwal,Male,28,1.9,MBA,Hyderabad,"Python, SQL, Pandas"
1084,Aditya Kumar,Male,24,7.0,B.Tech,Mumbai,"Python, Machine Learning, SQL"
1085,Varun Sharma,Female,21,0.5,B.Sc,Bangalore,"React, JavaScript, HTML, CSS"
1086,Karan Gupta,Male,35,6.4,MBA,Ahmedabad,"Java, Spring Boot, SQL"
1087,Rohan Gupta,Male,29,3.4,B.E.,Ahmedabad,"Excel, Power BI, SQL"
1088,Pooja Shah,Female,39,10.7,B.Tech,Chennai,"Java, Spring Boot, SQL"
1089,Aarav Verma,Female,29,8.4,M.Com,Hyderabad,"Python, SQL, Pandas"
1090,Arjun Gupta,Female,30,3.1,MCA,Gurgaon,"SQL, Power BI, Excel"
1091,Priya Singh,Female,32,7.1,B.Sc,Gurgaon,"SQL, Power BI, Excel"
1092,Aditya Patel,Female,34,2.5,B.Tech,Noida,"React, JavaScript, HTML, CSS"
1093,Rohan Shah,Female,29,5.9,B.E.,Bangalore,"SQL, Power BI, Excel"
1094,Isha Reddy,Female,36,0.2,M.Com,Noida,"Excel, Power BI, SQL"
1095,Sneha Gupta,Male,22,1.9,B.Sc,Ahmedabad,"Python, SQL, Pandas"
1096,Ankit Kapoor,Male,34,0.9,B.E.,Bangalore,"Java, Spring Boot, SQL"
1097,Aarav Sharma,Female,27,4.0,M.Tech,Mumbai,"Python, Machine Learning, SQL"
1098,Ananya Mehta,Female,35,0.5,B.Sc,Gurgaon,"Java, Spring Boot, SQL"
1099,Aarav Sharma,Male,30,7.1,MCA,Mumbai,"AWS, Python, SQL"
1100,Karan Sharma,Other,32,2.4,M.Tech,Ahmedabad,"Machine Learning, Python, NLP"
1101,Meera Nair,Male,29,2.9,MBA,Ahmedabad,"React, JavaScript, HTML, CSS"
1102,Aditya Verma,Female,25,10.9,M.Tech,Gurgaon,"Excel, Power BI, SQL"
1103,Varun Mishra,Female,33,1.5,M.Tech,Chennai,"Python, Django, PostgreSQL"
1104,Simran Joshi,Male,21,0.8,B.Tech,Gurgaon,"SQL, Power BI, Excel"
1105,Neha Verma,Male,28,8.1,M.Com,Ahmedabad,"AWS, Python, SQL"
1106,Varun Malhotra,Female,29,11.8,B.Tech,Kolkata,"Python, Machine Learning, SQL"
1107,Aditya Sharma,Male,22,11.2,B.Sc,Noida,"AWS, Python, SQL"
1108,Ananya Singh,Female,39,1.2,M.Com,Pune,"AWS, Python, SQL"
1109,Vivaan Nair,Female,31,3.8,MCA,Hyderabad,"Tableau, SQL, Excel"
1110,Rohan Patel,Female,38,7.6,M.Com,Delhi,"Tableau, SQL, Excel"
1111,Rahul Reddy,Male,33,9.8,B.Sc,Delhi,"React, JavaScript, HTML, CSS"
1112,Simran Mehta,Male,34,9.2,M.Tech,Hyderabad,"Machine Learning, Python, NLP"
1113,Kavya Patel,Male,24,2.7,M.Com,Delhi,"SQL, Power BI, Excel"
1114,Kavya Kumar,Female,23,1.4,B.E.,Chennai,"Python, SQL, Pandas"
1115,Pooja Agarwal,Female,24,1.6,B.Sc,Noida,"AWS, Python, SQL"
1116,Riya Gupta,Male,27,6.2,MCA,Bangalore,"Tableau, SQL, Excel"
1117,Simran Reddy,Female,27,9.1,M.Tech,Kolkata,"Excel, Power BI, SQL"
1118,Vivaan Shah,Female,33,6.1,MCA,Gurgaon,"Java, Spring Boot, SQL"
1119,Neha Singh,Female,27,10.9,B.Tech,Kolkata,"AWS, Python, SQL"
1120,Akash Joshi,Male,34,4.1,B.Sc,Bangalore,"Excel, Power BI, SQL"
1121,Varun Shah,Female,23,8.4,MCA,Kolkata,"Tableau, SQL, Excel"
1122,Sneha Verma,Female,36,1.4,B.E.,Noida,"React, JavaScript, HTML, CSS"
1123,Rahul Reddy,Female,35,2.0,M.Tech,Gurgaon,"Python, SQL, Pandas"
1124,Neha Verma,Female,31,3.8,MCA,Bangalore,"Java, Spring Boot, SQL"
1125,Sneha Joshi,Female,33,9.4,B.Sc,Chennai,"Python, SQL, Pandas"
1126,Rahul Mishra,Male,25,2.3,B.E.,Hyderabad,"Machine Learning, Python, NLP"
1127,Rohan Joshi,Other,22,1.8,B.E.,Kolkata,"SQL, Power BI, Excel"
1128,Kavya Reddy,Male,33,9.1,M.Com,Bangalore,"AWS, Python, SQL"
1129,Ananya Malhotra,Female,25,2.5,MCA,Gurgaon,"Python, SQL, Pandas"
1130,Pooja Mehta,Female,21,4.1,MCA,Gurgaon,"Python, SQL, Pandas"
1131,Aarav Joshi,Other,37,7.8,B.Sc,Mumbai,"SQL, Power BI, Excel"
1132,Akash Mehta,Female,34,3.3,B.Tech,Bangalore,"Java, Spring Boot, SQL"
1133,Riya Gupta,Female,38,9.5,B.E.,Pune,"Machine Learning, Python, NLP"
1134,Sneha Sharma,Male,26,8.0,MCA,Mumbai,"Python, SQL, Pandas"
1135,Akash Kumar,Male,35,0.8,B.Sc,Chennai,"Machine Learning, Python, NLP"
1136,Priya Reddy,Female,29,2.3,B.Sc,Pune,"React, JavaScript, HTML, CSS"
1137,Varun Agarwal,Female,31,11.3,M.Tech,Chennai,"AWS, Python, SQL"
1138,Kavya Mishra,Male,23,5.5,MCA,Pune,"Python, Machine Learning, SQL"
1139,Rohan Reddy,Male,24,1.9,MBA,Kolkata,"Tableau, SQL, Excel"
1140,Arjun Gupta,Other,33,8.6,M.Com,Kolkata,"Python, Django, PostgreSQL"
1141,Aarav Kapoor,Female,25,2.3,MCA,Pune,"Tableau, SQL, Excel"
1142,Ananya Malhotra,Male,36,8.3,B.E.,Noida,"Machine Learning, Python, NLP"
1143,Ananya Shah,Male,23,4.4,MBA,Delhi,"Excel, Power BI, SQL"
1144,Akash Gupta,Male,28,9.3,MBA,Ahmedabad,"SQL, Power BI, Excel"
1145,Riya Verma,Male,21,10.7,B.Sc,Bangalore,"Excel, Power BI, SQL"
1146,Pooja Reddy,Female,34,3.3,B.Sc,Delhi,"Python, SQL, Pandas"
1147,Rahul Malhotra,Male,38,7.5,M.Tech,Ahmedabad,"AWS, Python, SQL"
1148,Rohan Malhotra,Male,24,5.9,M.Com,Gurgaon,"Python, SQL, Pandas"
1149,Karan Joshi,Male,33,3.0,MBA,Delhi,"React, JavaScript, HTML, CSS"
1150,Meera Verma,Female,23,2.2,M.Tech,Kolkata,"Python, Django, PostgreSQL"
1151,Sneha Singh,Male,39,6.7,M.Com,Bangalore,"Python, Machine Learning, SQL"
1152,Varun Nair,Female,38,2.6,MBA,Kolkata,"Python, SQL, Pandas"
1153,Aditya Gupta,Male,21,0.4,MBA,Kolkata,"Machine Learning, Python, NLP"
1154,Arjun Sharma,Male,21,4.1,B.Sc,Ahmedabad,"React, JavaScript, HTML, CSS"
1155,Akash Agarwal,Male,25,1.4,MBA,Kolkata,"Tableau, SQL, Excel"
1156,Aditya Kumar,Female,29,1.1,M.Com,Delhi,"Python, SQL, Pandas"
1157,Meera Mishra,Male,34,5.8,MCA,Bangalore,"Tableau, SQL, Excel"
1158,Isha Kapoor,Male,33,10.4,M.Tech,Ahmedabad,"Python, Machine Learning, SQL"
1159,Rahul Agarwal,Male,25,0.5,M.Com,Gurgaon,"Python, SQL, Pandas"
1160,Ananya Patel,Female,30,6.5,MBA,Delhi,"SQL, Power BI, Excel"
1161,Meera Verma,Female,39,6.0,MBA,Bangalore,"SQL, Power BI, Excel"
1162,Aarav Mehta,Other,23,10.6,M.Com,Noida,"AWS, Python, SQL"
1163,Ananya Mishra,Male,38,2.6,MBA,Ahmedabad,"Python, SQL, Pandas"
1164,Rohan Sharma,Male,28,4.9,M.Tech,Mumbai,"React, JavaScript, HTML, CSS"
1165,Aarav Shah,Male,22,2.7,B.Tech,Hyderabad,"Excel, Power BI, SQL"
1166,Aarav Sharma,Male,36,11.9,M.Com,Noida,"Machine Learning, Python, NLP"
1167,Riya Reddy,Male,30,2.9,B.E.,Gurgaon,"Python, Machine Learning, SQL"
1168,Simran Joshi,Female,39,11.5,B.E.,Delhi,"SQL, Power BI, Excel"
1169,Aarav Verma,Female,33,5.1,M.Com,Pune,"Python, Machine Learning, SQL"
1170,Sneha Kumar,Female,27,2.3,B.E.,Pune,"Tableau, SQL, Excel"
1171,Aarav Verma,Female,30,9.0,MBA,Chennai,"Python, SQL, Pandas"
1172,Rahul Patel,Female,23,1.3,B.E.,Kolkata,"Python, Django, PostgreSQL"
1173,Arjun Mehta,Female,25,5.4,B.Tech,Hyderabad,"AWS, Python, SQL"
1174,Isha Gupta,Female,27,8.6,M.Com,Noida,"Python, Django, PostgreSQL"
1175,Rahul Kapoor,Male,39,11.4,MCA,Bangalore,"Machine Learning, Python, NLP"
1176,Pooja Reddy,Male,31,11.0,M.Tech,Bangalore,"Python, Machine Learning, SQL"
1177,Akash Shah,Male,37,5.9,MBA,Noida,"SQL, Power BI, Excel"
1178,Aarav Sharma,Male,29,10.1,B.Sc,Mumbai,"Python, SQL, Pandas"
1179,Riya Sharma,Other,28,0.1,B.Tech,Kolkata,"React, JavaScript, HTML, CSS"
1180,Ankit Gupta,Male,21,11.0,MBA,Gurgaon,"Excel, Power BI, SQL"
1181,Pooja Nair,Female,26,9.7,MCA,Pune,"Tableau, SQL, Excel"
1182,Rahul Kumar,Male,36,0.6,MBA,Gurgaon,"Python, Django, PostgreSQL"
1183,Rohan Kapoor,Male,23,4.2,MCA,Mumbai,"Python, Django, PostgreSQL"
1184,Priya Shah,Male,38,1.4,B.Sc,Hyderabad,"Python, SQL, Pandas"
1185,Vivaan Reddy,Other,34,10.6,M.Com,Mumbai,"Excel, Power BI, SQL"
1186,Varun Shah,Other,29,5.3,MBA,Chennai,"Python, SQL, Pandas"
1187,Arjun Sharma,Male,22,9.3,B.E.,Pune,"AWS, Python, SQL"
1188,Neha Mishra,Female,21,9.0,M.Tech,Pune,"Tableau, SQL, Excel"
1189,Karan Agarwal,Female,25,3.6,MCA,Gurgaon,"AWS, Python, SQL"
1190,Simran Singh,Female,36,5.0,MBA,Noida,"SQL, Power BI, Excel"
1191,Arjun Joshi,Female,21,11.6,MBA,Bangalore,"Excel, Power BI, SQL"
1192,Ankit Gupta,Male,24,7.4,B.Sc,Ahmedabad,"SQL, Power BI, Excel"
1193,Neha Malhotra,Male,26,8.6,MBA,Kolkata,"Tableau, SQL, Excel"
1194,Simran Gupta,Female,35,1.5,B.Sc,Delhi,"Machine Learning, Python, NLP"
1195,Pooja Patel,Male,33,12.0,MBA,Ahmedabad,"Python, Django, PostgreSQL"
1196,Arjun Agarwal,Male,35,0.1,MCA,Delhi,"Tableau, SQL, Excel"
1197,Ananya Reddy,Male,34,5.4,M.Com,Pune,"Excel, Power BI, SQL"
1198,Rahul Joshi,Male,33,0.7,M.Tech,Delhi,"Python, SQL, Pandas"
1199,Ankit Kumar,Female,22,1.7,M.Com,Bangalore,"Excel, Power BI, SQL"
1200,Simran Malhotra,Female,24,11.5,B.Tech,Kolkata,"SQL, Power BI, Excel"
1201,Pooja Nair,Female,39,8.0,MCA,Noida,"React, JavaScript, HTML, CSS"
1202,Simran Verma,Female,32,0.2,B.E.,Bangalore,"Java, Spring Boot, SQL"
1203,Priya Shah,Female,26,3.0,MBA,Chennai,"Tableau, SQL, Excel"
1204,Riya Kumar,Female,36,7.4,MBA,Ahmedabad,"Tableau, SQL, Excel"
1205,Karan Sharma,Female,39,1.2,M.Com,Ahmedabad,"AWS, Python, SQL"
1206,Aarav Mishra,Male,23,0.3,B.Sc,Pune,"Excel, Power BI, SQL"
1207,Isha Gupta,Male,30,5.5,M.Tech,Gurgaon,"Python, Django, PostgreSQL"
1208,Karan Reddy,Male,34,11.1,MBA,Pune,"Python, SQL, Pandas"
1209,Simran Mishra,Male,24,7.2,B.Sc,Hyderabad,"Tableau, SQL, Excel"
1210,Aditya Kapoor,Female,32,2.2,B.Tech,Noida,"React, JavaScript, HTML, CSS"
1211,Akash Joshi,Male,32,4.6,M.Com,Mumbai,"Python, Machine Learning, SQL"
1212,Karan Sharma,Female,38,5.2,M.Com,Pune,"SQL, Power BI, Excel"
1213,Aarav Agarwal,Female,31,7.6,B.E.,Bangalore,"SQL, Power BI, Excel"
1214,Karan Agarwal,Female,23,10.3,B.Sc,Gurgaon,"Java, Spring Boot, SQL"
1215,Pooja Patel,Male,24,0.4,MBA,Bangalore,"Python, Machine Learning, SQL"
1216,Rohan Kumar,Female,37,5.7,B.Tech,Delhi,"Machine Learning, Python, NLP"
1217,Ananya Gupta,Male,35,10.1,B.Sc,Chennai,"SQL, Power BI, Excel"
1218,Karan Mishra,Male,30,8.4,M.Com,Noida,"Python, Machine Learning, SQL"
1219,Neha Singh,Male,36,4.9,B.Tech,Ahmedabad,"Machine Learning, Python, NLP"
1220,Pooja Joshi,Male,32,4.8,M.Tech,Kolkata,"SQL, Power BI, Excel"
1221,Riya Patel,Male,27,7.2,B.Sc,Ahmedabad,"Tableau, SQL, Excel"
1222,Ankit Gupta,Female,35,6.5,B.E.,Hyderabad,"AWS, Python, SQL"
1223,Arjun Shah,Male,26,9.0,B.E.,Bangalore,"Python, Django, PostgreSQL"
1224,Aditya Nair,Female,23,2.5,B.Sc,Mumbai,"React, JavaScript, HTML, CSS"
1225,Pooja Reddy,Male,29,3.3,B.Sc,Hyderabad,"AWS, Python, SQL"
1226,Aditya Kapoor,Female,26,5.9,M.Com,Pune,"Java, Spring Boot, SQL"
1227,Aditya Joshi,Male,39,3.2,MBA,Bangalore,"Python, Machine Learning, SQL"
1228,Pooja Shah,Female,35,9.7,MCA,Delhi,"Python, SQL, Pandas"
1229,Karan Sharma,Female,29,8.2,M.Com,Hyderabad,"AWS, Python, SQL"
1230,Aarav Agarwal,Female,39,3.8,B.Sc,Bangalore,"SQL, Power BI, Excel"
1231,Sneha Mehta,Male,34,8.7,M.Com,Noida,"AWS, Python, SQL"
1232,Aarav Agarwal,Male,33,7.0,MCA,Noida,"Excel, Power BI, SQL"
1233,Pooja Joshi,Female,29,2.0,B.Tech,Noida,"Machine Learning, Python, NLP"
1234,Simran Mishra,Male,39,0.8,M.Com,Noida,"AWS, Python, SQL"
1235,Aditya Kumar,Female,22,10.6,M.Com,Kolkata,"Excel, Power BI, SQL"
1236,Arjun Mishra,Male,27,5.6,MBA,Pune,"Excel, Power BI, SQL"
1237,Simran Joshi,Male,39,3.1,B.Sc,Kolkata,"Excel, Power BI, SQL"
1238,Kavya Shah,Male,29,8.8,M.Com,Chennai,"React, JavaScript, HTML, CSS"
1239,Aditya Malhotra,Male,30,3.9,MBA,Delhi,"AWS, Python, SQL"
1240,Ankit Mishra,Male,32,7.3,B.E.,Gurgaon,"SQL, Power BI, Excel"
1241,Vivaan Gupta,Male,24,3.5,B.E.,Hyderabad,"Tableau, SQL, Excel"
1242,Riya Joshi,Male,37,11.1,B.Tech,Ahmedabad,"Python, Django, PostgreSQL"
1243,Meera Patel,Male,22,10.1,M.Tech,Bangalore,"Java, Spring Boot, SQL"
1244,Aditya Kapoor,Female,28,5.7,M.Com,Chennai,"Machine Learning, Python, NLP"
1245,Priya Singh,Male,23,4.0,B.E.,Gurgaon,"Java, Spring Boot, SQL"
1246,Simran Reddy,Male,28,9.9,B.Sc,Mumbai,"Python, Machine Learning, SQL"
1247,Varun Shah,Male,34,9.3,M.Com,Chennai,"Machine Learning, Python, NLP"
1248,Priya Agarwal,Other,38,10.7,B.Sc,Bangalore,"React, JavaScript, HTML, CSS"
1249,Sneha Nair,Male,28,8.5,MCA,Gurgaon,"Python, Machine Learning, SQL"
1250,Priya Nair,Female,21,4.3,M.Tech,Pune,"Tableau, SQL, Excel"
1251,Karan Agarwal,Male,24,11.4,B.Sc,Pune,"React, JavaScript, HTML, CSS"
1252,Akash Verma,Female,37,9.8,M.Tech,Kolkata,"Excel, Power BI, SQL"
1253,Vivaan Malhotra,Male,22,8.2,M.Com,Gurgaon,"AWS, Python, SQL"
1254,Vivaan Kapoor,Female,35,11.2,B.Tech,Ahmedabad,"Python, SQL, Pandas"
1255,Akash Verma,Male,36,5.4,B.Sc,Bangalore,"Excel, Power BI, SQL"
1256,Rahul Joshi,Male,33,5.3,MCA,Chennai,"Machine Learning, Python, NLP"
1257,Neha Mehta,Female,30,2.3,MCA,Bangalore,"Java, Spring Boot, SQL"
1258,Neha Joshi,Other,34,4.6,B.Sc,Hyderabad,"Excel, Power BI, SQL"
1259,Varun Gupta,Male,24,8.9,MBA,Mumbai,"Machine Learning, Python, NLP"
1260,Pooja Kumar,Other,37,5.8,M.Tech,Delhi,"SQL, Power BI, Excel"
1261,Karan Shah,Male,36,7.1,B.E.,Ahmedabad,"React, JavaScript, HTML, CSS"
1262,Neha Agarwal,Female,33,3.1,B.Tech,Hyderabad,"Python, Machine Learning, SQL"
1263,Vivaan Shah,Female,26,11.7,MBA,Hyderabad,"AWS, Python, SQL"
1264,Rohan Malhotra,Male,29,8.3,B.Sc,Kolkata,"Machine Learning, Python, NLP"
1265,Varun Mishra,Female,26,6.6,MBA,Kolkata,"AWS, Python, SQL"
1266,Sneha Shah,Male,38,9.9,B.Sc,Noida,"Python, Machine Learning, SQL"
1267,Meera Gupta,Female,24,1.5,MCA,Pune,"Python, Machine Learning, SQL"
1268,Vivaan Shah,Male,29,11.3,MCA,Ahmedabad,"AWS, Python, SQL"
1269,Simran Reddy,Male,21,9.8,B.E.,Kolkata,"Python, Django, PostgreSQL"
1270,Simran Agarwal,Female,26,11.8,B.Tech,Delhi,"React, JavaScript, HTML, CSS"
1271,Sneha Agarwal,Male,31,0.8,MBA,Kolkata,"Python, Django, PostgreSQL"
1272,Priya Sharma,Female,37,11.2,B.E.,Kolkata,"AWS, Python, SQL"
1273,Kavya Verma,Male,37,4.2,MBA,Noida,"AWS, Python, SQL"
1274,Aditya Sharma,Female,33,4.9,B.E.,Bangalore,"Python, SQL, Pandas"
1275,Vivaan Agarwal,Male,27,9.1,MBA,Bangalore,"Java, Spring Boot, SQL"
1276,Pooja Gupta,Male,32,8.7,MBA,Kolkata,"AWS, Python, SQL"
1277,Vivaan Agarwal,Male,35,4.2,B.Sc,Gurgaon,"Machine Learning, Python, NLP"
1278,Sneha Kumar,Male,35,3.8,M.Com,Gurgaon,"React, JavaScript, HTML, CSS"
1279,Rohan Reddy,Female,38,0.1,B.E.,Mumbai,"Python, Django, PostgreSQL"
1280,Vivaan Mishra,Male,35,8.0,MBA,Pune,"React, JavaScript, HTML, CSS"
1281,Aditya Nair,Male,38,2.5,M.Tech,Bangalore,"Machine Learning, Python, NLP"
1282,Pooja Mehta,Male,27,7.4,MBA,Noida,"Machine Learning, Python, NLP"
1283,Priya Nair,Female,30,7.9,M.Tech,Pune,"Tableau, SQL, Excel"
1284,Karan Patel,Male,34,5.9,MBA,Kolkata,"Tableau, SQL, Excel"
1285,Arjun Joshi,Female,37,4.8,B.Tech,Mumbai,"Python, Django, PostgreSQL"
1286,Akash Agarwal,Female,27,9.7,B.Sc,Kolkata,"Machine Learning, Python, NLP"
1287,Ananya Kapoor,Female,30,5.2,M.Tech,Noida,"React, JavaScript, HTML, CSS"
1288,Rohan Mishra,Female,23,11.5,MCA,Mumbai,"SQL, Power BI, Excel"
1289,Akash Mishra,Female,29,6.2,MCA,Pune,"Python, SQL, Pandas"
1290,Priya Kumar,Male,39,9.1,B.Sc,Delhi,"Excel, Power BI, SQL"
1291,Varun Malhotra,Male,33,10.3,B.Sc,Kolkata,"Excel, Power BI, SQL"
1292,Aditya Agarwal,Male,32,0.7,M.Tech,Ahmedabad,"Tableau, SQL, Excel"
1293,Ankit Shah,Male,39,8.1,M.Tech,Pune,"Java, Spring Boot, SQL"
1294,Ankit Agarwal,Male,26,5.1,MBA,Kolkata,"SQL, Power BI, Excel"
1295,Arjun Mehta,Male,37,5.6,B.Tech,Kolkata,"Excel, Power BI, SQL"
1296,Aarav Nair,Male,26,0.4,M.Com,Mumbai,"React, JavaScript, HTML, CSS"
1297,Isha Malhotra,Female,30,6.6,M.Tech,Chennai,"Python, Machine Learning, SQL"
1298,Neha Shah,Female,26,6.3,B.Tech,Noida,"Tableau, SQL, Excel"
1299,Pooja Patel,Male,25,6.2,B.E.,Chennai,"Tableau, SQL, Excel"
1300,Kavya Reddy,Male,39,1.9,M.Tech,Gurgaon,"SQL, Power BI, Excel"
1301,Aditya Verma,Male,30,3.3,B.Sc,Ahmedabad,"Python, Django, PostgreSQL"
1302,Simran Verma,Male,39,0.8,B.Tech,Chennai,"Tableau, SQL, Excel"
1303,Priya Gupta,Female,33,1.1,B.Sc,Delhi,"Java, Spring Boot, SQL"
1304,Simran Shah,Male,24,7.1,B.Sc,Noida,"React, JavaScript, HTML, CSS"
1305,Varun Agarwal,Female,34,5.5,M.Tech,Chennai,"Excel, Power BI, SQL"
1306,Rohan Singh,Male,32,4.6,B.Tech,Hyderabad,"Python, Machine Learning, SQL"
1307,Priya Nair,Female,28,6.8,B.Tech,Delhi,"React, JavaScript, HTML, CSS"
1308,Meera Reddy,Female,35,5.0,B.E.,Hyderabad,"Python, Django, PostgreSQL"
1309,Simran Malhotra,Other,36,1.6,M.Com,Chennai,"React, JavaScript, HTML, CSS"
1310,Ankit Shah,Female,34,2.3,M.Tech,Hyderabad,"React, JavaScript, HTML, CSS"
1311,Ananya Shah,Female,30,2.2,MCA,Bangalore,"Python, Django, PostgreSQL"
1312,Pooja Reddy,Male,38,8.1,B.Tech,Delhi,"Excel, Power BI, SQL"
1313,Ananya Shah,Female,35,7.7,B.Sc,Noida,"Python, SQL, Pandas"
1314,Pooja Mehta,Female,33,10.8,B.Tech,Chennai,"Excel, Power BI, SQL"
1315,Isha Malhotra,Female,27,3.7,M.Com,Delhi,"AWS, Python, SQL"
1316,Aarav Kapoor,Male,32,0.6,B.Sc,Kolkata,"AWS, Python, SQL"
1317,Aarav Joshi,Female,35,4.7,MBA,Gurgaon,"Python, Django, PostgreSQL"
1318,Sneha Patel,Female,32,1.6,MBA,Gurgaon,"Machine Learning, Python, NLP"
1319,Priya Patel,Female,28,10.8,MBA,Bangalore,"Java, Spring Boot, SQL"
1320,Vivaan Patel,Male,21,2.0,B.Tech,Delhi,"Python, Machine Learning, SQL"
1321,Sneha Nair,Male,30,8.0,B.Sc,Chennai,"Python, SQL, Pandas"
1322,Kavya Singh,Female,31,8.6,B.E.,Ahmedabad,"React, JavaScript, HTML, CSS"
1323,Priya Mishra,Female,38,3.2,M.Com,Pune,"Python, Machine Learning, SQL"
1324,Priya Reddy,Female,25,5.1,B.E.,Kolkata,"Python, Django, PostgreSQL"
1325,Akash Malhotra,Female,28,11.6,M.Com,Pune,"Python, Machine Learning, SQL"
1326,Kavya Malhotra,Female,30,3.9,MBA,Hyderabad,"React, JavaScript, HTML, CSS"
1327,Meera Verma,Female,25,1.5,B.Sc,Noida,"Excel, Power BI, SQL"
1328,Arjun Kumar,Female,35,4.5,M.Tech,Bangalore,"React, JavaScript, HTML, CSS"
1329,Sneha Reddy,Other,36,0.8,M.Com,Hyderabad,"Excel, Power BI, SQL"
1330,Akash Singh,Male,29,7.9,M.Tech,Ahmedabad,"React, JavaScript, HTML, CSS"
1331,Varun Patel,Female,31,2.4,M.Tech,Gurgaon,"AWS, Python, SQL"
1332,Arjun Nair,Male,23,12.0,MCA,Pune,"SQL, Power BI, Excel"
1333,Priya Singh,Male,38,9.2,B.Tech,Hyderabad,"Python, SQL, Pandas"
1334,Kavya Nair,Male,22,9.2,MBA,Delhi,"Python, Machine Learning, SQL"
1335,Aditya Kumar,Male,33,8.9,B.Sc,Pune,"Python, SQL, Pandas"
1336,Akash Sharma,Female,23,0.0,MBA,Kolkata,"Excel, Power BI, SQL"
1337,Varun Mehta,Male,35,1.0,B.Tech,Kolkata,"Java, Spring Boot, SQL"
1338,Akash Nair,Male,21,6.9,B.Sc,Noida,"AWS, Python, SQL"
1339,Priya Joshi,Male,35,7.7,MBA,Bangalore,"Tableau, SQL, Excel"
1340,Aditya Gupta,Female,22,9.6,B.Tech,Kolkata,"Excel, Power BI, SQL"
1341,Ankit Gupta,Male,30,2.7,B.Tech,Chennai,"Python, Machine Learning, SQL"
1342,Neha Gupta,Female,35,10.6,B.E.,Noida,"React, JavaScript, HTML, CSS"
1343,Arjun Mishra,Female,37,5.4,MBA,Ahmedabad,"Python, SQL, Pandas"
1344,Priya Singh,Male,39,11.5,M.Tech,Mumbai,"SQL, Power BI, Excel"
1345,Arjun Patel,Male,36,11.4,B.E.,Delhi,"Python, Machine Learning, SQL"
1346,Rahul Gupta,Male,39,6.7,B.E.,Delhi,"AWS, Python, SQL"
1347,Sneha Agarwal,Male,34,0.8,B.E.,Kolkata,"Java, Spring Boot, SQL"
1348,Vivaan Gupta,Male,36,6.0,B.Sc,Bangalore,"Python, Machine Learning, SQL"
1349,Rohan Agarwal,Male,33,11.8,M.Com,Bangalore,"AWS, Python, SQL"
1350,Riya Kapoor,Male,25,7.3,B.Tech,Kolkata,"Python, Django, PostgreSQL"
1351,Aarav Kapoor,Male,30,0.1,B.E.,Delhi,"Excel, Power BI, SQL"
1352,Priya Mehta,Male,23,5.5,B.Tech,Kolkata,"AWS, Python, SQL"
1353,Rahul Shah,Female,32,6.1,B.Sc,Chennai,"Python, Django, PostgreSQL"
1354,Rohan Verma,Female,22,8.0,MBA,Delhi,"Machine Learning, Python, NLP"
1355,Simran Mehta,Male,32,8.3,MBA,Gurgaon,"Java, Spring Boot, SQL"
1356,Kavya Mehta,Female,32,4.7,M.Tech,Delhi,"Tableau, SQL, Excel"
1357,Kavya Patel,Male,31,2.1,B.E.,Noida,"Java, Spring Boot, SQL"
1358,Ankit Shah,Other,22,1.0,MBA,Pune,"Python, Machine Learning, SQL"
1359,Isha Reddy,Male,39,0.4,B.Tech,Hyderabad,"Java, Spring Boot, SQL"
1360,Aditya Singh,Male,35,8.5,M.Tech,Pune,"AWS, Python, SQL"
1361,Kavya Reddy,Female,30,2.6,MCA,Noida,"Tableau, SQL, Excel"
1362,Pooja Agarwal,Male,31,9.6,B.Tech,Pune,"React, JavaScript, HTML, CSS"
1363,Isha Shah,Male,27,5.9,MCA,Ahmedabad,"AWS, Python, SQL"
1364,Pooja Joshi,Male,34,9.3,M.Tech,Kolkata,"Java, Spring Boot, SQL"
1365,Meera Joshi,Male,39,5.4,M.Com,Pune,"Machine Learning, Python, NLP"
1366,Aditya Nair,Male,25,11.6,MCA,Kolkata,"Java, Spring Boot, SQL"
1367,Meera Mehta,Male,35,5.8,B.E.,Delhi,"Python, Django, PostgreSQL"
1368,Rahul Kapoor,Male,34,9.0,M.Tech,Chennai,"React, JavaScript, HTML, CSS"
1369,Akash Mehta,Male,36,2.4,M.Com,Bangalore,"Python, SQL, Pandas"
1370,Priya Patel,Female,24,3.8,B.Sc,Ahmedabad,"Python, Django, PostgreSQL"
1371,Rahul Mehta,Male,26,3.6,B.Sc,Chennai,"Python, Django, PostgreSQL"
1372,Aarav Singh,Male,32,7.9,MCA,Mumbai,"Excel, Power BI, SQL"
1373,Ananya Singh,Female,37,4.2,MBA,Mumbai,"Java, Spring Boot, SQL"
1374,Vivaan Patel,Female,39,6.1,MCA,Gurgaon,"React, JavaScript, HTML, CSS"
1375,Varun Singh,Female,33,0.3,B.Tech,Noida,"Python, Django, PostgreSQL"
1376,Rohan Gupta,Female,34,7.5,M.Com,Kolkata,"Machine Learning, Python, NLP"
1377,Ankit Reddy,Female,34,8.7,MBA,Noida,"Python, Machine Learning, SQL"
1378,Riya Gupta,Female,32,8.1,MBA,Ahmedabad,"Machine Learning, Python, NLP"
1379,Neha Malhotra,Female,35,4.5,MBA,Bangalore,"Machine Learning, Python, NLP"
1380,Aarav Sharma,Male,36,4.3,MCA,Chennai,"Tableau, SQL, Excel"
1381,Sneha Patel,Male,24,4.7,B.Sc,Noida,"Excel, Power BI, SQL"
1382,Meera Shah,Female,28,6.9,M.Com,Pune,"Excel, Power BI, SQL"
1383,Priya Shah,Male,24,9.1,B.Sc,Noida,"Tableau, SQL, Excel"
1384,Rahul Joshi,Male,28,0.3,MCA,Kolkata,"Python, Django, PostgreSQL"
1385,Kavya Shah,Other,32,5.3,B.Sc,Gurgaon,"React, JavaScript, HTML, CSS"
1386,Pooja Shah,Male,37,0.1,MCA,Chennai,"Tableau, SQL, Excel"
1387,Neha Kapoor,Male,27,2.1,M.Com,Chennai,"SQL, Power BI, Excel"
1388,Meera Mehta,Male,28,4.7,B.E.,Hyderabad,"Tableau, SQL, Excel"
1389,Aditya Reddy,Female,28,3.2,B.Sc,Chennai,"React, JavaScript, HTML, CSS"
1390,Ananya Kapoor,Female,21,3.3,MBA,Ahmedabad,"Python, Django, PostgreSQL"
1391,Vivaan Agarwal,Female,24,0.3,MCA,Pune,"SQL, Power BI, Excel"
1392,Varun Agarwal,Female,35,6.2,B.Tech,Kolkata,"React, JavaScript, HTML, CSS"
1393,Kavya Singh,Female,36,6.9,B.Sc,Ahmedabad,"Python, SQL, Pandas"
1394,Arjun Mishra,Female,21,6.7,M.Tech,Chennai,"Excel, Power BI, SQL"
1395,Ankit Kapoor,Male,29,7.8,B.E.,Delhi,"SQL, Power BI, Excel"
1396,Kavya Gupta,Male,39,8.2,M.Tech,Ahmedabad,"React, JavaScript, HTML, CSS"
1397,Ananya Sharma,Male,25,0.5,M.Tech,Bangalore,"Tableau, SQL, Excel"
1398,Sneha Verma,Female,36,3.6,M.Tech,Gurgaon,"React, JavaScript, HTML, CSS"
1399,Aarav Kumar,Female,37,1.0,B.Tech,Bangalore,"AWS, Python, SQL"
1400,Rahul Sharma,Female,23,7.9,B.Sc,Delhi,"Python, Machine Learning, SQL"
1401,Arjun Patel,Male,22,6.8,MCA,Ahmedabad,"Excel, Power BI, SQL"
1402,Riya Patel,Female,39,10.0,M.Tech,Kolkata,"SQL, Power BI, Excel"
1403,Pooja Kumar,Female,33,7.6,B.Tech,Noida,"React, JavaScript, HTML, CSS"
1404,Riya Verma,Male,29,0.4,B.E.,Pune,"Java, Spring Boot, SQL"
1405,Vivaan Mehta,Female,31,0.5,MCA,Noida,"Excel, Power BI, SQL"
1406,Sneha Sharma,Male,26,8.5,MCA,Ahmedabad,"Python, Machine Learning, SQL"
1407,Karan Nair,Female,36,6.1,M.Com,Chennai,"SQL, Power BI, Excel"
1408,Ananya Kapoor,Male,29,10.3,B.Tech,Pune,"AWS, Python, SQL"
1409,Simran Mehta,Female,36,6.3,M.Com,Bangalore,"Tableau, SQL, Excel"
1410,Ananya Agarwal,Female,33,4.0,B.Tech,Kolkata,"React, JavaScript, HTML, CSS"
1411,Ananya Kumar,Other,39,7.3,M.Tech,Mumbai,"React, JavaScript, HTML, CSS"
1412,Varun Mehta,Female,24,9.3,MCA,Delhi,"Excel, Power BI, SQL"
1413,Varun Agarwal,Male,22,11.2,MBA,Bangalore,"AWS, Python, SQL"
1414,Rohan Shah,Female,38,6.3,M.Com,Delhi,"Python, SQL, Pandas"
1415,Pooja Mehta,Female,39,7.7,M.Com,Mumbai,"Python, SQL, Pandas"
1416,Karan Mishra,Other,26,11.5,B.E.,Kolkata,"Python, Django, PostgreSQL"
1417,Meera Sharma,Male,25,8.3,MCA,Hyderabad,"Machine Learning, Python, NLP"
1418,Isha Kapoor,Female,38,9.5,B.Sc,Mumbai,"Python, Django, PostgreSQL"
1419,Varun Joshi,Female,30,6.1,MCA,Delhi,"Python, Django, PostgreSQL"
1420,Akash Singh,Male,22,9.4,B.E.,Mumbai,"Machine Learning, Python, NLP"
1421,Meera Sharma,Female,32,1.5,B.E.,Pune,"Tableau, SQL, Excel"
1422,Kavya Kapoor,Male,29,1.3,MCA,Delhi,"Python, Django, PostgreSQL"
1423,Kavya Kapoor,Female,30,10.2,B.Sc,Noida,"Python, SQL, Pandas"
1424,Ananya Singh,Male,34,10.3,M.Tech,Bangalore,"React, JavaScript, HTML, CSS"
1425,Meera Gupta,Female,35,9.6,MBA,Delhi,"Python, SQL, Pandas"
1426,Akash Nair,Male,37,8.1,B.Tech,Noida,"Python, Machine Learning, SQL"
1427,Ananya Singh,Male,21,9.8,M.Com,Hyderabad,"Java, Spring Boot, SQL"
1428,Meera Joshi,Female,26,1.1,M.Tech,Hyderabad,"Python, Machine Learning, SQL"
1429,Isha Sharma,Male,35,5.3,MCA,Noida,"Python, Machine Learning, SQL"
1430,Kavya Singh,Male,23,8.2,B.Sc,Delhi,"AWS, Python, SQL"
1431,Rohan Joshi,Female,33,0.0,B.Sc,Chennai,"Python, Django, PostgreSQL"
1432,Aditya Gupta,Male,33,7.6,B.E.,Delhi,"Java, Spring Boot, SQL"
1433,Aarav Mishra,Male,31,11.1,M.Tech,Chennai,"Tableau, SQL, Excel"
1434,Varun Gupta,Male,36,0.7,B.Sc,Noida,"AWS, Python, SQL"
1435,Meera Malhotra,Male,32,4.0,MBA,Chennai,"Python, Machine Learning, SQL"
1436,Sneha Kumar,Male,34,11.0,M.Tech,Pune,"React, JavaScript, HTML, CSS"
1437,Isha Shah,Female,35,3.6,M.Com,Delhi,"Machine Learning, Python, NLP"
1438,Meera Kumar,Male,28,1.6,M.Com,Delhi,"Machine Learning, Python, NLP"
1439,Sneha Mehta,Female,39,3.6,MBA,Pune,"Machine Learning, Python, NLP"
1440,Isha Verma,Male,25,9.1,M.Com,Pune,"Python, Django, PostgreSQL"
1441,Akash Patel,Male,37,0.3,MCA,Hyderabad,"AWS, Python, SQL"
1442,Rohan Reddy,Male,30,10.1,MBA,Hyderabad,"Python, Django, PostgreSQL"
1443,Varun Nair,Male,33,11.6,M.Com,Mumbai,"Python, SQL, Pandas"
1444,Pooja Nair,Female,25,10.5,MCA,Delhi,"Java, Spring Boot, SQL"
1445,Aarav Patel,Female,28,0.8,MCA,Kolkata,"SQL, Power BI, Excel"
1446,Priya Kumar,Male,31,3.2,MBA,Chennai,"Python, SQL, Pandas"
1447,Varun Patel,Female,31,9.7,B.Tech,Noida,"Java, Spring Boot, SQL"
1448,Riya Malhotra,Female,22,11.9,B.Sc,Chennai,"Python, SQL, Pandas"
1449,Pooja Kumar,Female,38,4.1,M.Com,Bangalore,"Tableau, SQL, Excel"
1450,Rohan Singh,Female,26,3.7,MCA,Hyderabad,"Python, Django, PostgreSQL"
1451,Akash Mehta,Male,36,12.0,M.Tech,Bangalore,"Tableau, SQL, Excel"
1452,Pooja Gupta,Male,28,10.5,B.Tech,Kolkata,"React, JavaScript, HTML, CSS"
1453,Akash Kapoor,Female,28,8.8,B.E.,Ahmedabad,"Python, Machine Learning, SQL"
1454,Rahul Singh,Male,39,9.6,B.E.,Pune,"Machine Learning, Python, NLP"
1455,Pooja Agarwal,Male,35,1.0,M.Tech,Noida,"Machine Learning, Python, NLP"
1456,Priya Malhotra,Female,38,0.7,M.Com,Bangalore,"Python, Machine Learning, SQL"
1457,Akash Agarwal,Female,27,6.4,M.Tech,Ahmedabad,"Python, Django, PostgreSQL"
1458,Pooja Gupta,Female,38,6.6,MBA,Pune,"Excel, Power BI, SQL"
1459,Karan Shah,Female,37,1.5,M.Com,Delhi,"Machine Learning, Python, NLP"
1460,Aditya Malhotra,Female,37,3.7,B.Tech,Chennai,"Python, SQL, Pandas"
1461,Arjun Singh,Female,32,1.9,B.Tech,Hyderabad,"Python, SQL, Pandas"
1462,Kavya Joshi,Male,36,0.9,B.Sc,Mumbai,"AWS, Python, SQL"
1463,Rahul Mishra,Male,27,7.4,B.Tech,Gurgaon,"React, JavaScript, HTML, CSS"
1464,Pooja Joshi,Male,25,9.9,M.Com,Gurgaon,"Tableau, SQL, Excel"
1465,Neha Kumar,Male,33,6.9,M.Tech,Chennai,"AWS, Python, SQL"
1466,Pooja Reddy,Male,34,0.8,MCA,Hyderabad,"Tableau, SQL, Excel"
1467,Riya Singh,Male,24,10.7,MCA,Chennai,"Python, Django, PostgreSQL"
1468,Varun Shah,Female,37,11.9,B.E.,Kolkata,"Machine Learning, Python, NLP"
1469,Arjun Sharma,Male,24,3.1,MCA,Delhi,"Java, Spring Boot, SQL"
1470,Rohan Mishra,Female,36,5.6,MCA,Bangalore,"Excel, Power BI, SQL"
1471,Rahul Malhotra,Female,36,4.8,B.Tech,Gurgaon,"SQL, Power BI, Excel"
1472,Ananya Joshi,Male,30,0.1,B.Sc,Chennai,"Excel, Power BI, SQL"
1473,Sneha Sharma,Male,36,6.0,M.Tech,Hyderabad,"Python, Django, PostgreSQL"
1474,Sneha Singh,Male,25,7.0,MCA,Mumbai,"Excel, Power BI, SQL"
1475,Ankit Singh,Male,36,11.8,B.Tech,Pune,"AWS, Python, SQL"
1476,Sneha Agarwal,Male,21,3.5,MBA,Mumbai,"Python, SQL, Pandas"
1477,Kavya Mishra,Male,30,7.7,B.E.,Bangalore,"AWS, Python, SQL"
1478,Meera Joshi,Female,35,11.3,B.Sc,Chennai,"React, JavaScript, HTML, CSS"
1479,Ananya Kapoor,Other,22,11.9,B.Tech,Mumbai,"Excel, Power BI, SQL"
1480,Meera Mishra,Male,31,5.0,B.Sc,Gurgaon,"Tableau, SQL, Excel"
1481,Karan Gupta,Male,24,4.2,M.Com,Mumbai,"React, JavaScript, HTML, CSS"
1482,Varun Kapoor,Female,35,8.4,B.Sc,Mumbai,"SQL, Power BI, Excel"
1483,Vivaan Singh,Female,30,3.3,B.E.,Pune,"SQL, Power BI, Excel"
1484,Sneha Patel,Male,32,6.4,MCA,Kolkata,"Python, SQL, Pandas"
1485,Arjun Mehta,Female,35,4.8,B.Sc,Ahmedabad,"SQL, Power BI, Excel"
1486,Aarav Nair,Female,30,8.6,B.Tech,Kolkata,"Python, Machine Learning, SQL"
1487,Pooja Kumar,Male,31,1.6,B.E.,Kolkata,"AWS, Python, SQL"
1488,Arjun Kumar,Female,33,6.1,MCA,Mumbai,"Python, SQL, Pandas"
1489,Rahul Mishra,Male,30,2.9,MBA,Gurgaon,"Java, Spring Boot, SQL"
1490,Karan Mehta,Male,22,5.9,B.Tech,Pune,"SQL, Power BI, Excel"
1491,Arjun Gupta,Male,27,8.8,B.Tech,Noida,"React, JavaScript, HTML, CSS"
1492,Neha Malhotra,Other,37,8.5,MCA,Chennai,"Machine Learning, Python, NLP"
1493,Karan Kapoor,Male,35,5.7,B.Tech,Pune,"Python, Machine Learning, SQL"
1494,Aditya Gupta,Female,37,0.6,MBA,Noida,"Python, Machine Learning, SQL"
1495,Rohan Verma,Male,31,11.0,B.E.,Delhi,"React, JavaScript, HTML, CSS"
1496,Aditya Kumar,Male,39,9.6,B.Sc,Noida,"Python, Django, PostgreSQL"
1497,Kavya Mehta,Male,32,6.1,B.E.,Pune,"Excel, Power BI, SQL"
1498,Aditya Sharma,Other,25,3.4,M.Tech,Kolkata,"React, JavaScript, HTML, CSS"
1499,Sneha Joshi,Female,27,7.7,B.E.,Chennai,"React, JavaScript, HTML, CSS"
1500,Akash Joshi,Female,23,0.5,MCA,Bangalore,"Machine Learning, Python, NLP"
1501,Ananya Kapoor,Male,39,5.5,MBA,Delhi,"Machine Learning, Python, NLP"
1502,Arjun Mehta,Male,32,0.8,M.Com,Hyderabad,"SQL, Power BI, Excel"
1503,Ananya Sharma,Male,34,9.8,MBA,Delhi,"Machine Learning, Python, NLP"
1504,Riya Reddy,Male,21,10.0,B.Tech,Delhi,"Python, Machine Learning, SQL"
1505,Ananya Nair,Female,23,10.8,M.Tech,Hyderabad,"Python, Machine Learning, SQL"
1506,Neha Sharma,Female,21,2.4,M.Tech,Hyderabad,"Python, Django, PostgreSQL"
1507,Neha Malhotra,Male,36,0.0,B.Tech,Kolkata,"Python, Django, PostgreSQL"
1508,Isha Verma,Male,37,3.1,B.E.,Mumbai,"React, JavaScript, HTML, CSS"
1509,Rahul Singh,Female,27,2.0,B.Sc,Kolkata,"SQL, Power BI, Excel"
1510,Pooja Singh,Male,25,11.6,B.Tech,Kolkata,"AWS, Python, SQL"
1511,Pooja Kapoor,Male,31,9.0,M.Tech,Pune,"AWS, Python, SQL"
1512,Simran Verma,Female,31,0.2,M.Com,Delhi,"Python, Django, PostgreSQL"
1513,Rahul Patel,Male,36,7.9,MCA,Gurgaon,"Excel, Power BI, SQL"
1514,Priya Singh,Female,22,5.9,M.Tech,Delhi,"Java, Spring Boot, SQL"
1515,Rahul Kapoor,Male,21,0.8,B.Tech,Gurgaon,"React, JavaScript, HTML, CSS"
1516,Akash Malhotra,Male,32,7.9,M.Com,Mumbai,"Python, Django, PostgreSQL"
1517,Rahul Singh,Other,23,5.7,B.Tech,Mumbai,"Tableau, SQL, Excel"
1518,Simran Agarwal,Male,28,3.1,M.Tech,Pune,"Java, Spring Boot, SQL"
1519,Kavya Singh,Male,33,0.6,B.E.,Hyderabad,"Tableau, SQL, Excel"
1520,Arjun Singh,Male,21,0.2,B.Tech,Hyderabad,"SQL, Power BI, Excel"
1521,Ananya Shah,Female,26,10.4,M.Tech,Gurgaon,"React, JavaScript, HTML, CSS"
1522,Aditya Patel,Male,29,2.4,M.Tech,Mumbai,"Tableau, SQL, Excel"
1523,Arjun Shah,Female,27,7.5,M.Tech,Mumbai,"Tableau, SQL, Excel"
1524,Arjun Mehta,Female,28,1.0,B.E.,Pune,"Excel, Power BI, SQL"
1525,Karan Kapoor,Male,24,3.3,M.Com,Kolkata,"React, JavaScript, HTML, CSS"
1526,Pooja Nair,Female,39,5.7,M.Tech,Gurgaon,"Python, SQL, Pandas"
1527,Pooja Verma,Male,27,8.6,MBA,Kolkata,"AWS, Python, SQL"
1528,Arjun Reddy,Male,36,2.9,MCA,Delhi,"Machine Learning, Python, NLP"
1529,Isha Patel,Female,32,9.5,MBA,Bangalore,"Tableau, SQL, Excel"
1530,Simran Shah,Female,27,10.8,B.E.,Pune,"Excel, Power BI, SQL"
1531,Isha Nair,Female,34,5.8,M.Com,Ahmedabad,"AWS, Python, SQL"
1532,Rohan Singh,Male,29,8.0,B.E.,Ahmedabad,"Tableau, SQL, Excel"
1533,Rohan Reddy,Male,27,10.9,B.Sc,Kolkata,"SQL, Power BI, Excel"
1534,Simran Kumar,Male,22,3.1,M.Com,Gurgaon,"Machine Learning, Python, NLP"
1535,Neha Sharma,Female,37,9.9,MCA,Chennai,"React, JavaScript, HTML, CSS"
1536,Pooja Mehta,Female,33,10.7,M.Tech,Ahmedabad,"Excel, Power BI, SQL"
1537,Pooja Mishra,Male,38,9.6,B.E.,Hyderabad,"Machine Learning, Python, NLP"
1538,Akash Joshi,Female,33,8.9,B.Tech,Delhi,"React, JavaScript, HTML, CSS"
1539,Rahul Gupta,Female,36,7.0,M.Com,Bangalore,"AWS, Python, SQL"
1540,Ankit Gupta,Male,22,3.2,M.Tech,Bangalore,"SQL, Power BI, Excel"
1541,Pooja Mishra,Female,28,6.3,B.Tech,Kolkata,"Python, Machine Learning, SQL"
1542,Pooja Kapoor,Female,21,10.0,M.Com,Hyderabad,"Python, SQL, Pandas"
1543,Aarav Agarwal,Male,35,9.4,B.Tech,Ahmedabad,"Python, SQL, Pandas"
1544,Priya Mishra,Male,33,3.5,M.Com,Noida,"React, JavaScript, HTML, CSS"
1545,Arjun Kumar,Female,38,5.3,M.Com,Kolkata,"Python, Machine Learning, SQL"
1546,Sneha Joshi,Male,31,8.9,MBA,Ahmedabad,"React, JavaScript, HTML, CSS"
1547,Akash Patel,Other,38,6.8,MCA,Kolkata,"SQL, Power BI, Excel"
1548,Rahul Kapoor,Female,33,7.2,B.E.,Pune,"SQL, Power BI, Excel"
1549,Neha Joshi,Other,22,11.2,B.Tech,Pune,"Excel, Power BI, SQL"
1550,Meera Verma,Female,39,4.2,M.Tech,Ahmedabad,"AWS, Python, SQL"
1551,Karan Sharma,Female,36,2.6,M.Com,Ahmedabad,"Tableau, SQL, Excel"
1552,Aditya Reddy,Female,35,9.8,M.Tech,Bangalore,"Python, SQL, Pandas"
1553,Isha Mehta,Female,25,3.0,M.Com,Ahmedabad,"Java, Spring Boot, SQL"
1554,Riya Singh,Female,39,10.4,B.Tech,Chennai,"Python, SQL, Pandas"
1555,Simran Kapoor,Male,31,8.4,B.Tech,Noida,"SQL, Power BI, Excel"
1556,Neha Nair,Male,26,5.2,MCA,Kolkata,"Machine Learning, Python, NLP"
1557,Ankit Agarwal,Female,28,0.1,B.Sc,Gurgaon,"Excel, Power BI, SQL"
1558,Priya Malhotra,Male,37,11.7,B.E.,Bangalore,"Machine Learning, Python, NLP"
1559,Simran Malhotra,Male,33,1.2,MBA,Bangalore,"Python, SQL, Pandas"
1560,Aditya Reddy,Female,28,5.6,MCA,Noida,"Python, Machine Learning, SQL"
1561,Karan Kapoor,Female,36,10.6,B.Sc,Pune,"Excel, Power BI, SQL"
1562,Rohan Patel,Female,22,4.1,MCA,Chennai,"SQL, Power BI, Excel"
1563,Simran Sharma,Female,38,0.5,MBA,Mumbai,"Python, Django, PostgreSQL"
1564,Sneha Mishra,Female,33,8.9,B.Sc,Ahmedabad,"Python, Machine Learning, SQL"
1565,Ananya Singh,Male,26,3.6,MCA,Delhi,"Excel, Power BI, SQL"
1566,Karan Patel,Female,27,0.7,B.Tech,Mumbai,"Machine Learning, Python, NLP"
1567,Pooja Shah,Male,35,9.2,MCA,Chennai,"Python, SQL, Pandas"
1568,Riya Patel,Female,37,7.8,M.Com,Hyderabad,"Tableau, SQL, Excel"
1569,Isha Patel,Male,30,3.2,B.Tech,Bangalore,"Java, Spring Boot, SQL"
1570,Kavya Verma,Other,22,5.9,M.Com,Gurgaon,"AWS, Python, SQL"
1571,Meera Kumar,Male,29,8.1,B.E.,Bangalore,"Python, SQL, Pandas"
1572,Ananya Gupta,Male,35,5.9,MCA,Mumbai,"Excel, Power BI, SQL"
1573,Kavya Verma,Female,28,0.1,B.E.,Bangalore,"Excel, Power BI, SQL"
1574,Neha Nair,Female,22,10.2,MCA,Gurgaon,"Excel, Power BI, SQL"
1575,Riya Mehta,Female,24,1.5,M.Tech,Hyderabad,"Tableau, SQL, Excel"
1576,Meera Reddy,Female,27,0.4,MCA,Noida,"Excel, Power BI, SQL"
1577,Rohan Kapoor,Male,34,10.7,B.E.,Noida,"Tableau, SQL, Excel"
1578,Meera Patel,Female,27,2.9,MCA,Hyderabad,"Python, Django, PostgreSQL"
1579,Ankit Kapoor,Male,36,5.2,B.Tech,Gurgaon,"Python, Machine Learning, SQL"
1580,Meera Mishra,Female,32,4.9,MCA,Noida,"Python, SQL, Pandas"
1581,Meera Nair,Male,28,5.5,B.E.,Delhi,"Tableau, SQL, Excel"
1582,Akash Mishra,Male,35,10.3,M.Com,Mumbai,"Excel, Power BI, SQL"
1583,Neha Mehta,Male,22,8.2,M.Com,Kolkata,"Python, SQL, Pandas"
1584,Karan Kumar,Female,24,1.8,M.Com,Hyderabad,"Tableau, SQL, Excel"
1585,Akash Mishra,Female,36,6.2,B.E.,Noida,"Java, Spring Boot, SQL"
1586,Pooja Singh,Female,39,2.9,B.E.,Delhi,"Python, Machine Learning, SQL"
1587,Ankit Patel,Female,36,1.9,B.Tech,Noida,"Excel, Power BI, SQL"
1588,Sneha Mehta,Male,37,4.0,M.Com,Mumbai,"Excel, Power BI, SQL"
1589,Rahul Mishra,Male,21,8.5,M.Com,Ahmedabad,"Machine Learning, Python, NLP"
1590,Aditya Singh,Other,33,10.4,MBA,Mumbai,"Tableau, SQL, Excel"
1591,Kavya Malhotra,Female,21,3.1,M.Tech,Pune,"React, JavaScript, HTML, CSS"
1592,Ankit Malhotra,Female,23,9.6,MBA,Delhi,"SQL, Power BI, Excel"
1593,Aarav Shah,Male,32,3.3,M.Com,Hyderabad,"Python, Machine Learning, SQL"
1594,Rahul Shah,Other,30,9.4,MBA,Gurgaon,"SQL, Power BI, Excel"
1595,Riya Singh,Male,32,4.8,M.Tech,Gurgaon,"SQL, Power BI, Excel"
1596,Isha Malhotra,Male,37,8.2,M.Com,Bangalore,"Python, SQL, Pandas"
1597,Neha Kumar,Male,32,5.7,B.Tech,Kolkata,"Machine Learning, Python, NLP"
1598,Priya Reddy,Female,30,9.3,B.E.,Pune,"Tableau, SQL, Excel"
1599,Meera Sharma,Female,21,9.6,B.E.,Kolkata,"Excel, Power BI, SQL"
1600,Kavya Joshi,Female,33,11.9,MBA,Chennai,"Excel, Power BI, SQL"
1601,Meera Reddy,Female,31,7.9,B.Sc,Chennai,"SQL, Power BI, Excel"
1602,Aditya Agarwal,Female,26,10.1,B.Sc,Noida,"Python, Machine Learning, SQL"
1603,Rahul Joshi,Male,34,0.0,B.Sc,Kolkata,"SQL, Power BI, Excel"
1604,Akash Sharma,Female,37,4.7,B.Sc,Noida,"SQL, Power BI, Excel"
1605,Ankit Kapoor,Male,21,2.3,MCA,Pune,"Python, SQL, Pandas"
1606,Isha Reddy,Male,26,2.4,M.Com,Kolkata,"Machine Learning, Python, NLP"
1607,Aarav Shah,Female,38,8.5,B.E.,Noida,"SQL, Power BI, Excel"
1608,Simran Nair,Male,38,12.0,M.Tech,Hyderabad,"Excel, Power BI, SQL"
1609,Rahul Joshi,Female,24,10.9,B.E.,Noida,"Machine Learning, Python, NLP"
1610,Ankit Reddy,Female,36,6.9,M.Com,Hyderabad,"Python, Django, PostgreSQL"
1611,Aditya Singh,Female,28,1.2,M.Tech,Ahmedabad,"Python, Django, PostgreSQL"
1612,Simran Agarwal,Female,21,0.0,MCA,Kolkata,"Tableau, SQL, Excel"
1613,Isha Patel,Female,21,6.7,M.Com,Delhi,"Python, Machine Learning, SQL"
1614,Isha Verma,Female,39,9.3,B.Tech,Delhi,"Machine Learning, Python, NLP"
1615,Pooja Kumar,Female,35,2.3,MCA,Pune,"React, JavaScript, HTML, CSS"
1616,Priya Agarwal,Female,29,9.7,MBA,Noida,"Java, Spring Boot, SQL"
1617,Vivaan Joshi,Male,28,6.0,B.Tech,Chennai,"Tableau, SQL, Excel"
1618,Simran Malhotra,Female,31,1.8,M.Com,Chennai,"SQL, Power BI, Excel"
1619,Ankit Nair,Female,27,9.4,MBA,Bangalore,"Java, Spring Boot, SQL"
1620,Arjun Mehta,Male,33,8.4,B.E.,Ahmedabad,"Java, Spring Boot, SQL"
1621,Rahul Gupta,Male,23,7.2,MCA,Pune,"Tableau, SQL, Excel"
1622,Rahul Mishra,Male,31,10.2,M.Tech,Pune,"Java, Spring Boot, SQL"
1623,Arjun Malhotra,Male,34,5.7,B.E.,Chennai,"Python, Django, PostgreSQL"
1624,Karan Joshi,Male,27,9.9,B.E.,Chennai,"AWS, Python, SQL"
1625,Vivaan Mehta,Male,27,4.7,MCA,Gurgaon,"Tableau, SQL, Excel"
1626,Riya Kapoor,Female,33,10.6,B.E.,Kolkata,"SQL, Power BI, Excel"
1627,Isha Mishra,Male,26,0.2,B.Tech,Pune,"React, JavaScript, HTML, CSS"
1628,Akash Mehta,Female,23,4.4,M.Com,Noida,"Python, SQL, Pandas"
1629,Karan Gupta,Female,38,7.5,MCA,Noida,"Tableau, SQL, Excel"
1630,Simran Reddy,Female,37,3.9,B.Sc,Hyderabad,"Tableau, SQL, Excel"
1631,Simran Sharma,Female,31,1.0,B.Tech,Noida,"Machine Learning, Python, NLP"
1632,Ankit Joshi,Female,33,3.9,B.E.,Delhi,"Java, Spring Boot, SQL"
1633,Kavya Patel,Female,23,7.3,M.Com,Kolkata,"SQL, Power BI, Excel"
1634,Ananya Kumar,Male,37,2.6,MCA,Gurgaon,"Tableau, SQL, Excel"
1635,Sneha Kapoor,Female,29,10.6,MBA,Noida,"Excel, Power BI, SQL"
1636,Kavya Nair,Female,35,7.8,B.Tech,Pune,"Python, Django, PostgreSQL"
1637,Akash Kapoor,Female,33,8.5,M.Com,Chennai,"AWS, Python, SQL"
1638,Arjun Malhotra,Male,38,10.4,MCA,Pune,"React, JavaScript, HTML, CSS"
1639,Rahul Singh,Female,28,11.4,M.Tech,Chennai,"React, JavaScript, HTML, CSS"
1640,Kavya Shah,Male,25,9.8,M.Tech,Hyderabad,"Python, SQL, Pandas"
1641,Meera Shah,Female,23,7.9,MBA,Ahmedabad,"Tableau, SQL, Excel"
1642,Simran Mishra,Male,34,4.8,MCA,Ahmedabad,"Excel, Power BI, SQL"
1643,Arjun Kapoor,Male,34,10.3,M.Tech,Mumbai,"Java, Spring Boot, SQL"
1644,Ankit Gupta,Male,26,6.3,B.Tech,Gurgaon,"Java, Spring Boot, SQL"
1645,Akash Nair,Male,36,3.0,B.E.,Chennai,"SQL, Power BI, Excel"
1646,Ankit Patel,Female,34,5.4,M.Tech,Chennai,"Java, Spring Boot, SQL"
1647,Aarav Kapoor,Other,29,0.1,M.Tech,Pune,"Machine Learning, Python, NLP"
1648,Priya Sharma,Male,23,9.6,M.Com,Chennai,"Java, Spring Boot, SQL"
1649,Simran Singh,Male,29,10.3,B.Sc,Chennai,"Java, Spring Boot, SQL"
1650,Arjun Verma,Male,28,2.3,B.E.,Gurgaon,"Python, SQL, Pandas"
1651,Ananya Verma,Male,22,5.0,M.Com,Chennai,"Excel, Power BI, SQL"
1652,Sneha Nair,Male,29,4.2,B.Sc,Hyderabad,"Tableau, SQL, Excel"
1653,Arjun Patel,Male,23,4.3,M.Com,Kolkata,"Python, Django, PostgreSQL"
1654,Pooja Patel,Other,37,10.1,MCA,Chennai,"SQL, Power BI, Excel"
1655,Isha Nair,Female,25,3.7,B.E.,Hyderabad,"Tableau, SQL, Excel"
1656,Akash Kumar,Female,29,9.2,B.Sc,Bangalore,"SQL, Power BI, Excel"
1657,Aarav Mehta,Male,38,8.3,M.Tech,Delhi,"Tableau, SQL, Excel"
1658,Riya Malhotra,Female,22,4.3,B.E.,Gurgaon,"Excel, Power BI, SQL"
1659,Rohan Nair,Female,35,6.5,B.E.,Kolkata,"Machine Learning, Python, NLP"
1660,Varun Sharma,Female,22,8.5,B.Sc,Gurgaon,"Excel, Power BI, SQL"
1661,Pooja Joshi,Male,29,5.0,M.Com,Gurgaon,"Python, Django, PostgreSQL"
1662,Kavya Patel,Male,28,9.3,B.Sc,Hyderabad,"Excel, Power BI, SQL"
1663,Ankit Agarwal,Female,29,11.5,M.Com,Noida,"AWS, Python, SQL"
1664,Kavya Sharma,Male,22,5.5,B.Tech,Mumbai,"Python, Django, PostgreSQL"
1665,Varun Verma,Female,34,9.7,MBA,Pune,"Python, Django, PostgreSQL"
1666,Priya Kapoor,Female,34,4.4,B.E.,Hyderabad,"SQL, Power BI, Excel"
1667,Aditya Sharma,Male,36,4.4,B.Sc,Ahmedabad,"SQL, Power BI, Excel"
1668,Aditya Sharma,Male,38,6.7,B.Sc,Gurgaon,"AWS, Python, SQL"
1669,Riya Verma,Female,34,4.2,B.Tech,Hyderabad,"Java, Spring Boot, SQL"
1670,Sneha Nair,Male,34,3.9,B.E.,Hyderabad,"Machine Learning, Python, NLP"
1671,Varun Malhotra,Female,28,6.3,B.Tech,Hyderabad,"Excel, Power BI, SQL"
1672,Akash Singh,Female,31,9.6,B.Tech,Delhi,"Python, Django, PostgreSQL"
1673,Neha Patel,Male,25,4.7,B.Sc,Hyderabad,"Python, SQL, Pandas"
1674,Varun Mehta,Male,28,7.0,M.Tech,Ahmedabad,"Tableau, SQL, Excel"
1675,Varun Joshi,Female,36,1.8,MCA,Kolkata,"React, JavaScript, HTML, CSS"
1676,Isha Gupta,Male,37,2.2,MBA,Pune,"Tableau, SQL, Excel"
1677,Ankit Mishra,Male,27,7.7,MBA,Gurgaon,"AWS, Python, SQL"
1678,Vivaan Malhotra,Other,36,8.4,MBA,Delhi,"AWS, Python, SQL"
1679,Sneha Nair,Female,33,5.3,MCA,Mumbai,"Python, Machine Learning, SQL"
1680,Akash Malhotra,Male,30,7.6,B.Tech,Hyderabad,"React, JavaScript, HTML, CSS"
1681,Varun Kumar,Female,29,4.1,MBA,Noida,"Python, SQL, Pandas"
1682,Varun Sharma,Female,27,0.2,MBA,Bangalore,"AWS, Python, SQL"
1683,Rahul Malhotra,Female,27,7.9,M.Com,Delhi,"AWS, Python, SQL"
1684,Aditya Verma,Female,31,9.1,B.Sc,Delhi,"AWS, Python, SQL"
1685,Rohan Kumar,Female,23,1.9,MBA,Noida,"Java, Spring Boot, SQL"
1686,Varun Verma,Male,39,11.5,B.E.,Gurgaon,"Machine Learning, Python, NLP"
1687,Rahul Shah,Male,33,10.2,MBA,Delhi,"React, JavaScript, HTML, CSS"
1688,Sneha Gupta,Other,38,6.1,MCA,Gurgaon,"Excel, Power BI, SQL"
1689,Isha Kumar,Female,28,10.3,B.Tech,Kolkata,"Python, SQL, Pandas"
1690,Simran Singh,Male,36,7.0,B.E.,Mumbai,"SQL, Power BI, Excel"
1691,Sneha Reddy,Female,29,10.3,B.Sc,Noida,"React, JavaScript, HTML, CSS"
1692,Neha Singh,Female,24,9.8,MCA,Mumbai,"Python, Django, PostgreSQL"
1693,Kavya Kapoor,Male,37,5.2,M.Com,Gurgaon,"SQL, Power BI, Excel"
1694,Simran Verma,Female,34,10.2,B.E.,Kolkata,"SQL, Power BI, Excel"
1695,Pooja Nair,Female,32,8.9,MBA,Pune,"Python, Machine Learning, SQL"
1696,Simran Mishra,Female,26,11.5,MBA,Delhi,"SQL, Power BI, Excel"
1697,Aditya Patel,Male,23,8.3,B.Sc,Noida,"Java, Spring Boot, SQL"
1698,Aarav Verma,Female,33,1.1,MCA,Delhi,"AWS, Python, SQL"
1699,Pooja Kapoor,Male,37,5.9,B.E.,Delhi,"Excel, Power BI, SQL"
1700,Simran Mehta,Female,30,9.5,M.Tech,Hyderabad,"AWS, Python, SQL"
1701,Arjun Singh,Male,28,11.2,MBA,Ahmedabad,"Python, Django, PostgreSQL"
1702,Riya Gupta,Male,38,0.7,M.Tech,Mumbai,"SQL, Power BI, Excel"
1703,Riya Nair,Male,33,5.0,B.E.,Delhi,"Excel, Power BI, SQL"
1704,Varun Sharma,Female,39,3.1,M.Tech,Ahmedabad,"Python, Machine Learning, SQL"
1705,Ankit Mehta,Female,27,0.7,MCA,Kolkata,"Java, Spring Boot, SQL"
1706,Ananya Joshi,Male,29,3.7,B.E.,Bangalore,"SQL, Power BI, Excel"
1707,Aditya Malhotra,Male,23,10.9,B.Sc,Gurgaon,"Java, Spring Boot, SQL"
1708,Neha Gupta,Female,25,8.4,MCA,Mumbai,"Java, Spring Boot, SQL"
1709,Vivaan Verma,Male,25,5.8,M.Com,Kolkata,"SQL, Power BI, Excel"
1710,Rahul Agarwal,Female,37,11.4,B.Sc,Bangalore,"Python, Django, PostgreSQL"
1711,Arjun Joshi,Male,34,10.6,M.Tech,Kolkata,"Java, Spring Boot, SQL"
1712,Rahul Reddy,Female,32,4.3,MCA,Noida,"Python, Django, PostgreSQL"
1713,Arjun Nair,Male,25,9.6,B.Sc,Noida,"Tableau, SQL, Excel"
1714,Sneha Patel,Female,27,4.3,M.Com,Delhi,"React, JavaScript, HTML, CSS"
1715,Simran Agarwal,Female,39,11.0,B.Tech,Kolkata,"Python, Machine Learning, SQL"
1716,Neha Nair,Male,23,8.1,B.E.,Gurgaon,"Java, Spring Boot, SQL"
1717,Riya Shah,Male,30,10.3,MCA,Hyderabad,"Machine Learning, Python, NLP"
1718,Ananya Nair,Female,24,10.9,M.Tech,Delhi,"React, JavaScript, HTML, CSS"
1719,Vivaan Patel,Male,21,10.0,B.Sc,Bangalore,"Excel, Power BI, SQL"
1720,Simran Mishra,Male,32,9.6,M.Tech,Chennai,"Java, Spring Boot, SQL"
1721,Priya Malhotra,Other,30,8.3,M.Com,Noida,"Tableau, SQL, Excel"
1722,Vivaan Agarwal,Female,32,5.9,MCA,Noida,"Python, SQL, Pandas"
1723,Riya Mishra,Male,21,10.4,M.Com,Kolkata,"Machine Learning, Python, NLP"
1724,Arjun Sharma,Female,25,4.5,B.Tech,Ahmedabad,"Python, SQL, Pandas"
1725,Rahul Mishra,Female,25,7.8,B.E.,Gurgaon,"React, JavaScript, HTML, CSS"
1726,Rahul Verma,Female,24,11.6,B.E.,Kolkata,"SQL, Power BI, Excel"
1727,Isha Nair,Female,24,6.6,M.Com,Delhi,"Python, Django, PostgreSQL"
1728,Akash Mishra,Female,24,5.6,B.Sc,Mumbai,"Python, Machine Learning, SQL"
1729,Ankit Sharma,Female,29,8.8,MCA,Delhi,"Python, Machine Learning, SQL"
1730,Meera Reddy,Female,39,11.9,MCA,Hyderabad,"Python, Django, PostgreSQL"
1731,Rahul Agarwal,Male,26,3.8,MBA,Delhi,"Python, Machine Learning, SQL"
1732,Varun Verma,Female,36,5.6,B.Tech,Hyderabad,"Python, Machine Learning, SQL"
1733,Rohan Kapoor,Female,33,9.8,B.Tech,Pune,"Python, Django, PostgreSQL"
1734,Arjun Singh,Male,39,7.8,B.Sc,Pune,"React, JavaScript, HTML, CSS"
1735,Rahul Shah,Male,34,10.2,MCA,Mumbai,"Python, Django, PostgreSQL"
1736,Neha Gupta,Female,26,6.8,M.Tech,Pune,"SQL, Power BI, Excel"
1737,Varun Agarwal,Female,37,2.5,MCA,Pune,"Excel, Power BI, SQL"
1738,Kavya Verma,Male,39,10.3,M.Com,Gurgaon,"React, JavaScript, HTML, CSS"
1739,Pooja Patel,Female,35,5.0,M.Com,Pune,"SQL, Power BI, Excel"
1740,Ananya Patel,Female,36,7.0,MCA,Delhi,"Machine Learning, Python, NLP"
1741,Ankit Kumar,Female,37,2.5,M.Com,Kolkata,"Python, SQL, Pandas"
1742,Priya Joshi,Female,30,6.7,M.Com,Chennai,"Tableau, SQL, Excel"
1743,Sneha Reddy,Female,29,7.6,M.Com,Chennai,"Machine Learning, Python, NLP"
1744,Ankit Mehta,Other,35,6.4,B.E.,Chennai,"Excel, Power BI, SQL"
1745,Akash Joshi,Female,32,4.2,M.Tech,Pune,"Python, Django, PostgreSQL"
1746,Aarav Kapoor,Male,24,8.9,MBA,Mumbai,"Python, Django, PostgreSQL"
1747,Sneha Verma,Male,33,9.8,B.Tech,Chennai,"SQL, Power BI, Excel"
1748,Isha Singh,Female,36,12.0,M.Tech,Hyderabad,"SQL, Power BI, Excel"
1749,Vivaan Agarwal,Male,33,3.0,B.Tech,Pune,"SQL, Power BI, Excel"
1750,Ankit Reddy,Male,37,5.1,B.E.,Kolkata,"Excel, Power BI, SQL"
1751,Rahul Kapoor,Male,33,10.1,MCA,Ahmedabad,"Machine Learning, Python, NLP"
1752,Kavya Sharma,Male,33,2.2,M.Com,Pune,"AWS, Python, SQL"
1753,Riya Gupta,Male,25,7.1,B.Sc,Chennai,"React, JavaScript, HTML, CSS"
1754,Isha Kumar,Female,31,8.6,MBA,Bangalore,"Python, Django, PostgreSQL"
1755,Karan Agarwal,Female,21,4.4,B.Sc,Gurgaon,"Python, Django, PostgreSQL"
1756,Rohan Reddy,Male,37,6.6,B.Sc,Ahmedabad,"Java, Spring Boot, SQL"
1757,Priya Malhotra,Male,25,11.2,MCA,Ahmedabad,"Machine Learning, Python, NLP"
1758,Pooja Kapoor,Female,33,5.2,B.Sc,Delhi,"Excel, Power BI, SQL"
1759,Riya Reddy,Male,34,11.6,MCA,Noida,"Machine Learning, Python, NLP"
1760,Karan Patel,Male,35,7.4,B.Sc,Chennai,"React, JavaScript, HTML, CSS"
1761,Vivaan Mehta,Male,38,0.5,M.Com,Gurgaon,"Tableau, SQL, Excel"
1762,Kavya Agarwal,Female,21,4.2,MCA,Hyderabad,"SQL, Power BI, Excel"
1763,Ankit Verma,Female,34,0.6,B.E.,Bangalore,"Python, Django, PostgreSQL"
1764,Isha Singh,Female,28,6.1,B.E.,Noida,"Tableau, SQL, Excel"
1765,Riya Gupta,Female,35,1.6,B.Sc,Bangalore,"Python, Django, PostgreSQL"
1766,Vivaan Sharma,Female,25,0.2,B.E.,Mumbai,"Python, Machine Learning, SQL"
1767,Aditya Sharma,Female,34,9.9,B.Tech,Hyderabad,"Python, SQL, Pandas"
1768,Kavya Kapoor,Female,28,1.9,B.E.,Kolkata,"Machine Learning, Python, NLP"
1769,Ankit Kapoor,Male,32,9.6,B.Sc,Bangalore,"Python, Machine Learning, SQL"
1770,Priya Reddy,Female,25,4.7,B.Tech,Hyderabad,"Python, Machine Learning, SQL"
1771,Ankit Kapoor,Male,35,9.4,M.Com,Noida,"Machine Learning, Python, NLP"
1772,Varun Verma,Male,31,4.5,M.Com,Delhi,"AWS, Python, SQL"
1773,Aarav Reddy,Other,37,11.1,B.E.,Chennai,"Machine Learning, Python, NLP"
1774,Varun Singh,Male,32,3.3,MCA,Delhi,"Java, Spring Boot, SQL"
1775,Riya Kapoor,Male,37,4.6,MCA,Delhi,"Machine Learning, Python, NLP"
1776,Aarav Mehta,Male,24,5.2,M.Com,Mumbai,"Python, Machine Learning, SQL"
1777,Priya Joshi,Female,35,8.8,M.Com,Hyderabad,"Python, Django, PostgreSQL"
1778,Karan Mehta,Male,29,5.1,M.Tech,Pune,"Machine Learning, Python, NLP"
1779,Rohan Agarwal,Female,27,10.1,B.E.,Kolkata,"Java, Spring Boot, SQL"
1780,Rahul Mehta,Female,21,5.0,B.Sc,Ahmedabad,"Tableau, SQL, Excel"
1781,Neha Gupta,Female,23,8.4,B.E.,Bangalore,"Java, Spring Boot, SQL"
1782,Rahul Verma,Male,28,1.2,M.Tech,Hyderabad,"React, JavaScript, HTML, CSS"
1783,Meera Shah,Other,38,11.6,B.Tech,Chennai,"SQL, Power BI, Excel"
1784,Pooja Patel,Female,39,3.6,M.Com,Delhi,"Python, SQL, Pandas"
1785,Aditya Mishra,Male,23,4.7,B.E.,Kolkata,"Excel, Power BI, SQL"
1786,Karan Shah,Male,28,7.8,M.Tech,Mumbai,"Python, SQL, Pandas"
1787,Meera Agarwal,Male,29,3.4,M.Com,Bangalore,"React, JavaScript, HTML, CSS"
1788,Ananya Agarwal,Female,26,10.3,B.E.,Hyderabad,"Python, Machine Learning, SQL"
1789,Akash Nair,Female,30,2.2,MBA,Bangalore,"Excel, Power BI, SQL"
1790,Rahul Mishra,Female,35,5.0,M.Com,Pune,"Python, Django, PostgreSQL"
1791,Arjun Gupta,Female,30,6.9,M.Tech,Kolkata,"React, JavaScript, HTML, CSS"
1792,Riya Singh,Female,30,4.2,MCA,Delhi,"Python, SQL, Pandas"
1793,Riya Reddy,Male,21,12.0,M.Tech,Hyderabad,"AWS, Python, SQL"
1794,Isha Kumar,Male,29,6.0,M.Com,Ahmedabad,"SQL, Power BI, Excel"
1795,Vivaan Kumar,Male,34,7.5,M.Com,Ahmedabad,"Java, Spring Boot, SQL"
1796,Rohan Sharma,Male,33,6.1,M.Com,Mumbai,"SQL, Power BI, Excel"
1797,Aarav Verma,Female,28,3.0,M.Com,Bangalore,"Python, SQL, Pandas"
1798,Priya Joshi,Male,28,9.4,MBA,Delhi,"AWS, Python, SQL"
1799,Varun Patel,Female,27,7.1,M.Com,Kolkata,"Tableau, SQL, Excel"
1800,Arjun Agarwal,Female,35,5.5,M.Tech,Mumbai,"Tableau, SQL, Excel"
1801,Pooja Singh,Female,26,10.4,M.Com,Noida,"Excel, Power BI, SQL"
1802,Karan Shah,Female,34,9.1,B.Tech,Pune,"SQL, Power BI, Excel"
1803,Meera Mehta,Male,29,3.0,B.E.,Chennai,"AWS, Python, SQL"
1804,Arjun Malhotra,Male,23,7.1,M.Com,Pune,"Machine Learning, Python, NLP"
1805,Karan Sharma,Male,27,0.4,MCA,Delhi,"Machine Learning, Python, NLP"
1806,Riya Reddy,Female,34,5.9,B.E.,Kolkata,"Excel, Power BI, SQL"
1807,Karan Nair,Female,38,8.0,M.Tech,Hyderabad,"Python, Django, PostgreSQL"
1808,Ankit Mishra,Other,28,5.8,MBA,Hyderabad,"Java, Spring Boot, SQL"
1809,Neha Verma,Male,35,3.1,MBA,Noida,"Tableau, SQL, Excel"
1810,Neha Malhotra,Female,33,10.7,B.Tech,Pune,"Python, Machine Learning, SQL"
1811,Aditya Reddy,Male,26,10.3,B.E.,Pune,"Tableau, SQL, Excel"
1812,Aditya Kumar,Female,38,8.4,M.Com,Noida,"Python, SQL, Pandas"
1813,Arjun Mehta,Male,27,6.9,B.E.,Ahmedabad,"SQL, Power BI, Excel"
1814,Aarav Patel,Male,36,11.1,B.E.,Ahmedabad,"Python, Django, PostgreSQL"
1815,Neha Kumar,Male,32,8.3,M.Tech,Kolkata,"Python, SQL, Pandas"
1816,Aarav Mehta,Female,31,10.6,B.E.,Ahmedabad,"Excel, Power BI, SQL"
1817,Varun Patel,Female,38,9.8,B.E.,Delhi,"SQL, Power BI, Excel"
1818,Arjun Singh,Female,37,12.0,MBA,Gurgaon,"React, JavaScript, HTML, CSS"
1819,Akash Reddy,Female,26,6.9,M.Tech,Bangalore,"Python, Machine Learning, SQL"
1820,Aditya Mishra,Male,33,1.7,B.Tech,Gurgaon,"Python, SQL, Pandas"
1821,Pooja Verma,Male,37,6.9,B.Tech,Mumbai,"SQL, Power BI, Excel"
1822,Akash Reddy,Male,26,0.7,B.Tech,Gurgaon,"Excel, Power BI, SQL"
1823,Priya Joshi,Male,36,3.4,B.E.,Hyderabad,"Tableau, SQL, Excel"
1824,Karan Mishra,Male,31,11.6,MBA,Delhi,"Python, SQL, Pandas"
1825,Karan Kumar,Female,35,4.0,MBA,Hyderabad,"SQL, Power BI, Excel"
1826,Aarav Verma,Male,23,1.4,MCA,Mumbai,"Tableau, SQL, Excel"
1827,Ananya Sharma,Female,22,8.3,MBA,Pune,"Java, Spring Boot, SQL"
1828,Priya Joshi,Female,23,0.7,M.Tech,Mumbai,"React, JavaScript, HTML, CSS"
1829,Varun Sharma,Male,22,6.0,M.Com,Pune,"React, JavaScript, HTML, CSS"
1830,Riya Singh,Female,33,7.5,MBA,Gurgaon,"Python, Django, PostgreSQL"
1831,Ananya Reddy,Male,39,7.1,MCA,Delhi,"Java, Spring Boot, SQL"
1832,Aarav Mehta,Male,35,0.5,M.Com,Bangalore,"Java, Spring Boot, SQL"
1833,Priya Mishra,Male,21,7.0,B.Tech,Bangalore,"SQL, Power BI, Excel"
1834,Sneha Kumar,Female,24,8.3,MCA,Delhi,"Python, Django, PostgreSQL"
1835,Karan Shah,Female,37,8.5,B.Sc,Bangalore,"React, JavaScript, HTML, CSS"
1836,Pooja Nair,Other,22,2.7,M.Com,Kolkata,"React, JavaScript, HTML, CSS"
1837,Meera Singh,Female,32,2.6,MBA,Gurgaon,"Python, SQL, Pandas"
1838,Meera Kapoor,Female,25,10.4,B.Tech,Hyderabad,"Tableau, SQL, Excel"
1839,Ananya Sharma,Male,34,8.8,B.Sc,Delhi,"Python, SQL, Pandas"
1840,Priya Nair,Male,22,1.6,M.Tech,Bangalore,"Python, SQL, Pandas"
1841,Ankit Agarwal,Female,24,6.9,MBA,Delhi,"Python, Django, PostgreSQL"
1842,Arjun Gupta,Male,27,9.1,M.Tech,Hyderabad,"Python, Django, PostgreSQL"
1843,Vivaan Mishra,Female,36,3.7,M.Tech,Chennai,"Java, Spring Boot, SQL"
1844,Pooja Agarwal,Male,33,3.5,B.E.,Noida,"Excel, Power BI, SQL"
1845,Isha Agarwal,Female,38,5.5,B.E.,Kolkata,"Excel, Power BI, SQL"
1846,Karan Agarwal,Female,34,1.1,B.Tech,Noida,"Python, Django, PostgreSQL"
1847,Varun Sharma,Female,35,6.3,M.Com,Noida,"Python, Machine Learning, SQL"
1848,Meera Nair,Female,28,3.5,M.Com,Kolkata,"Java, Spring Boot, SQL"
1849,Sneha Verma,Male,28,6.8,B.Sc,Chennai,"Python, Django, PostgreSQL"
1850,Aarav Shah,Female,33,7.0,B.Sc,Hyderabad,"Python, Django, PostgreSQL"
1851,Vivaan Singh,Female,36,4.8,MBA,Kolkata,"Python, Django, PostgreSQL"
1852,Priya Shah,Male,21,10.6,B.Tech,Mumbai,"Python, SQL, Pandas"
1853,Meera Joshi,Female,24,2.0,M.Com,Gurgaon,"Excel, Power BI, SQL"
1854,Aarav Sharma,Female,21,6.7,B.E.,Pune,"Python, Django, PostgreSQL"
1855,Sneha Gupta,Male,29,4.0,M.Tech,Delhi,"Java, Spring Boot, SQL"
1856,Arjun Malhotra,Female,31,0.8,B.E.,Pune,"Machine Learning, Python, NLP"
1857,Karan Gupta,Female,32,8.8,M.Com,Pune,"Python, Django, PostgreSQL"
1858,Isha Kapoor,Female,31,2.4,MCA,Kolkata,"SQL, Power BI, Excel"
1859,Priya Malhotra,Female,36,6.8,M.Com,Mumbai,"AWS, Python, SQL"
1860,Arjun Reddy,Male,30,5.4,MCA,Noida,"Python, Django, PostgreSQL"
1861,Riya Gupta,Female,27,5.3,B.Sc,Pune,"Java, Spring Boot, SQL"
1862,Varun Mishra,Male,34,11.0,M.Tech,Bangalore,"React, JavaScript, HTML, CSS"
1863,Meera Patel,Female,28,1.2,MCA,Noida,"React, JavaScript, HTML, CSS"
1864,Riya Mishra,Male,34,8.3,B.E.,Delhi,"Java, Spring Boot, SQL"
1865,Rohan Joshi,Female,22,0.5,MBA,Pune,"Excel, Power BI, SQL"
1866,Aarav Patel,Female,32,10.5,B.Tech,Pune,"Machine Learning, Python, NLP"
1867,Kavya Sharma,Female,24,10.1,B.Tech,Mumbai,"AWS, Python, SQL"
1868,Akash Singh,Female,29,8.0,M.Com,Noida,"Java, Spring Boot, SQL"
1869,Ankit Kumar,Male,26,8.7,B.Tech,Ahmedabad,"Java, Spring Boot, SQL"
1870,Karan Singh,Female,35,11.5,MBA,Chennai,"Excel, Power BI, SQL"
1871,Ankit Kumar,Female,27,6.6,MCA,Gurgaon,"AWS, Python, SQL"
1872,Meera Agarwal,Female,21,9.3,B.Sc,Noida,"Tableau, SQL, Excel"
1873,Akash Nair,Female,25,9.5,MBA,Bangalore,"AWS, Python, SQL"
1874,Sneha Joshi,Female,29,3.2,B.Tech,Ahmedabad,"Machine Learning, Python, NLP"
1875,Vivaan Reddy,Male,38,8.1,MBA,Chennai,"Python, Machine Learning, SQL"
1876,Isha Kapoor,Male,31,8.4,B.E.,Bangalore,"Python, Django, PostgreSQL"
1877,Aarav Kapoor,Female,26,6.5,M.Tech,Delhi,"Excel, Power BI, SQL"
1878,Vivaan Agarwal,Female,27,10.1,B.Sc,Delhi,"Java, Spring Boot, SQL"
1879,Kavya Gupta,Female,35,7.7,B.Sc,Ahmedabad,"Machine Learning, Python, NLP"
1880,Meera Shah,Female,34,9.7,B.Tech,Hyderabad,"Machine Learning, Python, NLP"
1881,Rahul Kumar,Female,25,2.5,B.Sc,Gurgaon,"Python, Machine Learning, SQL"
1882,Simran Sharma,Male,32,4.8,MCA,Ahmedabad,"Python, SQL, Pandas"
1883,Rahul Verma,Male,39,3.0,B.Tech,Delhi,"Excel, Power BI, SQL"
1884,Priya Patel,Male,38,5.3,MBA,Noida,"AWS, Python, SQL"
1885,Varun Sharma,Female,38,2.4,B.Sc,Delhi,"Python, SQL, Pandas"
1886,Varun Singh,Female,29,7.6,B.Sc,Pune,"Machine Learning, Python, NLP"
1887,Aditya Verma,Female,25,2.1,B.E.,Bangalore,"Java, Spring Boot, SQL"
1888,Riya Kapoor,Male,34,9.6,B.Sc,Mumbai,"Java, Spring Boot, SQL"
1889,Aarav Gupta,Male,21,11.4,MCA,Hyderabad,"Excel, Power BI, SQL"
1890,Karan Kumar,Other,33,4.1,B.Sc,Kolkata,"Java, Spring Boot, SQL"
1891,Neha Kumar,Female,21,11.7,B.E.,Delhi,"Java, Spring Boot, SQL"
1892,Neha Singh,Female,22,7.6,B.Tech,Kolkata,"SQL, Power BI, Excel"
1893,Ankit Sharma,Male,31,2.8,M.Tech,Kolkata,"Python, SQL, Pandas"
1894,Vivaan Gupta,Male,30,11.5,B.E.,Kolkata,"React, JavaScript, HTML, CSS"
1895,Aarav Gupta,Female,37,9.3,B.Tech,Chennai,"Python, SQL, Pandas"
1896,Ankit Singh,Female,35,8.1,B.Sc,Noida,"Tableau, SQL, Excel"
1897,Sneha Verma,Male,38,10.1,B.E.,Chennai,"SQL, Power BI, Excel"
1898,Aarav Agarwal,Female,32,9.6,M.Tech,Chennai,"React, JavaScript, HTML, CSS"
1899,Meera Shah,Male,38,4.4,M.Com,Noida,"Tableau, SQL, Excel"
1900,Ananya Kapoor,Male,21,1.3,M.Tech,Pune,"AWS, Python, SQL"
1901,Simran Singh,Male,37,9.9,B.Tech,Ahmedabad,"Python, SQL, Pandas"
1902,Meera Shah,Male,27,2.3,MCA,Bangalore,"AWS, Python, SQL"
1903,Kavya Mishra,Male,28,9.7,M.Com,Pune,"Machine Learning, Python, NLP"
1904,Neha Mehta,Female,33,1.6,M.Tech,Pune,"Python, Django, PostgreSQL"
1905,Kavya Agarwal,Female,29,7.0,B.Sc,Hyderabad,"Python, SQL, Pandas"
1906,Karan Reddy,Female,39,11.8,B.Tech,Kolkata,"SQL, Power BI, Excel"
1907,Sneha Joshi,Male,26,0.9,B.Tech,Chennai,"SQL, Power BI, Excel"
1908,Aarav Reddy,Male,37,5.8,M.Tech,Bangalore,"Python, Django, PostgreSQL"
1909,Kavya Shah,Male,32,2.8,B.Sc,Hyderabad,"React, JavaScript, HTML, CSS"
1910,Neha Kapoor,Female,34,10.8,B.Tech,Mumbai,"Python, Django, PostgreSQL"
1911,Arjun Joshi,Female,36,10.3,B.Tech,Gurgaon,"Java, Spring Boot, SQL"
1912,Rahul Sharma,Male,21,0.1,M.Com,Gurgaon,"Python, Machine Learning, SQL"
1913,Aarav Sharma,Female,33,0.1,B.Tech,Chennai,"AWS, Python, SQL"
1914,Isha Patel,Female,32,11.9,B.Tech,Pune,"Machine Learning, Python, NLP"
1915,Aditya Agarwal,Female,32,0.8,B.E.,Mumbai,"SQL, Power BI, Excel"
1916,Kavya Mehta,Female,29,11.2,M.Tech,Chennai,"Python, Django, PostgreSQL"
1917,Isha Sharma,Female,29,8.1,M.Com,Delhi,"SQL, Power BI, Excel"
1918,Sneha Gupta,Male,27,2.6,B.E.,Chennai,"Tableau, SQL, Excel"
1919,Isha Gupta,Female,30,4.9,MBA,Kolkata,"Machine Learning, Python, NLP"
1920,Aditya Mehta,Female,37,6.0,B.Sc,Delhi,"Python, Django, PostgreSQL"
1921,Rohan Mehta,Male,35,3.5,MCA,Mumbai,"Java, Spring Boot, SQL"
1922,Akash Patel,Female,28,9.8,M.Com,Chennai,"React, JavaScript, HTML, CSS"
1923,Pooja Nair,Male,30,0.1,M.Com,Mumbai,"Tableau, SQL, Excel"
1924,Ankit Nair,Female,28,7.7,M.Tech,Delhi,"Excel, Power BI, SQL"
1925,Riya Reddy,Male,21,11.8,B.E.,Chennai,"Python, SQL, Pandas"
1926,Karan Gupta,Male,27,8.3,B.Sc,Gurgaon,"Python, Django, PostgreSQL"
1927,Rohan Agarwal,Male,21,10.4,B.E.,Noida,"Python, SQL, Pandas"
1928,Rohan Shah,Male,38,7.9,B.Tech,Delhi,"AWS, Python, SQL"
1929,Varun Verma,Female,22,9.7,B.E.,Gurgaon,"Python, Django, PostgreSQL"
1930,Neha Shah,Male,29,7.3,M.Com,Mumbai,"Python, Django, PostgreSQL"
1931,Aarav Shah,Male,28,11.5,MBA,Delhi,"React, JavaScript, HTML, CSS"
1932,Arjun Sharma,Male,23,8.3,MBA,Ahmedabad,"SQL, Power BI, Excel"
1933,Varun Shah,Female,26,6.6,B.Tech,Bangalore,"Python, SQL, Pandas"
1934,Arjun Patel,Female,21,8.2,B.Sc,Bangalore,"Tableau, SQL, Excel"
1935,Varun Kapoor,Male,32,7.2,B.Tech,Pune,"SQL, Power BI, Excel"
1936,Pooja Mishra,Female,21,3.6,B.E.,Hyderabad,"Python, Machine Learning, SQL"
1937,Simran Joshi,Male,31,1.4,M.Tech,Delhi,"Java, Spring Boot, SQL"
1938,Priya Verma,Male,36,1.3,B.Tech,Bangalore,"SQL, Power BI, Excel"
1939,Ananya Singh,Male,26,10.0,MBA,Bangalore,"Excel, Power BI, SQL"
1940,Neha Mehta,Other,38,0.8,MBA,Kolkata,"Tableau, SQL, Excel"
1941,Sneha Patel,Female,35,4.5,B.E.,Chennai,"React, JavaScript, HTML, CSS"
1942,Vivaan Kapoor,Female,33,2.8,B.Tech,Kolkata,"Python, SQL, Pandas"
1943,Sneha Kapoor,Male,38,5.5,M.Tech,Chennai,"AWS, Python, SQL"
1944,Priya Mishra,Female,24,2.7,M.Com,Mumbai,"Python, Machine Learning, SQL"
1945,Sneha Malhotra,Female,23,3.6,MCA,Kolkata,"AWS, Python, SQL"
1946,Aarav Gupta,Male,32,7.3,B.Tech,Mumbai,"Tableau, SQL, Excel"
1947,Simran Kumar,Male,29,5.2,MCA,Noida,"SQL, Power BI, Excel"
1948,Karan Kumar,Male,22,0.8,B.Sc,Noida,"Excel, Power BI, SQL"
1949,Vivaan Gupta,Female,25,3.9,M.Tech,Mumbai,"SQL, Power BI, Excel"
1950,Meera Verma,Male,34,9.2,M.Tech,Ahmedabad,"React, JavaScript, HTML, CSS"
1951,Vivaan Kumar,Female,35,5.6,MCA,Delhi,"Machine Learning, Python, NLP"
1952,Simran Reddy,Male,27,11.9,M.Com,Pune,"SQL, Power BI, Excel"
1953,Arjun Sharma,Male,35,5.6,B.Sc,Pune,"Java, Spring Boot, SQL"
1954,Ananya Verma,Female,35,2.8,B.Tech,Hyderabad,"React, JavaScript, HTML, CSS"
1955,Akash Mishra,Male,36,4.8,M.Tech,Pune,"React, JavaScript, HTML, CSS"
1956,Ankit Nair,Female,33,0.9,MBA,Chennai,"AWS, Python, SQL"
1957,Rahul Reddy,Male,33,7.3,B.Tech,Noida,"Java, Spring Boot, SQL"
1958,Ankit Kapoor,Male,39,1.4,M.Tech,Kolkata,"AWS, Python, SQL"
1959,Varun Malhotra,Female,31,3.5,B.Sc,Mumbai,"AWS, Python, SQL"
1960,Aarav Gupta,Female,34,9.3,B.E.,Chennai,"React, JavaScript, HTML, CSS"
1961,Kavya Nair,Male,34,11.6,B.Tech,Noida,"Python, Django, PostgreSQL"
1962,Simran Nair,Male,31,0.4,B.Sc,Noida,"Python, Machine Learning, SQL"
1963,Simran Singh,Male,23,0.9,MBA,Noida,"Python, Django, PostgreSQL"
1964,Aditya Mehta,Female,28,5.9,M.Com,Kolkata,"SQL, Power BI, Excel"
1965,Riya Shah,Male,26,5.3,M.Com,Noida,"Python, SQL, Pandas"
1966,Simran Gupta,Male,24,1.5,B.Tech,Noida,"Python, Machine Learning, SQL"
1967,Kavya Sharma,Female,34,9.3,B.Sc,Delhi,"Python, Django, PostgreSQL"
1968,Ankit Kumar,Male,30,11.8,MCA,Bangalore,"Java, Spring Boot, SQL"
1969,Karan Mehta,Female,32,7.7,B.Tech,Hyderabad,"Python, Django, PostgreSQL"
1970,Aditya Patel,Male,29,5.7,MBA,Gurgaon,"React, JavaScript, HTML, CSS"
1971,Rahul Gupta,Female,31,6.8,M.Tech,Hyderabad,"React, JavaScript, HTML, CSS"
1972,Varun Nair,Female,27,8.6,B.Tech,Kolkata,"Machine Learning, Python, NLP"
1973,Vivaan Patel,Female,34,4.1,M.Com,Pune,"Python, Django, PostgreSQL"
1974,Riya Verma,Male,28,7.0,M.Tech,Gurgaon,"Excel, Power BI, SQL"
1975,Aarav Patel,Male,23,10.1,B.Tech,Kolkata,"Java, Spring Boot, SQL"
1976,Vivaan Gupta,Female,27,8.0,B.Sc,Chennai,"Java, Spring Boot, SQL"
1977,Rahul Mishra,Female,30,5.8,M.Com,Pune,"SQL, Power BI, Excel"
1978,Rahul Shah,Male,22,9.0,MCA,Noida,"Python, Django, PostgreSQL"
1979,Isha Mishra,Male,35,4.8,MBA,Chennai,"Python, SQL, Pandas"
1980,Arjun Kumar,Female,34,2.6,M.Tech,Delhi,"AWS, Python, SQL"
1981,Varun Kumar,Female,29,8.7,B.Tech,Hyderabad,"Python, Django, PostgreSQL"
1982,Simran Gupta,Female,31,9.0,B.Tech,Kolkata,"SQL, Power BI, Excel"
1983,Aditya Reddy,Female,23,9.6,B.Sc,Chennai,"Excel, Power BI, SQL"
1984,Varun Nair,Female,30,11.0,B.Sc,Delhi,"Python, SQL, Pandas"
1985,Priya Nair,Male,32,6.7,B.Tech,Pune,"Java, Spring Boot, SQL"
1986,Priya Shah,Female,23,8.8,B.E.,Mumbai,"Python, SQL, Pandas"
1987,Varun Verma,Male,23,6.7,M.Com,Mumbai,"Tableau, SQL, Excel"
1988,Simran Verma,Male,22,8.8,MBA,Delhi,"React, JavaScript, HTML, CSS"
1989,Neha Malhotra,Female,26,6.8,B.Tech,Kolkata,"Python, SQL, Pandas"
1990,Kavya Reddy,Male,28,1.1,M.Com,Chennai,"Java, Spring Boot, SQL"
1991,Aarav Nair,Male,35,10.0,B.Sc,Ahmedabad,"React, JavaScript, HTML, CSS"
1992,Rohan Patel,Female,34,10.5,B.E.,Noida,"Python, SQL, Pandas"
1993,Arjun Gupta,Male,25,7.4,M.Tech,Hyderabad,"Python, Django, PostgreSQL"
1994,Simran Kapoor,Male,27,3.6,B.E.,Ahmedabad,"Python, SQL, Pandas"
1995,Aditya Mishra,Female,31,2.3,B.E.,Chennai,"Machine Learning, Python, NLP"
1996,Rohan Reddy,Female,35,7.5,M.Com,Hyderabad,"React, JavaScript, HTML, CSS"
1997,Aarav Nair,Female,34,5.2,B.E.,Mumbai,"AWS, Python, SQL"
1998,Ananya Sharma,Male,25,5.9,MBA,Delhi,"AWS, Python, SQL"
1999,Aarav Mishra,Female,27,4.5,B.E.,Gurgaon,"Python, SQL, Pandas"
2000,Ankit Sharma,Female,25,9.2,MCA,Ahmedabad,"Python, Django, PostgreSQL"
